"Kod TERYT";"Powiat";"Województwo";"Komisje obwodowe otrzymały kart do głosowania";"Liczba wyborców uprawnionych do głosowania";"Nie wykorzystano kart do głosowania";"Liczba wyborców, którym wydano karty do głosowania";"Liczba wyborców głosujących przez pełnomocnika";"Liczba wyborców głosujących na podstawie zaświadczenia o prawie do głosowania";"Liczba wyborców, którym wysłano pakiety wyborcze";"Liczba otrzymanych kopert zwrotnych";"Liczba kopert zwrotnych, w których nie było oświadczenia o osobistym i tajnym oddaniu głosu";"Liczba kopert zwrotnych, w których oświadczenie nie było podpisane";"Liczba kopert zwrotnych, w których nie było koperty na kartę do głosowania";"Liczba kopert zwrotnych, w których znajdowała się niezaklejona koperta na kartę do głosowania";"Liczba kopert na kartę do głosowania wrzuconych do urny";"Liczba kart wyjętych z urny";"W tym liczba kart wyjętych z kopert na kartę do głosowania";"Liczba kart nieważnych";"Liczba kart ważnych";"Liczba głosów nieważnych";"W tym z powodu postawienia znaku „X” obok nazwiska dwóch lub większej liczby kandydatów z różnych list";"W tym z powodu niepostawienia znaku „X” obok nazwiska żadnego kandydata";"W tym z powodu postawienia znaku „X” wyłącznie obok nazwiska kandydata na liście, której rejestracja została unieważniona";"Liczba głosów ważnych oddanych łącznie na wszystkie listy kandydatów";"KOALICYJNY KOMITET WYBORCZY KOALICJA OBYWATELSKA PO .N IPL ZIELONI - ZPOW-601-6/19";"Sławomir Arkadiusz NEUMANN - nr na liście 1";"Jarosław Leszek WAŁĘSA - nr na liście 2";"Agnieszka Dominika POMASKA - nr na liście 3";"Piotr ADAMOWICZ - nr na liście 4";"Małgorzata CHMIEL - nr na liście 5";"Józef Leon SARNOWSKI - nr na liście 6";"Jerzy Stanisław BOROWCZAK - nr na liście 7";"Piotr WIDZ - nr na liście 8";"Piotr Paweł BAUĆ - nr na liście 9";"Piotr Wojciech BAGIŃSKI - nr na liście 10";"Małgorzata Joanna WÓJCIK - nr na liście 11";"Monika Katarzyna GANCAREWICZ - nr na liście 12";"Krzysztof LISEK - nr na liście 13";"Stefan Leon SKONIECZNY - nr na liście 14";"Jacek Wojciech MICHALSKI - nr na liście 15";"Beata Maria KACPROWICZ - nr na liście 16";"Jan Edward KULAS - nr na liście 17";"Alicja HANDKE-OWSIAK - nr na liście 18";"Agata Anna CZYŻEWSKA - nr na liście 19";"Natalia Zuzanna POBŁOCKA - nr na liście 20";"Mariusz ŚLEDŹ - nr na liście 21";"Lucyna MAJ - nr na liście 22";"Roman Kazimierz REZMEROWSKI - nr na liście 23";"Ewa LIEDER - nr na liście 24";"KOMITET WYBORCZY KONFEDERACJA WOLNOŚĆ I NIEPODLEGŁOŚĆ - ZPOW-601-5/19";"Michał Piotr URBANIAK - nr na liście 1";"Sylwester Zbigniew PRUŚ - nr na liście 2";"Wojciech MOJZESOWICZ - nr na liście 3";"Arkadiusz ZABOROWSKI - nr na liście 4";"Michał WELKA - nr na liście 5";"Andrzej OCHAŁ - nr na liście 6";"Monika Agnieszka WYSOKIŃSKA - nr na liście 7";"Krzysztof RABĘDA - nr na liście 8";"Anna CZARNECKA - nr na liście 9";"Barnaba Bogusz PAWEŁCZAK - nr na liście 10";"Małgorzata Maria PAPROCKA - nr na liście 11";"Dorota Magdalena PIASECKA - nr na liście 12";"Dagmara PASZKO - nr na liście 13";"Katarzyna LABUDA - nr na liście 14";"Konrad Bartłomiej SEREDYŃSKI - nr na liście 15";"Kamila Kinga BRODNICKA - nr na liście 16";"Urszula FALIŃSKA - nr na liście 17";"Agnieszka Monika LANDOWSKA - nr na liście 18";"Joanna Maria SZABLEWSKA - nr na liście 19";"Piotr Jerzy WILK - nr na liście 20";"Emilia Regina ADAMOWICZ - nr na liście 21";"Izabela Anna CHOJNACKA - nr na liście 22";"Adrian STĘPKOWSKI - nr na liście 23";"Marcin Piotr KRZYWKOWSKI - nr na liście 24";"KOMITET WYBORCZY POLSKIE STRONNICTWO LUDOWE - ZPOW-601-19/19";"Andrzej Sławomir KOBYLARZ - nr na liście 1";"Krzysztof Gabriel TRAWICKI - nr na liście 2";"Maria Urszula PAWŁOWSKA - nr na liście 3";"Adam Antoni KUCHAREK - nr na liście 4";"Leszek Józef KACZYŃSKI - nr na liście 5";"Wojciech Ireneusz SARNOWSKI - nr na liście 6";"Paweł Piotr BIERNACKI - nr na liście 7";"Wojciech CYMERYS - nr na liście 8";"Lucyna Maria TUSK - nr na liście 9";"Bartosz Kazimierz NOWAK - nr na liście 10";"Maria Jolanta DASZKIEWICZ - nr na liście 11";"Małgorzata Maria KŁOS - nr na liście 12";"Bartosz Szymon WERONIECKI - nr na liście 13";"Marianna GRAHN - nr na liście 14";"Leszek MICHALAK - nr na liście 15";"Paweł KAMIŃSKI - nr na liście 16";"Beata Agnieszka DOMBROWSKA-GRUBBA - nr na liście 17";"Bartosz Rafał HOŁUBOWSKI - nr na liście 18";"Małgorzata RYBAKOWSKA - nr na liście 19";"Andrzej MŁOT - nr na liście 20";"Krystyna PASZEK - nr na liście 21";"Janina Maria DĄBEK-STOBIERSKA - nr na liście 22";"Zbigniew Mariusz GRAJOSZEK - nr na liście 23";"Tomasz DORNIAK - nr na liście 24";"KOMITET WYBORCZY PRAWO I SPRAWIEDLIWOŚĆ - ZPOW-601-9/19";"Jarosław Daniel SELLIN - nr na liście 1";"Kacper Maciej PŁAŻYŃSKI - nr na liście 2";"Arwid Marek ŻEBROWSKI - nr na liście 3";"Jan KILIAN - nr na liście 4";"Tadeusz CYMAŃSKI - nr na liście 5";"Kazimierz SMOLIŃSKI - nr na liście 6";"Karol Kazimierz RABENDA - nr na liście 7";"Sylwia Agnieszka CELMER - nr na liście 8";"Kazimierz Marian KORALEWSKI - nr na liście 9";"Tomasz Jędrzej RAKOWSKI - nr na liście 10";"Paweł Piotr PETKOWSKI - nr na liście 11";"Anna Magdalena KEMPA - nr na liście 12";"Katarzyna Joanna SULEWSKA - nr na liście 13";"Jan Antoni WIECZOREK - nr na liście 14";"Sonia Anna GÓRNIAK - nr na liście 15";"Marcin Daniel WITTNER - nr na liście 16";"Grażyna Jadwiga STOLC - nr na liście 17";"Joanna Dorota CABAJ - nr na liście 18";"Mirosław JASIŃSKI - nr na liście 19";"Katarzyna Maria WAŃCZYK-KULPIŃSKA - nr na liście 20";"Anna BROŻEK - nr na liście 21";"Barbara IMIANOWSKA - nr na liście 22";"Filip Andrzej STANKIEWICZ - nr na liście 23";"Grzegorz RACZAK - nr na liście 24";"KOMITET WYBORCZY SOJUSZ LEWICY DEMOKRATYCZNEJ - ZPOW-601-1/19";"Beata Monika MACIEJEWSKA - nr na liście 1";"Jolanta Maria BANACH - nr na liście 2";"Łukasz KOWALCZUK - nr na liście 3";"Andrzej Stanisław ŚNIEG - nr na liście 4";"Michał Rafał PIĘKOŚ - nr na liście 5";"Iwona OCHOCKA - nr na liście 6";"Olga STROJNY - nr na liście 7";"Edward Rajmund GWOŹDŹ - nr na liście 8";"Wojciech HRYNIEWSKI - nr na liście 9";"Karolina NOWAK - nr na liście 10";"Judyta Anna KRÓL - nr na liście 11";"Igor PACEK - nr na liście 12";"Adam Ryszard HODERNY - nr na liście 13";"Ksenia GREKULAK - nr na liście 14";"Wojciech Jakub KŁOS - nr na liście 15";"Mirosław Wojciech CYGAN - nr na liście 16";"Anna Ewa STAŻEWSKA - nr na liście 17";"Lucyna Beata WADLEWSKA - nr na liście 18";"Bartosz BYLICA - nr na liście 19";"Dorota Maria MARKIEWICZ - nr na liście 20";"Marcin Krystian WICHERT - nr na liście 21";"Anna Kazimiera ŻOCHOWSKA - nr na liście 22";"Joanna Dorota SZKUDLAREK - nr na liście 23";"Romuald Wincenty KOPERSKI - nr na liście 24";"Liczba obwodów"
"220400";"gdański";"pomorskie";77547;85129;22909;54636;42;417;4;4;0;0;0;0;4;54598;4;6;54592;632;391;241;0;53960;23087;2556;6551;4235;4695;995;96;591;34;53;58;206;52;237;1862;60;44;60;62;102;71;52;115;16;284;4497;1725;589;82;134;95;63;137;156;245;35;51;51;69;147;127;42;24;40;30;194;201;61;50;149;3628;1180;263;273;77;137;73;145;20;146;45;93;133;33;22;56;83;231;26;65;69;40;54;56;308;16186;2825;9196;276;86;579;529;294;106;42;77;44;332;164;55;85;396;57;218;48;16;319;32;44;366;6562;2191;2119;251;120;177;273;167;58;65;145;172;68;52;42;61;44;55;77;56;103;27;68;83;88;59
"220700";"kwidzyński";"pomorskie";58245;62621;24975;33271;28;147;2;2;0;1;0;0;1;33271;1;1;33270;542;375;167;0;32728;10506;1312;2346;625;873;172;229;26;4114;13;22;51;12;54;12;13;13;7;17;42;18;32;462;5;36;2588;674;194;49;78;34;818;39;33;101;12;35;35;23;24;11;12;10;15;8;212;78;32;24;37;1739;502;121;189;32;126;142;68;34;70;36;38;83;15;20;29;71;11;3;11;49;27;13;14;35;12864;1939;4644;3111;246;770;491;140;213;80;71;63;252;87;80;114;20;48;79;69;7;128;32;80;100;5031;884;605;101;2465;28;79;46;32;20;453;46;24;15;24;40;19;28;9;14;25;5;27;17;25;67
"220900";"malborski";"pomorskie";44886;48438;18010;26875;57;118;4;4;0;0;0;0;4;26865;4;0;26865;337;232;105;0;26528;9379;1552;3431;1041;1239;307;504;48;26;23;26;83;8;95;28;83;590;47;32;38;31;28;55;7;57;1914;673;185;56;94;42;33;58;96;110;16;22;33;25;33;20;21;13;16;13;169;66;41;18;61;2355;407;121;180;127;75;186;66;58;75;647;39;69;23;11;33;44;17;11;21;25;20;12;27;61;8949;1233;3249;563;77;2131;567;311;123;20;32;31;108;43;67;61;12;22;33;78;4;44;24;30;86;3931;1096;981;131;225;77;154;58;19;46;80;60;27;473;36;35;35;26;13;22;29;15;23;222;48;37
"221000";"nowodworski";"pomorskie";25577;28308;10133;15445;12;614;1;1;0;0;0;0;1;15442;1;0;15442;228;147;81;0;15214;6199;559;1132;503;727;122;410;68;4;4;12;26;11;36;3;2442;11;6;8;17;8;48;11;1;30;973;393;112;33;28;22;12;26;18;51;10;25;12;16;15;12;11;5;6;11;60;42;11;11;31;1250;196;54;465;48;33;148;18;31;36;15;18;29;4;5;37;20;6;2;2;10;3;3;45;22;5209;684;3200;126;43;478;236;33;34;12;18;9;90;34;24;39;8;12;16;15;8;44;7;8;31;1583;588;437;59;106;35;84;42;8;12;26;26;13;20;10;9;8;11;1;4;13;28;18;8;17;30
"221300";"starogardzki";"pomorskie";88770;96294;34389;54392;37;435;3;3;3;0;0;0;0;54377;0;3;54374;815;534;281;0;53559;12869;4372;3049;1417;1777;625;187;108;35;23;24;97;552;87;27;21;22;94;35;47;45;54;58;13;100;3758;1357;316;66;486;94;49;127;50;129;28;27;29;67;106;32;36;16;55;19;298;156;51;36;128;5964;768;3341;229;88;148;127;115;21;106;44;163;134;102;24;33;73;34;13;26;50;135;25;13;152;25616;3136;11603;819;6062;715;988;99;150;70;125;73;319;189;111;109;48;308;94;51;29;122;68;126;202;5352;1659;1789;224;234;88;255;104;32;56;104;87;65;30;31;48;44;35;21;31;43;213;31;39;89;94
"221400";"tczewski";"pomorskie";79518;85917;30467;49050;40;218;2;2;0;0;0;0;2;49041;2;6;49035;766;508;258;0;48269;14836;2273;4107;2253;1960;553;131;154;46;21;30;118;43;82;40;14;33;1265;753;55;118;278;53;337;119;3842;1562;269;75;143;68;39;134;101;162;25;34;54;56;90;20;35;15;33;25;167;160;59;30;486;4252;733;483;268;588;128;144;109;30;136;69;162;140;702;32;57;86;26;24;28;64;94;18;11;120;19658;2202;7291;480;350;661;6772;258;124;58;87;50;165;102;63;96;39;89;108;48;191;104;73;40;207;5681;1783;1576;216;276;95;768;96;40;56;121;117;48;39;27;62;51;41;21;28;51;29;25;51;64;75
"221600";"sztumski";"pomorskie";30623;32917;15076;15548;17;43;0;0;0;0;0;0;0;15544;0;0;15544;369;284;85;0;15175;5133;675;1072;384;525;134;2036;23;37;12;11;22;6;16;5;21;25;11;17;16;10;11;31;3;30;876;289;153;15;35;8;42;20;20;47;7;20;12;14;18;5;8;11;7;8;53;35;25;8;16;1437;217;56;98;25;73;345;39;348;37;34;18;31;5;6;23;17;3;3;6;17;6;7;3;20;5997;1071;1940;654;46;655;277;100;745;27;46;29;97;29;42;33;7;21;34;30;6;32;11;19;46;1732;542;322;67;286;27;71;32;8;12;57;42;15;33;88;11;14;5;2;3;8;7;11;37;32;41
"226100";"Gdańsk";"pomorskie";322653;362250;59873;262886;207;5047;75;75;0;0;0;0;75;262800;75;27;262773;1398;700;698;0;261375;125440;10725;37250;26856;28182;10130;272;4203;147;267;491;802;184;539;141;122;213;102;146;721;302;190;270;36;3149;18471;7679;4087;268;386;452;159;600;343;512;136;150;196;245;298;131;121;74;109;110;805;525;237;301;547;9798;3221;817;992;201;314;217;585;100;370;129;285;340;104;75;98;234;226;150;170;246;117;73;56;678;69751;14956;45420;1235;179;1830;1073;363;238;404;493;75;395;260;82;202;66;91;780;70;32;198;115;137;1057;37915;13250;13861;1680;449;1555;1086;1375;260;426;441;398;257;240;236;247;194;242;89;102;172;131;270;426;528;198
"226400";"Sopot";"pomorskie";26163;29777;4024;22152;60;1462;8;8;1;0;0;0;7;22133;7;3;22130;109;47;62;0;22021;11035;1178;2867;1789;1817;519;22;270;17;27;1866;100;20;34;9;14;14;10;11;56;191;22;25;6;151;1234;566;221;17;28;28;19;27;10;27;25;18;29;33;14;7;8;7;8;7;50;31;11;11;32;780;239;54;80;13;23;18;82;4;46;16;14;32;4;33;8;16;17;5;7;15;5;6;1;42;5523;1788;2841;40;21;200;60;49;22;26;41;158;76;19;11;21;10;12;26;7;5;14;8;20;48;3449;1326;795;144;50;496;115;106;11;46;39;42;26;15;18;16;20;19;8;6;11;11;29;49;51;21
