"Symbol kontrolny";"Kod TERYT";"Okręg";"Numer";"Typ obszaru";"Typ obwodu";"Siedziba";"Gmina";"Powiat";"Województwo";"Komisja otrzymała kart do głosowania";"Liczba wyborców uprawnionych do głosowania";"Nie wykorzystano kart do głosowania";"Liczba wyborców, którym wydano karty do głosowania";"Liczba wyborców głosujących przez pełnomocnika";"Liczba wyborców głosujących na podstawie zaświadczenia o prawie do głosowania";"Liczba wyborców, którym wysłano pakiety wyborcze";"Liczba otrzymanych kopert zwrotnych";"Liczba kopert zwrotnych, w których nie było oświadczenia o osobistym i tajnym oddaniu głosu";"Liczba kopert zwrotnych, w których oświadczenie nie było podpisane";"Liczba kopert zwrotnych, w których nie było koperty na kartę do głosowania";"Liczba kopert zwrotnych, w których znajdowała się niezaklejona koperta na kartę do głosowania";"Liczba kopert na kartę do głosowania wrzuconych do urny";"Liczba kart wyjętych z urny";"W tym liczba kart wyjętych z kopert na kartę do głosowania";"Liczba kart nieważnych";"Liczba kart ważnych";"Liczba głosów nieważnych";"W tym z powodu postawienia znaku „X” obok nazwiska dwóch lub większej liczby kandydatów";"W tym z powodu niepostawienia znaku „X” obok nazwiska żadnego kandydata";"W tym z powodu postawienia znaku „X” wyłącznie obok skreślonego nazwiska kandydata";"Liczba głosów ważnych oddanych łącznie na wszystkich kandydatów";"Maciej Przemysław MASŁOWSKI";"Stanisław OŻÓG"
"655b-b4cf-8b12-1658-b154-fd46-c164-2520";"181001";"56";"1";"miasto";"stały";"Szkoła Podstawowa Nr 2, ul. Tadeusza Kościuszki 17, 37-100 Łańcut";"m. Łańcut";"łańcucki";"podkarpackie";"1614";"1753";"484";"1130";"4";"11";"0";"0";"0";"0";"0";"0";"0";"1130";"0";"0";"1130";"21";"9";"12";"0";"1109";"502";"607"
"8c30-c946-cf7b-79a3-922f-0376-704e-fc21";"181001";"56";"2";"miasto";"stały";"Miejska Biblioteka Publiczna w Łańcucie, ul. Stanisława Moniuszki 2, 37-100 Łańcut";"m. Łańcut";"łańcucki";"podkarpackie";"926";"1001";"277";"649";"5";"2";"0";"0";"0";"0";"0";"0";"0";"649";"0";"0";"649";"13";"6";"7";"0";"636";"310";"326"
"2beb-5309-109f-6288-8e6c-df1f-e0c8-f5de";"181001";"56";"3";"miasto";"stały";"Miejski Dom Kultury, ul. Tadeusza Kościuszki 15/prawa strona, 37-100 Łańcut";"m. Łańcut";"łańcucki";"podkarpackie";"863";"938";"234";"629";"3";"5";"0";"0";"0";"0";"0";"0";"0";"629";"0";"0";"629";"7";"2";"5";"0";"622";"301";"321"
"d776-6124-5ff2-1594-0cb9-3a17-688b-3fc5";"181001";"56";"4";"miasto";"stały";"Miejski Dom Kultury, ul. Tadeusza Kościuszki 15/lewa strona, 37-100 Łańcut";"m. Łańcut";"łańcucki";"podkarpackie";"940";"1033";"227";"713";"0";"10";"0";"0";"0";"0";"0";"0";"0";"713";"0";"0";"713";"16";"5";"11";"0";"697";"321";"376"
"9ad9-18e7-763e-f8b0-ba70-73b9-0067-fe59";"181001";"56";"5";"miasto";"stały";"Szkoła Podstawowa Nr 1, ul. Józefa Piłsudskiego 7, 37-100 Łańcut";"m. Łańcut";"łańcucki";"podkarpackie";"900";"967";"330";"570";"1";"2";"0";"0";"0";"0";"0";"0";"0";"570";"0";"0";"570";"17";"6";"11";"0";"553";"276";"277"
"9c93-8f84-c94b-8162-6c8a-79c4-1095-f2a0";"181001";"56";"6";"miasto";"stały";"Powiatowe Centrum Kształcenia Praktycznego i Edukacji Zawodowej, ul. Armii Krajowej 51a, 37-100 Łańcut";"m. Łańcut";"łańcucki";"podkarpackie";"1040";"1130";"293";"747";"0";"0";"0";"0";"0";"0";"0";"0";"0";"747";"0";"0";"747";"6";"1";"5";"0";"741";"313";"428"
"4b3e-984d-1870-a50d-f264-14fa-51a0-0c6b";"181001";"56";"7";"miasto";"stały";"Powiatowe Centrum Kształcenia Praktycznego i Edukacji Zawodowej, ul. Armii Krajowej 51a, 37-100 Łańcut";"m. Łańcut";"łańcucki";"podkarpackie";"988";"1076";"255";"733";"3";"14";"0";"0";"0";"0";"0";"0";"0";"733";"0";"0";"733";"8";"4";"4";"0";"725";"347";"378"
"5b50-c95f-dca8-02d4-15ba-c570-35b4-20ea";"181001";"56";"8";"miasto";"stały";"Szkoła Podstawowa Nr 1, ul. Józefa Piłsudskiego 7, 37-100 Łańcut";"m. Łańcut";"łańcucki";"podkarpackie";"1451";"1562";"485";"966";"2";"9";"2";"2";"0";"0";"0";"0";"2";"968";"2";"0";"968";"18";"8";"10";"0";"950";"484";"466"
"19c8-e0a1-11ad-8e8c-c01c-af7e-d645-67e2";"181001";"56";"9";"miasto";"stały";"Szkoła Podstawowa Nr 3, ul. 29 Listopada 21, 37-100 Łańcut";"m. Łańcut";"łańcucki";"podkarpackie";"909";"988";"265";"644";"2";"3";"0";"0";"0";"0";"0";"0";"0";"644";"0";"0";"644";"10";"4";"6";"0";"634";"276";"358"
"8b05-0ab7-e8d5-45d7-960b-0f32-1f52-2729";"181001";"56";"10";"miasto";"stały";"Szkoła Podstawowa Nr 3, ul. 29 Listopada 21, 37-100 Łańcut";"m. Łańcut";"łańcucki";"podkarpackie";"900";"981";"248";"652";"1";"3";"0";"0";"0";"0";"0";"0";"0";"652";"0";"0";"652";"12";"1";"11";"0";"640";"276";"364"
"a70c-3fd4-db79-2ec9-11e6-e5f3-255e-6e7f";"181001";"56";"11";"miasto";"stały";"Szkoła Podstawowa Nr 4, ul. Jana Kochanowskiego 6, 37-100 Łańcut";"m. Łańcut";"łańcucki";"podkarpackie";"890";"973";"275";"615";"0";"7";"0";"0";"0";"0";"0";"0";"0";"614";"0";"0";"614";"11";"5";"6";"0";"603";"249";"354"
"1ee7-4edf-b5e4-c58f-05f5-605f-e176-4a09";"181001";"56";"12";"miasto";"stały";"Miejski Dom Kultury, Filia Podzwierzyniec, ul. Podzwierzyniec 74, 37-100 Łańcut";"m. Łańcut";"łańcucki";"podkarpackie";"1380";"1495";"534";"846";"0";"4";"0";"0";"0";"0";"0";"0";"0";"846";"0";"0";"846";"9";"5";"4";"0";"837";"327";"510"
"5414-24b6-4b38-dfc7-fc89-cd35-e593-6152";"181001";"56";"13";"miasto";"zakład leczniczy";"Centrum Medyczne w Łańcucie Sp. z o. o., Ignacego Paderewskiego 5, 37-100 Łańcut";"m. Łańcut";"łańcucki";"podkarpackie";"202";"228";"164";"38";"0";"0";"0";"0";"0";"0";"0";"0";"0";"38";"0";"0";"38";"0";"0";"0";"0";"38";"5";"33"
"6a6f-a229-315a-f656-f057-64b2-4754-ab6b";"181001";"56";"14";"miasto";"dom pomocy społecznej";"Dom Pomocy Społecznej dla Osób w Podeszłym Wieku oraz dla Osób Niepełnosprawnych Fizycznie w Łańcucie, Józefa Piłsudskiego 72, 37-100 Łańcut";"m. Łańcut";"łańcucki";"podkarpackie";"68";"73";"29";"39";"0";"0";"0";"0";"0";"0";"0";"0";"0";"39";"0";"0";"39";"2";"0";"2";"0";"37";"5";"32"
"9895-4903-6faf-d0e3-3caf-368a-4b8e-1231";"181002";"56";"1";"wieś";"stały";"Gminny Ośrodek Kultury i Czytelnictwa w Białobrzegach, Białobrzegi 1, 37-114 Białobrzegi";"gm. Białobrzegi";"łańcucki";"podkarpackie";"1808";"1987";"590";"1218";"1";"1";"0";"0";"0";"0";"0";"0";"0";"1218";"0";"0";"1218";"26";"10";"16";"0";"1192";"380";"812"
"3d6e-e2fd-211d-4a87-d906-17e6-5f51-8661";"181002";"56";"2";"wieś";"stały";"Dom Kultury w Woli Dalszej, Wola Dalsza 149, 37-100 Łańcut";"gm. Białobrzegi";"łańcucki";"podkarpackie";"1410";"1549";"528";"882";"0";"4";"0";"0";"0";"0";"0";"0";"0";"882";"0";"0";"882";"19";"4";"15";"0";"863";"327";"536"
"2e58-d89d-234c-0cb5-aa19-9ea6-15cc-ab83";"181002";"56";"3";"wieś";"stały";"Dom Kultury w Korniaktowie Północnym, Korniaktów Północny 33a, 37-114 Białobrzegi";"gm. Białobrzegi";"łańcucki";"podkarpackie";"1220";"1334";"373";"847";"1";"0";"0";"0";"0";"0";"0";"0";"0";"847";"0";"0";"847";"23";"0";"23";"0";"824";"191";"633"
"f200-cdac-ca5e-c5cb-d3b1-0c7d-e570-23f1";"181002";"56";"4";"wieś";"stały";"Dom Kultury w Korniaktowie Południowym, Korniaktów Południowy 2, 37-114 Białobrzegi";"gm. Białobrzegi";"łańcucki";"podkarpackie";"982";"1084";"360";"622";"2";"3";"0";"0";"0";"0";"0";"0";"0";"622";"0";"0";"622";"14";"2";"12";"0";"608";"164";"444"
"89ce-e6d5-8e7f-d454-844d-4a8f-b95d-be3d";"181002";"56";"5";"wieś";"stały";"Dom Kultury w Dębinie, Dębina 122b, 37-100 Łańcut";"gm. Białobrzegi";"łańcucki";"podkarpackie";"701";"775";"241";"460";"0";"4";"0";"0";"0";"0";"0";"0";"0";"460";"0";"0";"460";"9";"1";"8";"0";"451";"154";"297"
"acff-db35-b145-28ac-d2bc-86a3-5543-a72b";"181003";"56";"1";"wieś";"stały";"Gminny Ośrodek Kultury i Rekreacji w Czarnej, Czarna 795, 37-125 Czarna";"gm. Czarna";"łańcucki";"podkarpackie";"1330";"1457";"464";"866";"1";"3";"0";"0";"0";"0";"0";"0";"0";"866";"0";"0";"866";"20";"3";"17";"0";"846";"299";"547"
"73f6-eef8-4f15-1851-1a12-6d94-c09a-1e60";"181003";"56";"2";"wieś";"stały";"Zespół Szkół w Woli Małej, Wola Mała 160, 37-100 Łańcut";"gm. Czarna";"łańcucki";"podkarpackie";"650";"716";"186";"464";"0";"4";"0";"0";"0";"0";"0";"0";"0";"464";"0";"0";"464";"8";"2";"6";"0";"456";"182";"274"
"c0b2-4530-3f1f-b015-c337-176c-89cb-8976";"181003";"56";"3";"wieś";"stały";"Zespół Szkół w Dąbrówkach, Dąbrówki 211, 37-100 Łańcut";"gm. Czarna";"łańcucki";"podkarpackie";"1180";"1304";"362";"818";"1";"5";"0";"0";"0";"0";"0";"0";"0";"816";"0";"1";"815";"12";"2";"10";"0";"803";"237";"566"
"2e1e-ec69-310b-b47e-0b76-ab43-1955-f33c";"181003";"56";"4";"wieś";"stały";"Zespół Szkół w Krzemienicy, Krzemienica 631, 37-127 Krzemienica";"gm. Czarna";"łańcucki";"podkarpackie";"1040";"1151";"249";"791";"0";"1";"0";"0";"0";"0";"0";"0";"0";"791";"0";"0";"791";"6";"1";"5";"0";"785";"203";"582"
"f117-1c43-51cc-4529-fd24-6879-a55e-7f43";"181003";"56";"5";"wieś";"stały";"Zespół Szkół w Medyni Głogowskiej, Medynia Głogowska 426, 37-126 Medynia Głogowska";"gm. Czarna";"łańcucki";"podkarpackie";"1540";"1701";"481";"1059";"1";"2";"0";"0";"0";"0";"0";"0";"0";"1059";"0";"0";"1059";"9";"2";"7";"0";"1050";"146";"904"
"2340-552a-b432-91b4-789b-3972-9712-617d";"181003";"56";"6";"wieś";"stały";"Zespół Szkół w Medyni Łańcuckiej, Medynia Łańcucka 105, 37-126 Medynia Głogowska";"gm. Czarna";"łańcucki";"podkarpackie";"1020";"1137";"258";"762";"0";"3";"0";"0";"0";"0";"0";"0";"0";"762";"0";"0";"762";"20";"4";"16";"0";"742";"159";"583"
"0326-b3d3-94b0-0271-b21a-ad10-2bf3-ffc5";"181003";"56";"7";"wieś";"stały";"Zespół Szkół w Zalesiu, Zalesie 123, 37-126 Medynia Głogowska";"gm. Czarna";"łańcucki";"podkarpackie";"520";"564";"149";"371";"0";"0";"0";"0";"0";"0";"0";"0";"0";"371";"0";"0";"371";"12";"0";"12";"0";"359";"48";"311"
"c368-dafa-9dff-e06c-0010-c7e6-e04f-516a";"181003";"56";"8";"wieś";"stały";"Zespół Szkół w Krzemienicy, Krzemienica 631, 37-127 Krzemienica";"gm. Czarna";"łańcucki";"podkarpackie";"1070";"1181";"219";"851";"2";"3";"0";"0";"0";"0";"0";"0";"0";"851";"0";"0";"851";"15";"1";"14";"0";"836";"278";"558"
"f378-e83e-4fd9-ff16-612e-e4ae-a354-f3b4";"181004";"56";"1";"wieś";"stały";"Dom Kultury w Albigowej, Albigowa 478, 37-122 Albigowa";"gm. Łańcut";"łańcucki";"podkarpackie";"1030";"1127";"351";"679";"1";"3";"0";"0";"0";"0";"0";"0";"0";"679";"0";"0";"679";"8";"0";"8";"0";"671";"237";"434"
"78f5-3679-3947-c261-c3ef-d209-592f-53c9";"181004";"56";"2";"wieś";"stały";"Dom Kultury w Albigowej, Albigowa 478, 37-122 Łańcut";"gm. Łańcut";"łańcucki";"podkarpackie";"1060";"1150";"313";"747";"1";"1";"0";"0";"0";"0";"0";"0";"0";"747";"0";"0";"747";"3";"1";"2";"0";"744";"202";"542"
"8ca4-dc88-732e-6562-b014-520b-c7a8-365e";"181004";"56";"3";"wieś";"stały";"Zespół Szkół w Cierpiszu, Cierpisz 110A, 37-124 Kraczkowa";"gm. Łańcut";"łańcucki";"podkarpackie";"610";"675";"171";"439";"0";"10";"0";"0";"0";"0";"0";"0";"0";"439";"0";"0";"439";"5";"3";"2";"0";"434";"74";"360"
"6319-8e26-3296-4c4b-3e41-dfd9-c04b-d529";"181004";"56";"4";"wieś";"stały";"Zespół Szkół w Głuchowie, Głuchów 452, 37-100 Łańcut";"gm. Łańcut";"łańcucki";"podkarpackie";"1283";"1400";"430";"853";"0";"2";"0";"0";"0";"0";"0";"0";"0";"853";"0";"0";"853";"13";"5";"8";"0";"840";"278";"562"
"b6aa-554c-5f60-e6e1-f596-ecc0-f696-2176";"181004";"56";"5";"wieś";"stały";"Szkoła Podstawowa w Handzlówce, Handzlówka 264, 37-123 Handzlówka";"gm. Łańcut";"łańcucki";"podkarpackie";"1109";"1217";"449";"660";"0";"1";"0";"0";"0";"0";"0";"0";"0";"660";"0";"0";"660";"9";"5";"4";"0";"651";"196";"455"
"dd13-59d3-19a3-d464-3956-75cd-fea6-9b26";"181004";"56";"6";"wieś";"stały";"Dom Kultury w Kosinie, Kosina 966, 37-112 Kosina";"gm. Łańcut";"łańcucki";"podkarpackie";"1317";"1443";"393";"924";"2";"1";"0";"0";"0";"0";"0";"0";"0";"924";"0";"0";"924";"10";"3";"7";"0";"914";"218";"696"
"4f0a-d0e0-47cb-fb8d-6209-b960-a980-ab78";"181004";"56";"7";"wieś";"stały";"Dom Kultury w Kosinie, Kosina 966, 37-112 Kosina";"gm. Łańcut";"łańcucki";"podkarpackie";"1299";"1425";"393";"906";"2";"6";"0";"0";"0";"0";"0";"0";"0";"906";"0";"0";"906";"13";"0";"13";"0";"893";"178";"715"
"28f5-e9c2-0d2f-c78c-f48f-50d8-05a0-8b9a";"181004";"56";"8";"wieś";"stały";"Dom Ludowy w Kraczkowej, Kraczkowa 882, 37-124 Kraczkowa";"gm. Łańcut";"łańcucki";"podkarpackie";"1300";"1484";"263";"1038";"0";"4";"0";"0";"0";"0";"0";"0";"0";"1038";"0";"0";"1038";"14";"2";"12";"0";"1024";"305";"719"
"ddf4-62e2-487f-037c-809f-4d15-25b6-fe36";"181004";"56";"9";"wieś";"stały";"Dom Ludowy w Kraczkowej, Kraczkowa 882, 37-124 Kraczkowa";"gm. Łańcut";"łańcucki";"podkarpackie";"1290";"1406";"347";"943";"0";"1";"0";"0";"0";"0";"0";"0";"0";"943";"0";"0";"943";"22";"4";"18";"0";"921";"228";"693"
"6ace-c692-f86b-5926-9aef-2c84-d6bd-abdb";"181004";"56";"10";"wieś";"stały";"Zespół Szkół w Rogóżnie, Rogóżno 374, 37-112 Kosina";"gm. Łańcut";"łańcucki";"podkarpackie";"868";"952";"257";"611";"0";"4";"0";"0";"0";"0";"0";"0";"0";"611";"0";"0";"611";"9";"3";"6";"0";"602";"138";"464"
"1c13-feca-20be-77a1-813d-8de4-bb96-746b";"181004";"56";"11";"wieś";"stały";"Szkoła Podstawowa w Soninie, Sonina 168, 37-100 Łańcut";"gm. Łańcut";"łańcucki";"podkarpackie";"1090";"1199";"357";"733";"5";"2";"0";"0";"0";"0";"0";"0";"0";"733";"0";"0";"733";"11";"1";"10";"0";"722";"228";"494"
"89c2-44ac-5c13-138b-424d-b102-6faf-7fd9";"181004";"56";"12";"wieś";"stały";"Szkoła Podstawowa w Soninie, Sonina 168, 37-100 Łańcut";"gm. Łańcut";"łańcucki";"podkarpackie";"1152";"1237";"354";"798";"1";"6";"0";"0";"0";"0";"0";"0";"0";"798";"0";"0";"798";"12";"1";"11";"0";"786";"328";"458"
"3b5a-2114-4213-bc5a-9ba1-7cde-0924-656f";"181004";"56";"13";"wieś";"stały";"Dom Kultury w Wysokiej, Wysoka 81, 37-100 Łańcut";"gm. Łańcut";"łańcucki";"podkarpackie";"1950";"2146";"534";"1416";"0";"6";"0";"0";"0";"0";"0";"0";"0";"1416";"0";"0";"1416";"27";"15";"12";"0";"1389";"369";"1020"
"e329-1169-9a44-9ef1-7a1f-a247-40e7-6ec2";"181005";"56";"1";"wieś";"stały";"Centrum Kultury Gminy Markowa w Markowej, Markowa 1491, 37-120 Markowa";"gm. Markowa";"łańcucki";"podkarpackie";"1309";"1434";"375";"934";"3";"3";"0";"0";"0";"0";"0";"0";"0";"934";"0";"0";"934";"17";"2";"15";"0";"917";"276";"641"
"538b-5ce9-3f2f-9284-6e32-d8cb-e5e1-d1aa";"181005";"56";"2";"wieś";"stały";"Szkoła Podstawowa im. Sług Bożych Rodziny Ulmów w Markowej, Markowa 1351, 37-120 Markowa";"gm. Markowa";"łańcucki";"podkarpackie";"1686";"1872";"550";"1136";"1";"3";"0";"0";"0";"0";"0";"0";"0";"1136";"0";"0";"1136";"10";"0";"10";"0";"1126";"299";"827"
"46d3-42b4-34c6-7b4a-6cb5-8619-656e-bdec";"181005";"56";"3";"wieś";"stały";"Szkoła Podstawowa im. Jana Raka w Husowie, Husów 27, 37-121 Husów";"gm. Markowa";"łańcucki";"podkarpackie";"1399";"1551";"541";"858";"0";"6";"0";"0";"0";"0";"0";"0";"0";"858";"0";"0";"858";"18";"3";"15";"0";"840";"172";"668"
"2e42-96ad-fdec-2819-af17-7261-7285-7ae9";"181005";"56";"4";"wieś";"stały";"Centrum Kultury Gminy Markowa Filia w Tarnawce, Tarnawka 282, 37-121 Husów";"gm. Markowa";"łańcucki";"podkarpackie";"320";"357";"133";"187";"2";"1";"0";"0";"0";"0";"0";"0";"0";"187";"0";"0";"187";"3";"0";"3";"0";"184";"54";"130"
"9797-6bf7-cc48-cda0-2d2b-a885-fd83-66d5";"181006";"56";"1";"wieś";"stały";"Zespół Szkół Tekstylno-Gospodarczych w Rakszawie, Rakszawa 325, 37-111 Rakszawa";"gm. Rakszawa";"łańcucki";"podkarpackie";"1271";"1384";"342";"929";"0";"1";"0";"0";"0";"0";"0";"0";"0";"929";"0";"0";"929";"19";"8";"11";"0";"910";"283";"627"
"2d5f-c10b-0f89-5265-a252-98b3-faee-c3eb";"181006";"56";"2";"wieś";"stały";"Szkoła Podstawowa Nr 1 w Rakszawie, Rakszawa 347, 37-111 Rakszawa";"gm. Rakszawa";"łańcucki";"podkarpackie";"1129";"1228";"375";"754";"1";"4";"0";"0";"0";"0";"0";"0";"0";"754";"0";"0";"754";"16";"1";"15";"0";"738";"211";"527"
"c30c-e5fc-c6f5-4780-2b68-68d2-cc37-2d37";"181006";"56";"3";"wieś";"stały";"Szkoła Podstawowa Nr 2 w Rakszawie, Rakszawa 677, 37-111 Rakszawa";"gm. Rakszawa";"łańcucki";"podkarpackie";"832";"908";"275";"557";"0";"3";"0";"0";"0";"0";"0";"0";"0";"557";"0";"0";"557";"16";"2";"14";"0";"541";"89";"452"
"2e23-3fe3-ff24-72e5-2d1e-eb1e-1484-72c6";"181006";"56";"4";"wieś";"stały";"Szkoła Podstawowa Nr 3 w Rakszawie, Rakszawa 946, 37-111 Rakszawa";"gm. Rakszawa";"łańcucki";"podkarpackie";"719";"905";"210";"509";"0";"0";"0";"0";"0";"0";"0";"0";"0";"509";"0";"0";"509";"8";"3";"5";"0";"501";"74";"427"
"a7bd-cbba-e3ce-be6c-72ce-d8f1-201d-7902";"181006";"56";"5";"wieś";"stały";"Szkoła Podstawowa w Wydrzu, Wydrze 259, 37-110 Żołynia";"gm. Rakszawa";"łańcucki";"podkarpackie";"480";"535";"135";"345";"0";"0";"0";"0";"0";"0";"0";"0";"0";"345";"0";"0";"345";"8";"0";"8";"0";"337";"44";"293"
"bf8c-f7e1-9510-09b9-7226-ccda-29e7-5410";"181006";"56";"6";"wieś";"stały";"Dom Ludowy Rakszawa Kąty, Rakszawa 1225, 37-111 Rakszawa";"gm. Rakszawa";"łańcucki";"podkarpackie";"419";"467";"139";"280";"0";"1";"0";"0";"0";"0";"0";"0";"0";"280";"0";"0";"280";"7";"4";"3";"0";"273";"31";"242"
"9645-d104-f822-7587-cec5-fc8f-d38e-1c72";"181006";"56";"7";"wieś";"stały";"Szkoła Podstawowa w Węgliskach, Węgliska 171, 37-111 Rakszawa";"gm. Rakszawa";"łańcucki";"podkarpackie";"329";"359";"112";"217";"0";"0";"0";"0";"0";"0";"0";"0";"0";"217";"0";"0";"217";"6";"0";"6";"0";"211";"51";"160"
"5e72-4ee2-7a6a-39fa-fd28-60a3-2c36-eb33";"181007";"56";"1";"wieś";"stały";"Dom Kultury w Żołyni, ul. Smolarska 1, 37-110 Żołynia";"gm. Żołynia";"łańcucki";"podkarpackie";"1219";"1344";"488";"731";"0";"2";"0";"0";"0";"0";"0";"0";"0";"724";"0";"0";"724";"9";"3";"6";"0";"715";"215";"500"
"07d1-ebc5-cfb1-1fa6-ec7e-07ba-70d5-f6fd";"181007";"56";"2";"wieś";"stały";"Zespół Szkół im. Adama Mickiewicza w Żołyni (hol liceum ogólnokształcącego), ul. Górska 2, 37-110 Żołynia";"gm. Żołynia";"łańcucki";"podkarpackie";"1410";"1543";"478";"932";"1";"13";"0";"0";"0";"0";"0";"0";"0";"931";"0";"0";"931";"14";"6";"8";"0";"917";"291";"626"
"121c-1e46-3cd3-da9a-888c-c553-6cd4-c7fc";"181007";"56";"3";"wieś";"stały";"Dom Kultury w Smolarzynach, Smolarzyny 133, 37-110 Żołynia";"gm. Żołynia";"łańcucki";"podkarpackie";"410";"454";"137";"273";"0";"0";"0";"0";"0";"0";"0";"0";"0";"273";"0";"0";"273";"2";"0";"2";"0";"271";"83";"188"
"eaa9-8d8d-cf9b-8567-8028-d2b5-0eff-fae7";"181007";"56";"4";"wieś";"stały";"Dom Kultury w Brzózie Stadnickiej, Brzóza Stadnicka 103, 37-110 Żołynia";"gm. Żołynia";"łańcucki";"podkarpackie";"830";"909";"278";"552";"0";"0";"0";"0";"0";"0";"0";"0";"0";"552";"0";"0";"552";"12";"5";"7";"0";"540";"119";"421"
"7a40-0cb0-de93-858d-577b-047a-4bb4-a27f";"181007";"56";"5";"wieś";"stały";"Zespół Szkół im. Adama Mickiewicza w Żołyni (hala sportowa liceum ogólnokształcącego), ul. Górska 2, 37-110 Żołynia";"gm. Żołynia";"łańcucki";"podkarpackie";"1143";"1249";"393";"750";"1";"4";"0";"0";"0";"0";"0";"0";"0";"750";"0";"0";"750";"14";"2";"12";"0";"736";"190";"546"
"f868-b802-c940-55ac-e6e6-1276-1c74-66c9";"181601";"56";"1";"miasto";"stały";"Urząd Miejski w Dynowie, ul. Rynek 2, 36-065 Dynów";"m. Dynów";"rzeszowski";"podkarpackie";"1586";"1729";"609";"977";"1";"13";"0";"0";"0";"0";"0";"0";"0";"977";"0";"0";"977";"18";"5";"13";"0";"959";"351";"608"
"ecb8-ee22-a2ca-830c-9b23-3b61-300e-8766";"181601";"56";"2";"miasto";"stały";"Środowiskowy Dom Samopomocy, ul. Jana Pawła II 13, 36-065 Dynów";"m. Dynów";"rzeszowski";"podkarpackie";"720";"780";"258";"462";"1";"3";"0";"0";"0";"0";"0";"0";"0";"461";"0";"0";"461";"5";"0";"5";"0";"456";"179";"277"
"e002-cd63-2204-807e-47ea-03d5-1542-414d";"181601";"56";"3";"miasto";"stały";"Liceum Ogólnokształcące, ul. 1 - Maja 18, 36-065 Dynów";"m. Dynów";"rzeszowski";"podkarpackie";"1469";"1610";"488";"981";"0";"6";"0";"0";"0";"0";"0";"0";"0";"981";"0";"0";"981";"19";"5";"14";"0";"962";"327";"635"
"2740-8079-ea9b-37a3-9ee7-4a54-fd84-5a3c";"181601";"56";"4";"miasto";"stały";"Dom Ludowy, ul. Bartkówka 120, 36-065 Dynów";"m. Dynów";"rzeszowski";"podkarpackie";"670";"743";"228";"442";"0";"1";"0";"0";"0";"0";"0";"0";"0";"442";"0";"0";"442";"6";"2";"4";"0";"436";"65";"371"
"3b36-b7a8-02bd-2023-2744-6ca2-b066-d191";"181601";"56";"5";"miasto";"dom pomocy społecznej";"Dom Pogodnej Starości, Ks. Józefa Ożoga 12A, 36-065 Dynów";"m. Dynów";"rzeszowski";"podkarpackie";"72";"70";"22";"50";"0";"0";"0";"0";"0";"0";"0";"0";"0";"50";"0";"0";"50";"3";"1";"2";"0";"47";"1";"46"
"f2af-37d6-8051-b2fe-a693-9f47-1afd-e11a";"181602";"56";"1";"miasto";"stały";"Zespół Szkół w Błażowej, Plac im. Ks. Adolfa Kowala 1, 36-030 Błażowa";"gm. Błażowa";"rzeszowski";"podkarpackie";"1557";"1727";"497";"1060";"0";"6";"0";"0";"0";"0";"0";"0";"0";"1060";"0";"0";"1060";"19";"1";"18";"0";"1041";"402";"639"
"f789-88ac-a50a-2aa3-1a3d-e2f1-d408-5d98";"181602";"56";"2";"wieś";"stały";"Świetlica w Błażowej Górnej, Błażowa Górna 204, 36-030 Błażowa";"gm. Błażowa";"rzeszowski";"podkarpackie";"519";"570";"184";"335";"0";"1";"0";"0";"0";"0";"0";"0";"0";"335";"0";"0";"335";"9";"1";"8";"0";"326";"106";"220"
"c421-f16f-db44-2cc1-5117-e3fe-7703-1c3b";"181602";"56";"3";"wieś";"stały";"Szkoła Podstawowa w Nowym Borku, Nowy Borek 331, 36-030 Błażowa";"gm. Błażowa";"rzeszowski";"podkarpackie";"1216";"1356";"411";"805";"0";"1";"0";"0";"0";"0";"0";"0";"0";"805";"0";"0";"805";"15";"2";"13";"0";"790";"215";"575"
"a08b-ab3e-99e0-4b56-6e31-70af-e525-4a0b";"181602";"56";"4";"wieś";"stały";"Szkoła Podstawowa w Błażowej Dolnej, Błażowa Dolna 196, 36-030 Błażowa";"gm. Błażowa";"rzeszowski";"podkarpackie";"940";"1044";"309";"631";"0";"1";"0";"0";"0";"0";"0";"0";"0";"631";"0";"0";"631";"13";"4";"9";"0";"618";"207";"411"
"21f8-d5a4-aaee-c26e-bf2a-5aa9-9b70-8fb3";"181602";"56";"5";"wieś";"stały";"Szkoła Podstawowa w Piątkowej, Piątkowa 429, 36-030 Błażowa";"gm. Błażowa";"rzeszowski";"podkarpackie";"629";"694";"232";"397";"0";"0";"0";"0";"0";"0";"0";"0";"0";"397";"0";"0";"397";"4";"1";"3";"0";"393";"97";"296"
"2ca1-5081-8d2e-d4b9-c210-1733-4a61-dbf6";"181602";"56";"6";"wieś";"stały";"Szkoła Podstawowa w Futomie, Futoma 168, 36-030 Błażowa";"gm. Błażowa";"rzeszowski";"podkarpackie";"958";"1065";"284";"674";"2";"4";"0";"0";"0";"0";"0";"0";"0";"674";"0";"0";"674";"12";"2";"10";"0";"662";"146";"516"
"7e66-9509-a50f-d516-eba8-3304-8fee-c5ac";"181602";"56";"7";"wieś";"stały";"Szkoła Podstawowa w Kąkolówce, Kąkolówka 468, 36-030 Błażowa";"gm. Błażowa";"rzeszowski";"podkarpackie";"1000";"1113";"405";"595";"1";"0";"0";"0";"0";"0";"0";"0";"0";"595";"0";"0";"595";"17";"0";"17";"0";"578";"108";"470"
"9481-b440-b8f9-4572-c023-688e-d06d-ff67";"181602";"56";"8";"wieś";"stały";"Szkoła Podstawowa w Białce, Białka 175, 36-030 Błażowa";"gm. Błażowa";"rzeszowski";"podkarpackie";"439";"491";"108";"331";"0";"0";"0";"0";"0";"0";"0";"0";"0";"331";"0";"0";"331";"8";"0";"8";"0";"323";"74";"249"
"ae29-e34d-48fd-0a73-dd18-edaa-69b4-f47b";"181602";"56";"9";"wieś";"stały";"Szkoła Podstawowa w Lecce, Lecka 230, 36-030 Błażowa";"gm. Błażowa";"rzeszowski";"podkarpackie";"629";"702";"218";"411";"0";"2";"0";"0";"0";"0";"0";"0";"0";"411";"0";"0";"411";"13";"0";"13";"0";"398";"56";"342"
"c624-602d-b3fb-9ecc-0c6f-1d5f-b602-0b54";"181603";"56";"1";"miasto";"stały";"Sala widowiskowa przy Urzędzie Miejskim w Boguchwale, ul. Suszyckich 33a, 36-040 Boguchwała";"gm. Boguchwała";"rzeszowski";"podkarpackie";"2040";"2239";"668";"1372";"6";"23";"0";"0";"0";"0";"0";"0";"0";"1372";"0";"0";"1372";"28";"11";"17";"0";"1344";"576";"768"
"6772-a2ad-745c-961e-065f-5b25-3b15-d62b";"181603";"56";"2";"miasto";"stały";"Szkoła Podstawowa w Boguchwale, ul. Teodora Lubomirskiego 2, 36-040 Boguchwała";"gm. Boguchwała";"rzeszowski";"podkarpackie";"1691";"1853";"457";"1234";"2";"8";"0";"0";"0";"0";"0";"0";"0";"1234";"0";"0";"1234";"16";"2";"14";"0";"1218";"609";"609"
"f948-0862-dcf5-6beb-3131-29e1-32ee-3323";"181603";"56";"3";"miasto";"stały";"Przedszkole Publiczne w Boguchwale, ul. Techniczna 1a, 36-040 Boguchwała";"gm. Boguchwała";"rzeszowski";"podkarpackie";"681";"749";"186";"495";"1";"1";"0";"0";"0";"0";"0";"0";"0";"495";"0";"0";"495";"7";"1";"6";"0";"488";"227";"261"
"bbdd-bf90-8181-3cc9-2db1-8c43-6cc2-884e";"181603";"56";"4";"wieś";"stały";"Szkoła Podstawowa w Zarzeczu, Zarzecze 133, 36-041 Boguchwała";"gm. Boguchwała";"rzeszowski";"podkarpackie";"430";"479";"90";"340";"1";"8";"0";"0";"0";"0";"0";"0";"0";"340";"0";"0";"340";"2";"1";"1";"0";"338";"137";"201"
"4c31-f5dd-b0d2-2a91-a2f2-03a9-1868-f81f";"181603";"56";"5";"wieś";"stały";"Szkoła Podstawowa w Lutoryżu, Lutoryż 432, 36-040 Boguchwała";"gm. Boguchwała";"rzeszowski";"podkarpackie";"1203";"1327";"399";"804";"0";"3";"1";"1";"0";"0";"0";"0";"1";"804";"1";"0";"804";"18";"5";"13";"0";"786";"244";"542"
"0431-86ec-5a3f-3219-ba65-6bd8-cb24-5a90";"181603";"56";"6";"wieś";"stały";"Szkoła Podstawowa w Mogielnicy, Mogielnica 167, 36-040 Boguchwała";"gm. Boguchwała";"rzeszowski";"podkarpackie";"950";"1052";"253";"697";"3";"5";"0";"0";"0";"0";"0";"0";"0";"697";"0";"0";"697";"17";"2";"15";"0";"680";"285";"395"
"926b-59e7-9052-0e4b-b3e0-0550-6fa4-a8dd";"181603";"56";"7";"wieś";"stały";"Szkoła Podstawowa Nr 1 w Niechobrzu, Niechobrz 679, 36-047 Niechobrz";"gm. Boguchwała";"rzeszowski";"podkarpackie";"2064";"2271";"541";"1523";"1";"12";"0";"0";"0";"0";"0";"0";"0";"1523";"0";"0";"1523";"23";"6";"17";"0";"1500";"483";"1017"
"d8be-202f-f1fb-65fc-7a23-ee51-b578-2ef4";"181603";"56";"8";"wieś";"stały";"Szkoła Podstawowa w Woli Zgłobieńskiej, Wola Zgłobieńska 140, 36-046 Zgłobień";"gm. Boguchwała";"rzeszowski";"podkarpackie";"1070";"1176";"308";"762";"2";"3";"0";"0";"0";"0";"0";"0";"0";"762";"0";"0";"762";"15";"6";"9";"0";"747";"145";"602"
"d33c-1849-3525-b19b-a86c-26d6-22e4-559f";"181603";"56";"9";"wieś";"stały";"Szkoła Podstawowa w Zgłobniu, Zgłobień 70, 36-046 Zgłobień";"gm. Boguchwała";"rzeszowski";"podkarpackie";"1125";"1238";"289";"836";"0";"4";"0";"0";"0";"0";"0";"0";"0";"836";"0";"0";"836";"11";"6";"5";"0";"825";"210";"615"
"6c0b-2158-0438-23df-dec9-1ed7-9706-aeac";"181603";"56";"10";"wieś";"stały";"Szkoła Podstawowa w Nosówce, Nosówka 186, 36-046 Zgłobień";"gm. Boguchwała";"rzeszowski";"podkarpackie";"1050";"1144";"314";"736";"0";"1";"0";"0";"0";"0";"0";"0";"0";"736";"0";"0";"736";"9";"1";"8";"0";"727";"222";"505"
"d083-5446-88dd-b4ef-b783-dc92-4f5d-81e1";"181603";"56";"11";"wieś";"stały";"Szkoła Podstawowa w Racławówce, Racławówka 215, 36-047 Niechobrz";"gm. Boguchwała";"rzeszowski";"podkarpackie";"1110";"1217";"311";"799";"0";"6";"0";"0";"0";"0";"0";"0";"0";"799";"0";"0";"799";"23";"10";"13";"0";"776";"384";"392"
"586f-13e9-a259-35c2-be6e-bc2e-aef5-8f99";"181603";"56";"12";"wieś";"stały";"Zespół Szkół w Kielanówce, Kielanówka 111, 35-106 Rzeszów";"gm. Boguchwała";"rzeszowski";"podkarpackie";"1188";"1318";"256";"932";"1";"3";"0";"0";"0";"0";"0";"0";"0";"932";"0";"0";"932";"17";"2";"15";"0";"915";"438";"477"
"5163-144d-18d7-e83e-b01c-669b-7964-4c01";"181604";"56";"1";"wieś";"stały";"Szkoła Podstawowa Nr 2 w Chmielniku, Chmielnik 316, 36-016 Chmielnik";"gm. Chmielnik";"rzeszowski";"podkarpackie";"1358";"1483";"316";"1042";"0";"5";"0";"0";"0";"0";"0";"0";"0";"1042";"0";"0";"1042";"17";"0";"17";"0";"1025";"388";"637"
"e825-7248-8104-6990-81b3-da40-663c-b815";"181604";"56";"2";"wieś";"stały";"Urząd Gminy w Chmielniku, Chmielnik 50, 36-016 Chmielnik";"gm. Chmielnik";"rzeszowski";"podkarpackie";"1330";"1463";"365";"965";"0";"0";"0";"0";"0";"0";"0";"0";"0";"963";"0";"0";"963";"18";"5";"13";"0";"945";"286";"659"
"db6c-e446-978e-295e-4bc9-ede8-1b8a-6d53";"181604";"56";"3";"wieś";"stały";"Dom Ludowy w Woli Rafałowskiej, Wola Rafałowska 137, 36-017 Błędowa Tyczyńska";"gm. Chmielnik";"rzeszowski";"podkarpackie";"774";"837";"244";"530";"0";"0";"0";"0";"0";"0";"0";"0";"0";"530";"0";"0";"530";"9";"0";"9";"0";"521";"179";"342"
"7d07-8b7c-cb36-b31c-d9da-9520-4350-7039";"181604";"56";"4";"wieś";"stały";"Dom Ludowy w Błędowej Tyczyńskiej, Błędowa Tyczyńska 29, 36-017 Błędowa Tyczyńska";"gm. Chmielnik";"rzeszowski";"podkarpackie";"667";"731";"254";"413";"0";"2";"0";"0";"0";"0";"0";"0";"0";"413";"0";"0";"413";"7";"1";"6";"0";"406";"119";"287"
"5add-85d7-24de-fcb1-006b-4dd7-2f18-225c";"181604";"56";"5";"wieś";"stały";"Dom Ludowy w Zabratówce, Zabratówka 42, 36-017 Błędowa Tyczyńska";"gm. Chmielnik";"rzeszowski";"podkarpackie";"524";"568";"198";"326";"0";"2";"0";"0";"0";"0";"0";"0";"0";"326";"0";"0";"326";"9";"3";"6";"0";"317";"116";"201"
"afbe-3aed-c953-7d6f-fa3a-d281-9414-5d9b";"181604";"56";"6";"wieś";"stały";"Dom Ludowy w Borówkach, Borówki 34, 36-016 Chmielnik";"gm. Chmielnik";"rzeszowski";"podkarpackie";"220";"235";"69";"151";"0";"0";"0";"0";"0";"0";"0";"0";"0";"151";"0";"0";"151";"4";"0";"4";"0";"147";"46";"101"
"c6b3-f84a-5368-9b49-dcf9-07fc-530a-55ef";"181604";"56";"7";"wieś";"dom pomocy społecznej";"Dom Pomocy Społecznej Im. Św. Ojca Pio, Chmielnik 4, 36-016 Chmielnik";"gm. Chmielnik";"rzeszowski";"podkarpackie";"94";"74";"46";"48";"0";"0";"0";"0";"0";"0";"0";"0";"0";"48";"0";"0";"48";"2";"0";"2";"0";"46";"2";"44"
"a68b-1b1f-68fc-ffad-f7fe-6573-0fbd-9f6a";"181605";"56";"1";"wieś";"stały";"Szkoła Podstawowa w Bachórzu, Bachórz 187, 36-068 Bachórz";"gm. Dynów";"rzeszowski";"podkarpackie";"839";"900";"414";"425";"2";"0";"0";"0";"0";"0";"0";"0";"0";"425";"0";"0";"425";"9";"2";"7";"0";"416";"131";"285"
"3a2b-8dce-4a1b-5b0a-4e94-95a8-9706-f312";"181605";"56";"2";"wieś";"stały";"Szkoła Podstawowa w Dąbrówce Starzeńskiej, Dąbrówka Starzeńska 131, 36-065 Dynów";"gm. Dynów";"rzeszowski";"podkarpackie";"329";"356";"130";"199";"0";"2";"0";"0";"0";"0";"0";"0";"0";"199";"0";"0";"199";"2";"0";"2";"0";"197";"44";"153"
"92b5-9393-e6e5-6b17-fb12-bf1f-7fde-718a";"181605";"56";"3";"wieś";"stały";"Szkoła Podstawowa w Dylągowej, Dylągowa 44, 36-069 Dylągowa";"gm. Dynów";"rzeszowski";"podkarpackie";"422";"454";"186";"236";"0";"1";"0";"0";"0";"0";"0";"0";"0";"236";"0";"0";"236";"3";"0";"3";"0";"233";"61";"172"
"8ee6-592b-d9c1-b8bd-89e9-0d8c-28a6-e021";"181605";"56";"4";"wieś";"stały";"Szkoła Podstawowa Nr 1 w Harcie, Harta 106, 36-067 Harta";"gm. Dynów";"rzeszowski";"podkarpackie";"740";"810";"310";"430";"1";"2";"0";"0";"0";"0";"0";"0";"0";"430";"0";"0";"430";"6";"0";"6";"0";"424";"129";"295"
"c2f8-7124-2cfe-77c0-08b7-1515-55c5-f9f3";"181605";"56";"5";"wieś";"stały";"Dom Ludowy w Harcie, Harta 225, 36-067 Harta";"gm. Dynów";"rzeszowski";"podkarpackie";"780";"842";"306";"474";"1";"4";"0";"0";"0";"0";"0";"0";"0";"474";"0";"0";"474";"13";"2";"11";"0";"461";"87";"374"
"9d2f-38c7-1498-c2b5-675b-d103-dac6-d2a2";"181605";"56";"6";"wieś";"stały";"Szkoła Podstawowa w Laskówce, Laskówka 69, 36-068 Bachórz";"gm. Dynów";"rzeszowski";"podkarpackie";"290";"317";"124";"166";"1";"2";"0";"0";"0";"0";"0";"0";"0";"166";"0";"0";"166";"6";"2";"4";"0";"160";"39";"121"
"fc51-4783-4a56-d372-950a-e75f-2294-6447";"181605";"56";"7";"wieś";"stały";"Szkoła Podstawowa w Łubnie, Łubno 82, 36-065 Dynów";"gm. Dynów";"rzeszowski";"podkarpackie";"920";"1007";"459";"461";"0";"3";"0";"0";"0";"0";"0";"0";"0";"461";"0";"0";"461";"7";"0";"7";"0";"454";"139";"315"
"fc07-89e3-d136-3435-8d5e-391f-7dc7-c597";"181605";"56";"8";"wieś";"stały";"Szkoła Podstawowa w Pawłokomie, Pawłokoma 24, 36-065 Dynów";"gm. Dynów";"rzeszowski";"podkarpackie";"370";"412";"173";"197";"1";"1";"0";"0";"0";"0";"0";"0";"0";"197";"0";"0";"197";"6";"0";"6";"0";"191";"42";"149"
"e4c7-8947-ed21-e8ed-0e79-788f-9b27-fa1a";"181605";"56";"9";"wieś";"stały";"Szkoła Podstawowa w Ulanicy, Ulanica 28A, 36-065 Dynów";"gm. Dynów";"rzeszowski";"podkarpackie";"290";"319";"81";"209";"1";"0";"0";"0";"0";"0";"0";"0";"0";"209";"0";"0";"209";"2";"0";"2";"0";"207";"42";"165"
"d5ec-8de5-a2e5-82c3-e1dd-5d6d-a8eb-eac9";"181605";"56";"10";"wieś";"stały";"Dom Strażaka w Wyrębach, Wyręby 52, 36-065 Dynów";"gm. Dynów";"rzeszowski";"podkarpackie";"149";"167";"49";"100";"0";"3";"0";"0";"0";"0";"0";"0";"0";"100";"0";"0";"100";"1";"0";"1";"0";"99";"17";"82"
"cd53-5ed9-d642-a520-e938-25a2-38b5-2432";"181606";"56";"1";"miasto";"stały";"Miejsko Gminny Dom Kultury w Głogowie Małopolskim, Kardynała Stefana Wyszyńskiego 12, 36-060 Głogów Małopolski";"gm. Głogów Małopolski";"rzeszowski";"podkarpackie";"981";"1085";"262";"719";"0";"9";"0";"0";"0";"0";"0";"0";"0";"719";"0";"0";"719";"8";"1";"7";"0";"711";"311";"400"
"ef56-aea6-26de-344a-42f3-2ba2-f93f-8e2e";"181606";"56";"2";"miasto";"stały";"Miejsko Gminny Dom Kultury w Głogowie Małopolskim, Kardynała Stefana Wyszyńskiego 12, 36-060 Głogów Małopolski";"gm. Głogów Małopolski";"rzeszowski";"podkarpackie";"1811";"1964";"551";"1260";"1";"10";"0";"0";"0";"0";"0";"0";"0";"1256";"0";"0";"1256";"25";"11";"14";"0";"1231";"463";"768"
"76d1-07ad-e733-0d43-dd9e-97da-5d5e-c740";"181606";"56";"3";"wieś";"stały";"Dom Ludowy w Hucisku, Hucisko 1, 36-003 Przewrotne";"gm. Głogów Małopolski";"rzeszowski";"podkarpackie";"280";"307";"85";"195";"0";"1";"0";"0";"0";"0";"0";"0";"0";"195";"0";"0";"195";"2";"0";"2";"0";"193";"33";"160"
"1f65-bd15-ae48-2cc2-c285-fae8-16ba-2b2d";"181606";"56";"4";"wieś";"stały";"Dom Ludowy w Pogwizdowie Starym, Pogwizdów Stary 56, 36-130 Raniżów";"gm. Głogów Małopolski";"rzeszowski";"podkarpackie";"360";"396";"134";"226";"0";"0";"0";"0";"0";"0";"0";"0";"0";"226";"0";"0";"226";"5";"1";"4";"0";"221";"27";"194"
"98f1-2b24-16e5-4ff8-7f5b-4a5a-c7a9-a9e5";"181606";"56";"5";"wieś";"stały";"Zespół Szkół w Przewrotnem, Przewrotne 589, 36-003 Przewrotne";"gm. Głogów Małopolski";"rzeszowski";"podkarpackie";"1224";"1357";"408";"816";"0";"3";"0";"0";"0";"0";"0";"0";"0";"816";"0";"0";"816";"12";"0";"12";"0";"804";"207";"597"
"5db4-128d-f258-c9af-53c1-29c6-6cd2-8a7c";"181606";"56";"6";"wieś";"stały";"Dom Ludowy w Stykowie, Styków 318, 36-060 Głogów Małopolski";"gm. Głogów Małopolski";"rzeszowski";"podkarpackie";"631";"696";"200";"431";"0";"0";"0";"0";"0";"0";"0";"0";"0";"431";"0";"0";"431";"5";"2";"3";"0";"426";"116";"310"
"0a02-cdf0-a7ca-c468-9a2c-e5cb-b233-f339";"181606";"56";"7";"wieś";"stały";"Zespół Szkół w Budach Głogowskich, Budy Głogowskie 846, 36-060 Głogów Małopolski";"gm. Głogów Małopolski";"rzeszowski";"podkarpackie";"1364";"1499";"425";"939";"0";"3";"0";"0";"0";"0";"0";"0";"0";"939";"0";"0";"939";"13";"2";"11";"0";"926";"203";"723"
"6b55-978e-3f36-9456-5864-229e-2e20-0d7f";"181606";"56";"8";"wieś";"stały";"Dom Ludowy w Wysokiej Głogowskiej, Wysoka Głogowska 302, 36-061 Wysoka Głogowska";"gm. Głogów Małopolski";"rzeszowski";"podkarpackie";"1653";"1819";"417";"1236";"1";"1";"0";"0";"0";"0";"0";"0";"0";"1235";"0";"0";"1235";"19";"5";"14";"0";"1216";"266";"950"
"0568-3b2f-9c18-5a97-24be-dcb2-7c7f-e62d";"181606";"56";"9";"wieś";"stały";"Dom Ludowy w Woli Cichej, Wola Cicha 151, 36-060 Głogów Małopolski";"gm. Głogów Małopolski";"rzeszowski";"podkarpackie";"250";"275";"69";"181";"0";"0";"0";"0";"0";"0";"0";"0";"0";"181";"0";"0";"181";"3";"1";"2";"0";"178";"66";"112"
"e0fa-3e28-097f-f073-011a-7d32-a9ff-5106";"181606";"56";"10";"wieś";"stały";"Dom Ludowy w Zabajce, Zabajka 145, 36-060 Głogów Małopolski";"gm. Głogów Małopolski";"rzeszowski";"podkarpackie";"584";"632";"170";"414";"0";"2";"0";"0";"0";"0";"0";"0";"0";"414";"0";"0";"414";"3";"1";"2";"0";"411";"148";"263"
"9523-6d6f-66c1-4a69-9e02-e07e-a659-c6e4";"181606";"56";"11";"wieś";"stały";"Dom Strażaka w Lipiu, Lipie 64, 36-060 Głogów Małopolski";"gm. Głogów Małopolski";"rzeszowski";"podkarpackie";"374";"409";"97";"277";"0";"2";"0";"0";"0";"0";"0";"0";"0";"277";"0";"0";"277";"3";"0";"3";"0";"274";"107";"167"
"5131-45ec-c706-3a3b-a749-7c3c-fa03-219e";"181606";"56";"12";"wieś";"stały";"Dom Ludowy w Rogoźnicy, Rogoźnica 98, 36-060 Głogów Małopolski";"gm. Głogów Małopolski";"rzeszowski";"podkarpackie";"442";"489";"120";"322";"0";"0";"0";"0";"0";"0";"0";"0";"0";"322";"0";"0";"322";"8";"0";"8";"0";"314";"111";"203"
"57cb-1039-2582-1bfb-6fa5-2156-7a95-364a";"181606";"56";"13";"wieś";"stały";"Dom Ludowy w Rudnej Małej, Rudna Mała 415A, 36-054 Mrowla";"gm. Głogów Małopolski";"rzeszowski";"podkarpackie";"1097";"1198";"325";"772";"1";"1";"0";"0";"0";"0";"0";"0";"0";"772";"0";"0";"772";"9";"1";"8";"0";"763";"347";"416"
"89ad-229f-6dae-4eaf-77a4-2b34-e7da-beea";"181606";"56";"14";"wieś";"stały";"Remiza OSP w Pogwizdowie Nowym, Pogwizdów Nowy 252, 36-062 Zaczernie";"gm. Głogów Małopolski";"rzeszowski";"podkarpackie";"875";"956";"220";"655";"0";"3";"0";"0";"0";"0";"0";"0";"0";"655";"0";"0";"655";"5";"2";"3";"0";"650";"327";"323"
"a2b4-f785-1ca6-f401-cba4-f516-28f5-8e8d";"181606";"56";"15";"miasto";"stały";"Miejsko Gminny Dom Kultury w Głogowie Małopolskim, Kardynała Stefana Wyszyńskiego 12, 36-060 Głogów Małopolski";"gm. Głogów Małopolski";"rzeszowski";"podkarpackie";"1776";"1970";"378";"1398";"1";"10";"0";"0";"0";"0";"0";"0";"0";"1398";"0";"0";"1398";"25";"18";"7";"0";"1373";"636";"737"
"0db0-c0ed-168a-0fe3-dd5d-e940-6762-dd89";"181606";"56";"16";"wieś";"zakład leczniczy";"Nowe Techniki Medyczne Szpital Specjalistyczny im. Świętej Rodziny Sp. z o. o. w Rudnej Małej, Rudna Mała 600, 36-060 Głogów Małopolski";"gm. Głogów Małopolski";"rzeszowski";"podkarpackie";"174";"53";"144";"30";"0";"4";"0";"0";"0";"0";"0";"0";"0";"30";"0";"0";"30";"1";"0";"1";"0";"29";"10";"19"
"ac62-9b4b-2a63-7480-8e60-7d65-fdb3-f3a7";"181607";"56";"1";"wieś";"stały";"Szkoła Podstawowa, Brzezówka 111, 36-024 Hyżne";"gm. Hyżne";"rzeszowski";"podkarpackie";"410";"450";"124";"286";"1";"1";"0";"0";"0";"0";"0";"0";"0";"286";"0";"0";"286";"5";"1";"4";"0";"281";"58";"223"
"8263-06d0-b50e-9e8f-1653-392c-f8d0-7438";"181607";"56";"2";"wieś";"stały";"Budynek Gimnazjum, Hyżne 614, 36-024 Hyżne";"gm. Hyżne";"rzeszowski";"podkarpackie";"1024";"1130";"251";"773";"4";"0";"0";"0";"0";"0";"0";"0";"0";"773";"0";"0";"773";"9";"2";"7";"0";"764";"182";"582"
"b78d-fd1a-7fa4-7a09-5c24-1503-1381-ba13";"181607";"56";"3";"wieś";"stały";"Gminny Ośrodek Kultury, Hyżne 182, 36-024 Hyżne";"gm. Hyżne";"rzeszowski";"podkarpackie";"1019";"1121";"279";"740";"5";"4";"0";"0";"0";"0";"0";"0";"0";"740";"0";"0";"740";"18";"3";"15";"0";"722";"123";"599"
"d6cd-9818-61ef-8bda-35d7-9a49-e938-ce3d";"181607";"56";"4";"wieś";"stały";"Klub Strażaka Nieborów, Hyżne 791, 36-024 Hyżne";"gm. Hyżne";"rzeszowski";"podkarpackie";"230";"253";"37";"193";"1";"2";"0";"0";"0";"0";"0";"0";"0";"193";"0";"0";"193";"8";"1";"7";"0";"185";"36";"149"
"b1ce-69a6-4baf-8380-cad9-822b-6744-be54";"181607";"56";"5";"wieś";"stały";"Szkoła Podstawowa im. Św. Jana Kantego, Grzegorzówka 173, 36-025 Dylągówka";"gm. Hyżne";"rzeszowski";"podkarpackie";"400";"436";"112";"288";"0";"0";"0";"0";"0";"0";"0";"0";"0";"288";"0";"0";"288";"9";"2";"7";"0";"279";"68";"211"
"2c2d-6c38-f1a9-ed3d-afd2-aa50-13d8-1116";"181607";"56";"6";"wieś";"stały";"Szkoła Podstawowa, Wólka Hyżneńska 28, 36-025 Dylągówka";"gm. Hyżne";"rzeszowski";"podkarpackie";"520";"571";"158";"362";"0";"0";"1";"1";"0";"0";"0";"0";"1";"363";"1";"0";"363";"4";"2";"2";"0";"359";"62";"297"
"6eb2-1e64-44d4-c317-3b69-377e-67a9-3a96";"181607";"56";"7";"wieś";"stały";"Budynek ""GOSIR"", Dylągówka 279, 36-025 Dylągówka";"gm. Hyżne";"rzeszowski";"podkarpackie";"770";"846";"208";"562";"0";"0";"0";"0";"0";"0";"0";"0";"0";"562";"0";"0";"562";"9";"2";"7";"0";"553";"139";"414"
"3523-a519-ce05-ca63-8e18-3724-51a9-f44e";"181607";"56";"8";"wieś";"stały";"Szkoła Podstawowa, Szklary 148, 36-025 Dylągówka";"gm. Hyżne";"rzeszowski";"podkarpackie";"657";"728";"223";"434";"0";"3";"0";"0";"0";"0";"0";"0";"0";"434";"0";"0";"434";"5";"1";"4";"0";"429";"77";"352"
"0cb9-464a-b506-d55d-0966-b4c7-a929-baba";"181608";"56";"1";"wieś";"stały";"Środowiskowy Dom Samopomocy w Kamieniu, Kamień 376, 36-053 Kamień";"gm. Kamień";"rzeszowski";"podkarpackie";"916";"986";"357";"559";"4";"0";"0";"0";"0";"0";"0";"0";"0";"559";"0";"0";"559";"8";"0";"8";"0";"551";"160";"391"
"9415-02d9-38d9-ca78-7970-730f-9a0e-e446";"181608";"56";"2";"wieś";"stały";"Zespół Szkół im. Jana Pawła II w Łowisku, Łowisko 181, 36-053 Kamień";"gm. Kamień";"rzeszowski";"podkarpackie";"1036";"1146";"285";"751";"1";"9";"0";"0";"0";"0";"0";"0";"0";"751";"0";"0";"751";"10";"4";"6";"0";"741";"69";"672"
"89ac-896d-73db-6b37-f5d6-83df-821e-6424";"181608";"56";"3";"wieś";"stały";"Szkoła Podstawowa w Kamieniu Krzywej Wsi, Krzywa Wieś 127, 36-053 Kamień";"gm. Kamień";"rzeszowski";"podkarpackie";"567";"630";"158";"409";"1";"0";"0";"0";"0";"0";"0";"0";"0";"409";"0";"0";"409";"9";"1";"8";"0";"400";"97";"303"
"a133-da82-8e7b-3e9c-7f37-1ae0-f4c4-4a8a";"181608";"56";"4";"wieś";"stały";"Szkoła Podstawowa im. św. Floriana w Kamieniu Podlesiu, Podlesie 151, 36-053 Kamień";"gm. Kamień";"rzeszowski";"podkarpackie";"597";"651";"217";"380";"0";"0";"0";"0";"0";"0";"0";"0";"0";"380";"0";"0";"380";"11";"0";"11";"0";"369";"75";"294"
"3426-20a6-b450-e13a-f4fa-da8f-b4c7-f6c9";"181608";"56";"5";"wieś";"stały";"Szkoła Podstawowa im. św. Jadwigi Królowej w Kamieniu Prusinie, Kamień 119, 36-053 Kamień";"gm. Kamień";"rzeszowski";"podkarpackie";"1247";"1361";"527";"720";"3";"1";"0";"0";"0";"0";"0";"0";"0";"720";"0";"0";"720";"15";"4";"11";"0";"705";"133";"572"
"19c0-27fe-1f73-4858-d545-55f8-e014-2061";"181608";"56";"6";"wieś";"stały";"Zespół Szkół im. św. Stanisława Kostki w Kamieniu, Nowy Kamień 26, 36-053 Kamień";"gm. Kamień";"rzeszowski";"podkarpackie";"708";"772";"250";"458";"2";"4";"0";"0";"0";"0";"0";"0";"0";"458";"0";"0";"458";"7";"0";"7";"0";"451";"115";"336"
"694d-939d-ae31-46ca-4abf-ec39-cdca-19fb";"181609";"56";"1";"wieś";"stały";"Gminne Przedszkole w Krasnem, Krasne 741, 36-007 Krasne";"gm. Krasne";"rzeszowski";"podkarpackie";"1603";"1764";"511";"1092";"3";"5";"0";"0";"0";"0";"0";"0";"0";"1092";"0";"0";"1092";"9";"2";"7";"0";"1083";"484";"599"
"bb18-0824-fdc9-5bcf-40b1-ca7f-df8b-f6d4";"181609";"56";"2";"wieś";"stały";"Szkoła Podstawowa w Krasnem, Krasne 742, 36-007 Krasne";"gm. Krasne";"rzeszowski";"podkarpackie";"1774";"1958";"428";"1346";"3";"7";"0";"0";"0";"0";"0";"0";"0";"1346";"0";"0";"1346";"21";"1";"20";"0";"1325";"575";"750"
"da0c-5a28-23bc-9278-f712-9e9f-fb2b-1d00";"181609";"56";"3";"wieś";"stały";"Zespół Szkół w Malawie, Malawa 199 A, 36-007 Krasne";"gm. Krasne";"rzeszowski";"podkarpackie";"1405";"1569";"327";"1078";"0";"2";"0";"0";"0";"0";"0";"0";"0";"1078";"0";"0";"1078";"21";"6";"15";"0";"1057";"353";"704"
"86fb-3964-f5d6-d188-f65d-610b-30fe-80fc";"181609";"56";"4";"wieś";"stały";"Gminne Przedszkole w Malawie, Malawa 199 B, 36-007 Krasne";"gm. Krasne";"rzeszowski";"podkarpackie";"1122";"1189";"374";"748";"0";"0";"0";"0";"0";"0";"0";"0";"0";"748";"0";"0";"748";"10";"1";"9";"0";"738";"254";"484"
"4374-7087-9636-8770-0357-41fa-3d32-df0f";"181609";"56";"5";"wieś";"stały";"Zespół Szkół w Strażowie, Strażów 270A, 36-073 Strażów";"gm. Krasne";"rzeszowski";"podkarpackie";"1452";"1494";"498";"954";"0";"6";"0";"0";"0";"0";"0";"0";"0";"954";"0";"0";"954";"25";"4";"21";"0";"929";"396";"533"
"0405-2a95-462e-0f67-eba5-07ed-400d-b213";"181609";"56";"6";"wieś";"stały";"Szkoła Podstawowa w Palikówce, Palikówka 271, 36-073 Strażów";"gm. Krasne";"rzeszowski";"podkarpackie";"1010";"999";"320";"690";"0";"4";"0";"0";"0";"0";"0";"0";"0";"685";"0";"0";"685";"9";"4";"5";"0";"676";"255";"421"
"c9ea-ff09-d316-2ddc-5569-f1ea-7b43-9363";"181610";"56";"1";"wieś";"stały";"Urząd Gminy, Lubenia 131, 36-042 Lubenia";"gm. Lubenia";"rzeszowski";"podkarpackie";"1756";"1925";"537";"1219";"3";"3";"0";"0";"0";"0";"0";"0";"0";"1219";"0";"0";"1219";"23";"4";"19";"0";"1196";"340";"856"
"f7bf-8a36-1183-af51-ac04-c6e1-3463-a282";"181610";"56";"2";"wieś";"stały";"Dom Kultury, Siedliska 124, 36-042 Lubenia";"gm. Lubenia";"rzeszowski";"podkarpackie";"1287";"1406";"332";"955";"2";"5";"0";"0";"0";"0";"0";"0";"0";"955";"0";"0";"955";"16";"3";"13";"0";"939";"270";"669"
"5430-4c73-9999-3113-a451-30d3-3d71-7d6d";"181610";"56";"3";"wieś";"stały";"Szkoła Podstawowa w Straszydlu, Straszydle 155, 36-043 Lubenia";"gm. Lubenia";"rzeszowski";"podkarpackie";"1361";"1500";"448";"913";"2";"1";"0";"0";"0";"0";"0";"0";"0";"913";"0";"0";"913";"15";"3";"12";"0";"898";"195";"703"
"9018-3331-4106-aefb-bdfd-d3eb-8693-f1bd";"181610";"56";"4";"wieś";"stały";"Dom Kultury, Sołonka 26, 36-043 Lubenia";"gm. Lubenia";"rzeszowski";"podkarpackie";"335";"368";"100";"235";"1";"2";"0";"0";"0";"0";"0";"0";"0";"235";"0";"0";"235";"3";"1";"2";"0";"232";"58";"174"
"27c7-5193-1052-1164-4a4f-e5a5-8329-5294";"181611";"56";"1";"miasto";"stały";"Miejsko Gminny Ośrodek Kultury Sportu i Rekreacji, Lubelska 5, 36-050 Sokołów Małopolski";"gm. Sokołów Małopolski";"rzeszowski";"podkarpackie";"1369";"1666";"322";"1047";"0";"6";"0";"0";"0";"0";"0";"0";"0";"1047";"0";"0";"1047";"24";"12";"12";"0";"1023";"414";"609"
"4161-ac38-e695-b144-4688-39a3-e729-ce6a";"181611";"56";"2";"miasto";"stały";"Zespół Szkół im. Jana Pawła II, Lubelska 41, 36-050 Sokołów Małopolski";"gm. Sokołów Małopolski";"rzeszowski";"podkarpackie";"1398";"1649";"344";"1054";"1";"6";"0";"0";"0";"0";"0";"0";"0";"1054";"0";"0";"1054";"21";"7";"14";"0";"1033";"356";"677"
"9934-dcad-56c9-ede5-9a37-ff52-201f-7d85";"181611";"56";"3";"wieś";"stały";"Świetlica Wiejska, Markowizna 34, 36-051 Górno";"gm. Sokołów Małopolski";"rzeszowski";"podkarpackie";"271";"323";"95";"176";"0";"0";"0";"0";"0";"0";"0";"0";"0";"176";"0";"0";"176";"3";"2";"1";"0";"173";"34";"139"
"0278-1533-2603-beb8-533c-ed31-6e82-d723";"181611";"56";"4";"wieś";"stały";"Samodzielny Publiczny Zespół Zakładów Opieki Zdrowotnej ""Sanatorium"", Rzeszowska 5, 36-051 Górno";"gm. Sokołów Małopolski";"rzeszowski";"podkarpackie";"354";"446";"185";"169";"0";"4";"0";"0";"0";"0";"0";"0";"0";"169";"0";"0";"169";"3";"0";"3";"0";"166";"34";"132"
"e6e3-b661-0e89-48f5-808b-5855-2f05-ba0b";"181611";"56";"5";"wieś";"stały";"Zespół Szkół im. ks. M. Lachora, Centralna 14, 36-051 Górno";"gm. Sokołów Małopolski";"rzeszowski";"podkarpackie";"1069";"1307";"246";"823";"0";"4";"0";"0";"0";"0";"0";"0";"0";"823";"0";"0";"823";"15";"2";"13";"0";"808";"164";"644"
"6d1b-a1c1-d922-52c1-88c1-3e91-6653-4268";"181611";"56";"6";"wieś";"stały";"Zespół Szkół im. Bł. Bronisława Markiewicza, Trzeboś, Trzeboś Górna Kościelna 1, 36-050 Sokołów Małopolski";"gm. Sokołów Małopolski";"rzeszowski";"podkarpackie";"1421";"1702";"364";"1057";"2";"3";"0";"0";"0";"0";"0";"0";"0";"1057";"0";"0";"1057";"16";"5";"11";"0";"1041";"157";"884"
"adf8-cbef-aefd-2e6b-2006-c265-282b-a7a5";"181611";"56";"7";"wieś";"stały";"Ochotnicza Straż Pożarna, Nienadówka 712, 36-052 Nienadówka";"gm. Sokołów Małopolski";"rzeszowski";"podkarpackie";"1820";"2194";"430";"1391";"1";"1390";"0";"0";"0";"0";"0";"0";"0";"1390";"0";"0";"1390";"37";"9";"28";"0";"1353";"283";"1070"
"9d57-a9f2-4726-9c6b-e0d1-6bb5-d47a-591d";"181611";"56";"8";"wieś";"stały";"Zespół Szkół im. Królowej Jadwigi, Trzebuska 196, 36-050 Sokołów Małopolski";"gm. Sokołów Małopolski";"rzeszowski";"podkarpackie";"757";"912";"206";"551";"0";"0";"0";"0";"0";"0";"0";"0";"0";"551";"0";"0";"551";"5";"0";"5";"0";"546";"115";"431"
"aa95-4111-1a64-ab25-1128-e9b0-5720-f3bb";"181611";"56";"9";"wieś";"stały";"Dom Kultury, Wólka Niedźwiedzka 264, 36-050 Sokołów Małopolski";"gm. Sokołów Małopolski";"rzeszowski";"podkarpackie";"1230";"1473";"390";"840";"1";"3";"0";"0";"0";"0";"0";"0";"0";"840";"0";"0";"840";"7";"1";"6";"0";"833";"136";"697"
"7f02-e404-bc3f-bd2e-ad3c-834b-f9a8-d1c1";"181611";"56";"10";"wieś";"stały";"Świetlica Wiejska, Wólka Sokołowska 109, 36-050 Sokołów Małopolski";"gm. Sokołów Małopolski";"rzeszowski";"podkarpackie";"467";"570";"135";"332";"0";"1";"0";"0";"0";"0";"0";"0";"0";"332";"0";"0";"332";"0";"0";"0";"0";"332";"61";"271"
"0481-dd7c-b459-5360-cf95-d663-e09b-c893";"181611";"56";"11";"wieś";"stały";"Szkoła Podstawowa im. Św. St. Kostki, Trzeboś-Podlas Podlas 29, 36-050 Sokołów Małopolski";"gm. Sokołów Małopolski";"rzeszowski";"podkarpackie";"219";"268";"89";"130";"0";"0";"0";"0";"0";"0";"0";"0";"0";"130";"0";"0";"130";"1";"0";"1";"0";"129";"22";"107"
"b949-1ced-d216-4858-dbca-96f9-335e-c0f5";"181611";"56";"12";"wieś";"stały";"Zespół Szkół w Sokołowie Młp., Lubelska 37, 36-050 Sokołów Małopolski";"gm. Sokołów Małopolski";"rzeszowski";"podkarpackie";"419";"511";"109";"310";"1";"0";"0";"0";"0";"0";"0";"0";"0";"310";"0";"0";"310";"5";"5";"0";"0";"305";"60";"245"
"4450-4e5e-1bee-eb00-d9e7-c657-ce61-296c";"181611";"56";"13";"wieś";"stały";"Świetlica Wiejska, Kąty Trzebuskie 107, 36-050 Sokołów Małopolski";"gm. Sokołów Małopolski";"rzeszowski";"podkarpackie";"367";"455";"97";"270";"0";"0";"0";"0";"0";"0";"0";"0";"0";"270";"0";"0";"270";"7";"2";"5";"0";"263";"36";"227"
"3e67-d517-81e4-3c34-8571-8ad2-ff4b-331e";"181612";"56";"1";"wieś";"stały";"Szkoła Podstawowa w Świlczy, Świlcza 336, 36-072 Świlcza";"gm. Świlcza";"rzeszowski";"podkarpackie";"836";"913";"282";"554";"1";"2";"0";"0";"0";"0";"0";"0";"0";"554";"0";"0";"554";"4";"3";"1";"0";"550";"189";"361"
"9dfd-b435-a33b-c8be-2708-9fb3-5669-f7e9";"181612";"56";"2";"wieś";"stały";"Dom Strażaka w Świlczy, Świlcza 151, 36-072 Świlcza";"gm. Świlcza";"rzeszowski";"podkarpackie";"1666";"1838";"466";"1200";"1";"11";"0";"0";"0";"0";"0";"0";"0";"1200";"0";"0";"1200";"16";"3";"13";"0";"1184";"478";"706"
"2b41-a011-7a14-942a-eb30-cc51-1be3-9c8b";"181612";"56";"3";"wieś";"stały";"Dom Strażaka w Mrowli, Mrowla 83A, 36-054 Mrowla";"gm. Świlcza";"rzeszowski";"podkarpackie";"1063";"1189";"275";"788";"2";"7";"0";"0";"0";"0";"0";"0";"0";"788";"0";"0";"788";"20";"2";"18";"0";"768";"272";"496"
"4fbb-ce09-1a4b-5307-e1b6-867d-5a38-952a";"181612";"56";"4";"wieś";"stały";"Szkoła Podstawowa w Rudnej Wielkiej, Rudna Wielka 60, 36-054 Mrowla";"gm. Świlcza";"rzeszowski";"podkarpackie";"1030";"1230";"165";"865";"2";"1";"0";"0";"0";"0";"0";"0";"0";"865";"0";"0";"865";"16";"6";"10";"0";"849";"366";"483"
"2891-07b1-f5d4-13f1-e560-639e-e354-40ef";"181612";"56";"5";"wieś";"stały";"Środowiskowy Dom Samopomocy w Woliczce, Woliczka 64, 36-071 Trzciana";"gm. Świlcza";"rzeszowski";"podkarpackie";"419";"463";"109";"310";"0";"0";"0";"0";"0";"0";"0";"0";"0";"310";"0";"0";"310";"7";"2";"5";"0";"303";"112";"191"
"1092-d6d1-3b57-70e1-b89a-b25e-43b3-99be";"181612";"56";"6";"wieś";"stały";"Dom Ludowy w Błędowej Zgłobieńskiej, Błędowa Zgłobieńska 110A, 36-071 Trzciana";"gm. Świlcza";"rzeszowski";"podkarpackie";"409";"444";"159";"250";"0";"0";"0";"0";"0";"0";"0";"0";"0";"250";"0";"0";"250";"3";"0";"3";"0";"247";"83";"164"
"6457-6834-ffa2-0f17-0134-72ed-0195-0c8f";"181612";"56";"7";"wieś";"stały";"Dom Ludowy w Dąbrowie, Dąbrowa 36A, 36-071 Trzciana";"gm. Świlcza";"rzeszowski";"podkarpackie";"808";"883";"283";"525";"0";"1";"0";"0";"0";"0";"0";"0";"0";"525";"0";"0";"525";"12";"3";"9";"0";"513";"195";"318"
"88fc-83cd-c171-a819-dc84-7dfa-0e1f-34bf";"181612";"56";"8";"wieś";"stały";"Szkoła Podstawowa w Trzcianie, Trzciana 168, 36-071 Trzciana";"gm. Świlcza";"rzeszowski";"podkarpackie";"1858";"2025";"589";"1269";"1";"8";"0";"0";"0";"0";"0";"0";"0";"1269";"0";"0";"1269";"30";"9";"21";"0";"1239";"487";"752"
"1167-4075-be22-8006-7d9a-660e-6116-fbf9";"181612";"56";"9";"wieś";"stały";"Szkoła Podstawowa w Bratkowicach, Bratkowice 398, 36-055 Bratkowice";"gm. Świlcza";"rzeszowski";"podkarpackie";"1579";"1732";"502";"1077";"0";"3";"0";"0";"0";"0";"0";"0";"0";"1077";"0";"0";"1077";"22";"1";"21";"0";"1055";"309";"746"
"62bd-76d5-7396-6f06-1d1c-29e9-ef15-1606";"181612";"56";"10";"wieś";"stały";"Szkoła Podstawowa w Bratkowicach, Bratkowice 398, 36-055 Bratkowice";"gm. Świlcza";"rzeszowski";"podkarpackie";"1565";"1700";"512";"1053";"0";"3";"0";"0";"0";"0";"0";"0";"0";"1053";"0";"0";"1053";"21";"2";"19";"0";"1032";"300";"732"
"fc21-c59e-1f7c-8880-291b-afaa-ec0c-e66f";"181613";"56";"1";"wieś";"stały";"Przedszkole w Trzebownisku, Trzebownisko 968, 36-001 Trzebownisko";"gm. Trzebownisko";"rzeszowski";"podkarpackie";"2608";"2818";"818";"1790";"1";"5";"0";"0";"0";"0";"0";"0";"0";"1790";"0";"0";"1790";"22";"5";"17";"0";"1768";"696";"1072"
"a1d9-a860-d5fd-fa21-ad89-93ff-8894-e3fe";"181613";"56";"2";"wieś";"stały";"Zespół Szkół w Zaczerniu im. Armii Krajowej, Zaczernie 249A, 36-062 Zaczernie";"gm. Trzebownisko";"rzeszowski";"podkarpackie";"2589";"2849";"580";"2008";"1";"11";"0";"0";"0";"0";"0";"0";"0";"2007";"0";"0";"2007";"35";"23";"12";"0";"1972";"765";"1207"
"e35c-b7fe-b6c6-a5b8-17b8-48ba-9c6f-358e";"181613";"56";"3";"wieś";"stały";"Zespół Szkół w Nowej Wsi, Nowa Wieś 200, 36-001 Trzebownisko";"gm. Trzebownisko";"rzeszowski";"podkarpackie";"995";"1076";"227";"768";"1";"5";"0";"0";"0";"0";"0";"0";"0";"768";"0";"0";"768";"17";"1";"16";"0";"751";"267";"484"
"dc98-adee-1cb7-f22c-c3e0-24e5-769e-8908";"181613";"56";"4";"wieś";"stały";"Dom Ludowy w Tajęcinie, Tajęcina 39, 36-002 Jasionka";"gm. Trzebownisko";"rzeszowski";"podkarpackie";"380";"413";"121";"259";"0";"0";"0";"0";"0";"0";"0";"0";"0";"259";"0";"0";"259";"1";"0";"1";"0";"258";"126";"132"
"d8a5-9ac0-2645-89e2-a9af-656f-92ea-0604";"181613";"56";"5";"wieś";"stały";"Zespół Szkół w Jasionce im. Jana Pawła II, Jasionka 301, 36-002 Jasionka";"gm. Trzebownisko";"rzeszowski";"podkarpackie";"1770";"1948";"501";"1269";"2";"4";"1";"1";"0";"0";"0";"0";"1";"1270";"1";"0";"1270";"26";"1";"25";"0";"1244";"511";"733"
"16b4-4980-255c-9d2a-7d42-bd6f-db19-690d";"181613";"56";"6";"wieś";"stały";"Zespół Szkół nr 1 w Stobiernej, Stobierna 357, 36-002 Jasionka";"gm. Trzebownisko";"rzeszowski";"podkarpackie";"1550";"1714";"522";"1028";"1";"5";"0";"0";"0";"0";"0";"0";"0";"1028";"0";"0";"1028";"13";"0";"13";"0";"1015";"351";"664"
"00e4-25ba-77ed-7c1a-380c-600d-eda6-8488";"181613";"56";"7";"wieś";"stały";"Szkoła podstawowa Nr 2 im. Ludwika Nabielaka w Stobiernej, Stobierna 954, 36-002 Jasionka";"gm. Trzebownisko";"rzeszowski";"podkarpackie";"759";"842";"268";"491";"0";"0";"0";"0";"0";"0";"0";"0";"0";"491";"0";"0";"491";"7";"3";"4";"0";"484";"148";"336"
"e58b-cc5c-6988-c865-814e-a922-bcf9-fd97";"181613";"56";"8";"wieś";"stały";"Zespół Szkół w Wólce Podleśnej, Wólka Podleśna 438, 36-002 Jasionka";"gm. Trzebownisko";"rzeszowski";"podkarpackie";"1170";"1240";"359";"811";"1";"3";"0";"0";"0";"0";"0";"0";"0";"810";"0";"0";"810";"17";"2";"15";"0";"793";"247";"546"
"95a0-8f8d-4ab8-c5dd-27aa-79cd-a1d3-9dc8";"181613";"56";"9";"wieś";"stały";"Dom Strażaka Łukawcu, Łukawiec 426, 36-004 Łąka";"gm. Trzebownisko";"rzeszowski";"podkarpackie";"1710";"1878";"495";"1215";"1";"3";"0";"0";"0";"0";"0";"0";"0";"1215";"0";"1";"1214";"15";"4";"11";"0";"1199";"309";"890"
"12cb-b76c-4343-d424-0888-d682-7fe4-a478";"181613";"56";"10";"wieś";"stały";"Zespół Szkół w Łące, Łąka 224B, 36-004 Łąka";"gm. Trzebownisko";"rzeszowski";"podkarpackie";"1429";"1562";"467";"962";"1";"0";"0";"0";"0";"0";"0";"0";"0";"962";"0";"1";"961";"17";"6";"11";"0";"944";"338";"606"
"dc88-2d24-4128-74b1-f4dd-6ad9-f31e-b4d0";"181613";"56";"11";"wieś";"stały";"Szkoła Podstawowa w Trzebownisku im. bpa Wojciecha Tomaki Szkoła filialna w Terliczce, Terliczka 213, 36-001 Trzebownisko";"gm. Trzebownisko";"rzeszowski";"podkarpackie";"410";"465";"108";"302";"0";"7";"0";"0";"0";"0";"0";"0";"0";"302";"0";"0";"302";"1";"0";"1";"0";"301";"100";"201"
"9dbc-e3b3-09e6-6743-02ca-4fc5-e48c-82f2";"181614";"56";"1";"miasto";"stały";"Miejsko-Gminny Ośrodek Kultury w Tyczynie (holl), ul. Mickiewicza 1, 36-020 Tyczyn";"gm. Tyczyn";"rzeszowski";"podkarpackie";"1030";"1122";"257";"773";"0";"7";"0";"0";"0";"0";"0";"0";"0";"773";"0";"0";"773";"15";"3";"12";"0";"758";"344";"414"
"e299-86a4-1f84-6e05-98e0-f4b9-eac2-28c8";"181614";"56";"2";"miasto";"stały";"Miejsko-Gminny Ośrodek Kultury w Tyczynie (sala widowiskowa), ul. Mickiewicza 1, 36-020 Tyczyn";"gm. Tyczyn";"rzeszowski";"podkarpackie";"1670";"1839";"451";"1219";"8";"8";"0";"0";"0";"0";"0";"0";"0";"1219";"0";"0";"1219";"19";"5";"14";"0";"1200";"521";"679"
"37f9-98ea-58f2-c6fe-d8fd-2bd1-6cc8-e3b2";"181614";"56";"3";"wieś";"stały";"Dom Ludowy w Kielnarowej, Kielnarowa 57, 36-020 Tyczyn";"gm. Tyczyn";"rzeszowski";"podkarpackie";"1363";"1524";"419";"944";"0";"7";"0";"0";"0";"0";"0";"0";"0";"944";"0";"0";"944";"14";"4";"10";"0";"930";"319";"611"
"f832-9b0d-ed5e-6978-00eb-fd0b-cd4c-220b";"181614";"56";"4";"wieś";"stały";"Dom Ludowy w Borku Starym, Borek Stary 84, 36-020 Tyczyn";"gm. Tyczyn";"rzeszowski";"podkarpackie";"1309";"1437";"379";"930";"1";"5";"0";"0";"0";"0";"0";"0";"0";"930";"0";"0";"930";"16";"7";"9";"0";"914";"264";"650"
"b5a7-5e00-5883-5d3e-0e5b-2ca4-c12e-af09";"181614";"56";"5";"wieś";"stały";"Dom Ludowy w Hermanowej, Hermanowa 225, 36-020 Tyczyn";"gm. Tyczyn";"rzeszowski";"podkarpackie";"1030";"1129";"310";"720";"2";"2";"0";"0";"0";"0";"0";"0";"0";"720";"0";"0";"720";"17";"2";"15";"0";"703";"202";"501"
"19ff-4b30-1354-b7c5-6bae-ff8b-69b3-d8cc";"181614";"56";"6";"wieś";"stały";"Szkoła Podstawowa w Hermanowej, Hermanowa 212, 36-020 Tyczyn";"gm. Tyczyn";"rzeszowski";"podkarpackie";"907";"1004";"314";"593";"2";"1";"0";"0";"0";"0";"0";"0";"0";"593";"0";"0";"593";"20";"4";"16";"0";"573";"159";"414"
"4e28-309e-a5b3-b0c3-6690-bca6-b49e-f8eb";"186301";"56";"1";"miasto";"stały";"Szkoła Podstawowa nr 1, ul. Bernardyńska 4, 35-069 Rzeszów";"m. Rzeszów";"Rzeszów";"podkarpackie";"1563";"1794";"581";"982";"2";"40";"0";"0";"0";"0";"0";"0";"0";"982";"0";"0";"982";"18";"5";"13";"0";"964";"511";"453"
"6a40-d316-dd15-3f98-a6bd-c076-5eb7-d4e6";"186301";"56";"2";"miasto";"stały";"IX Liceum Ogólnokształcące z Oddziałami Dwujęzycznymi, ul. Orzeszkowej 8a, 35-006 Rzeszów";"m. Rzeszów";"Rzeszów";"podkarpackie";"1460";"1652";"541";"919";"2";"3";"0";"0";"0";"0";"0";"0";"0";"918";"0";"0";"918";"19";"3";"16";"0";"899";"475";"424"
"11a7-a39a-81ea-9fbf-8d93-e9be-dcc7-20bb";"186301";"56";"3";"miasto";"stały";"Zespół Szkół Muzycznych nr 1, ul. Szopena 32, 35-055 Rzeszów";"m. Rzeszów";"Rzeszów";"podkarpackie";"1369";"1560";"410";"959";"1";"14";"0";"0";"0";"0";"0";"0";"0";"956";"0";"0";"956";"20";"9";"11";"0";"936";"535";"401"
"b3d6-dfe5-08af-a103-f8b1-9467-db7a-b2c5";"186301";"56";"4";"miasto";"stały";"I Liceum Ogólnokształcące, ul. 3 Maja 15, 35-030 Rzeszów";"m. Rzeszów";"Rzeszów";"podkarpackie";"832";"973";"236";"596";"4";"38";"0";"0";"0";"0";"0";"0";"0";"595";"0";"0";"595";"15";"5";"10";"0";"580";"356";"224"
"d512-05c9-eb6b-37f9-8d85-072e-0360-6d87";"186301";"56";"5";"miasto";"stały";"Przedszkole Publiczne nr 7, ul. Pułaskiego 3a, 35-011 Rzeszów";"m. Rzeszów";"Rzeszów";"podkarpackie";"1835";"2089";"440";"1395";"2";"16";"0";"0";"0";"0";"0";"0";"0";"1393";"0";"0";"1393";"27";"11";"16";"0";"1366";"807";"559"
"90e0-2518-ed71-ce0e-8a4f-7043-5e33-c495";"186301";"56";"6";"miasto";"stały";"Zespół Szkół Ekonomicznych, ul. Hoffmanowej 13, 35-016 Rzeszów";"m. Rzeszów";"Rzeszów";"podkarpackie";"1589";"1795";"517";"1072";"0";"7";"2";"2";"0";"0";"0";"0";"2";"1075";"2";"0";"1075";"24";"7";"17";"0";"1051";"642";"409"
"6009-864f-3a10-d414-4e27-b6c8-fe01-1a31";"186301";"56";"7";"miasto";"stały";"Szkoła Podstawowa nr 17, ul. Bulwarowa 3, 35-051 Rzeszów";"m. Rzeszów";"Rzeszów";"podkarpackie";"1042";"1168";"280";"762";"1";"2";"0";"0";"0";"0";"0";"0";"0";"762";"0";"0";"762";"11";"0";"11";"0";"751";"474";"277"
"5a4d-23ce-1712-1b9f-9810-22ef-0607-2bd1";"186301";"56";"8";"miasto";"stały";"Zespół Szkół Plastycznych, ul. Staszica 16a, 35-051 Rzeszów";"m. Rzeszów";"Rzeszów";"podkarpackie";"1419";"1601";"410";"1009";"1";"16";"1";"1";"0";"0";"0";"0";"1";"1010";"1";"0";"1010";"30";"12";"18";"0";"980";"582";"398"
"dea6-f03e-08b3-be21-8f04-1320-97c0-947d";"186301";"56";"9";"miasto";"stały";"Miejskie Przedsiębiorstwo Energetyki Cieplnej-Rzeszów Sp. z o. o., ul. Staszica 24, 35-051 Rzeszów";"m. Rzeszów";"Rzeszów";"podkarpackie";"1149";"1317";"334";"815";"1";"11";"0";"0";"0";"0";"0";"0";"0";"815";"0";"0";"815";"26";"5";"21";"0";"789";"527";"262"
"3d99-34ba-66a5-26cc-3140-49a8-1348-8c5d";"186301";"56";"10";"miasto";"stały";"Zespół Szkół Sportowych, ul. Hetmańska 38, 35-045 Rzeszów";"m. Rzeszów";"Rzeszów";"podkarpackie";"1648";"1911";"490";"1158";"4";"27";"0";"0";"0";"0";"0";"0";"0";"1158";"0";"0";"1158";"25";"6";"19";"0";"1133";"753";"380"
"a8dd-72d2-df34-81ec-366c-56b3-da12-7625";"186301";"56";"11";"miasto";"stały";"Szkoła Podstawowa nr 10, ul. Dominikańska 4, 35-077 Rzeszów";"m. Rzeszów";"Rzeszów";"podkarpackie";"1545";"1745";"491";"1054";"3";"32";"0";"0";"0";"0";"0";"0";"0";"1054";"0";"0";"1054";"17";"3";"14";"0";"1037";"572";"465"
"f270-7fa2-264b-89c7-32ef-d8bc-5997-c1d5";"186301";"56";"12";"miasto";"stały";"Szkoła Podstawowa nr 10, ul. Dominikańska 4, 35-077 Rzeszów";"m. Rzeszów";"Rzeszów";"podkarpackie";"1711";"1928";"531";"1180";"1";"7";"0";"0";"0";"0";"0";"0";"0";"1180";"0";"0";"1180";"32";"11";"21";"0";"1148";"661";"487"
"7e44-f292-f877-4524-50d3-39b3-737c-a8c1";"186301";"56";"13";"miasto";"stały";"Zespół Szkół Energetycznych, ul. W. Pola 1, 35-021 Rzeszów";"m. Rzeszów";"Rzeszów";"podkarpackie";"1535";"1749";"512";"1023";"2";"5";"0";"0";"0";"0";"0";"0";"0";"1023";"0";"0";"1023";"18";"2";"16";"0";"1005";"640";"365"
"bef2-63eb-2d9e-ab88-8b19-1e0f-3eb1-79cc";"186301";"56";"14";"miasto";"stały";"IV Liceum Ogólnokształcące, ul. Dąbrowskiego 82, 35-040 Rzeszów";"m. Rzeszów";"Rzeszów";"podkarpackie";"1070";"1220";"397";"673";"6";"20";"0";"0";"0";"0";"0";"0";"0";"673";"0";"0";"673";"13";"6";"7";"0";"660";"373";"287"
"63d8-1988-c0fc-1a36-e27c-061d-8bfc-4db5";"186301";"56";"15";"miasto";"stały";"Zespół Szkół Technicznych, ul. Matuszczaka 7, 35-083 Rzeszów";"m. Rzeszów";"Rzeszów";"podkarpackie";"2156";"2433";"427";"1729";"0";"39";"0";"0";"0";"0";"0";"0";"0";"1729";"0";"0";"1729";"37";"8";"29";"0";"1692";"1107";"585"
"8296-cb45-91c5-6f62-d831-fc2b-bd69-93a7";"186301";"56";"16";"miasto";"stały";"Zespół Szkolno-Przedszkolny nr 4, ul. Staroniwska 55, 35-101 Rzeszów";"m. Rzeszów";"Rzeszów";"podkarpackie";"2286";"2560";"550";"1736";"3";"11";"0";"0";"0";"0";"0";"0";"0";"1736";"0";"0";"1736";"39";"16";"23";"0";"1697";"1030";"667"
"ca36-9373-c42f-2d03-d8ce-339f-4479-8514";"186301";"56";"17";"miasto";"stały";"Szkoła Podstawowa nr 16, ul. Bohaterów 1, 35-112 Rzeszów";"m. Rzeszów";"Rzeszów";"podkarpackie";"1637";"1834";"390";"1247";"2";"15";"0";"0";"0";"0";"0";"0";"0";"1246";"0";"0";"1246";"19";"7";"12";"0";"1227";"693";"534"
"75cf-a5a3-e515-d909-651a-01ec-fbcb-2023";"186301";"56";"18";"miasto";"stały";"Szkoła Podstawowa nr 16, ul. Bohaterów 1, 35-112 Rzeszów";"m. Rzeszów";"Rzeszów";"podkarpackie";"1519";"1687";"388";"1131";"0";"0";"0";"0";"0";"0";"0";"0";"0";"1129";"0";"0";"1129";"26";"8";"18";"0";"1103";"659";"444"
"4474-12c2-2712-b108-ef3c-9545-d324-45be";"186301";"56";"19";"miasto";"stały";"Przedszkole Publiczne nr 17, ul. Witkacego 5, 35-111 Rzeszów";"m. Rzeszów";"Rzeszów";"podkarpackie";"1719";"1928";"375";"1344";"0";"11";"0";"0";"0";"0";"0";"0";"0";"1344";"0";"0";"1344";"25";"7";"18";"0";"1319";"659";"660"
"5db8-26be-a47b-d135-e101-b6e5-302f-c24b";"186301";"56";"20";"miasto";"stały";"Szkoła Podstawowa nr 22 z Oddziałami Integracyjnymi, ul. Ptasia 2, 35-207 Rzeszów";"m. Rzeszów";"Rzeszów";"podkarpackie";"1281";"1425";"440";"841";"3";"3";"0";"0";"0";"0";"0";"0";"0";"841";"0";"0";"841";"19";"7";"12";"0";"822";"417";"405"
"f4d9-ddb3-6e60-67c9-3049-e604-9a18-f03f";"186301";"56";"21";"miasto";"stały";"Przedszkole Publiczne nr 12, ul. Kopaczewskiego 1, 35-225 Rzeszów";"m. Rzeszów";"Rzeszów";"podkarpackie";"1277";"1437";"375";"902";"1";"6";"0";"0";"0";"0";"0";"0";"0";"902";"0";"0";"902";"29";"8";"21";"0";"873";"506";"367"
"9429-c73c-9584-0793-644a-c049-a096-aca8";"186301";"56";"22";"miasto";"stały";"Szkoła Podstawowa nr 8, ul. Kopaczewskiego 2, 35-225 Rzeszów";"m. Rzeszów";"Rzeszów";"podkarpackie";"1182";"1100";"614";"568";"0";"5";"0";"0";"0";"0";"0";"0";"0";"568";"0";"0";"568";"14";"1";"13";"0";"554";"245";"309"
"4058-5d79-b658-97f1-dbea-3dc9-f9fa-f75f";"186301";"56";"23";"miasto";"stały";"Zespół Szkół Specjalnych im. UNICEF, ul. Ofiar Katynia 1, 35-209 Rzeszów";"m. Rzeszów";"Rzeszów";"podkarpackie";"1539";"1704";"575";"964";"0";"5";"0";"0";"0";"0";"0";"0";"0";"964";"0";"0";"964";"26";"5";"21";"0";"938";"539";"399"
"a2ae-2877-22e9-33d6-ab79-3cd7-21d5-ba3c";"186301";"56";"24";"miasto";"stały";"Zespół Szkół Specjalnych im. UNICEF, ul. Ofiar Katynia 1, 35-209 Rzeszów";"m. Rzeszów";"Rzeszów";"podkarpackie";"1333";"1507";"377";"956";"1";"6";"0";"0";"0";"0";"0";"0";"0";"956";"0";"0";"956";"16";"2";"14";"0";"940";"578";"362"
"55b7-56c5-d43e-f65b-5fe5-6117-1fe1-da2d";"186301";"56";"25";"miasto";"stały";"Przedszkole Publiczne nr 22, ul. Ofiar Katynia 11, 35-209 Rzeszów";"m. Rzeszów";"Rzeszów";"podkarpackie";"1292";"1444";"351";"941";"1";"8";"0";"0";"0";"0";"0";"0";"0";"941";"0";"0";"941";"16";"9";"7";"0";"925";"502";"423"
"0dc1-aa56-e416-3e37-548f-5362-0c54-27d4";"186301";"56";"26";"miasto";"stały";"Zespół Szkolno-Przedszkolny nr 3, ul. Skrajna 1, 35-231 Rzeszów";"m. Rzeszów";"Rzeszów";"podkarpackie";"1586";"1788";"297";"1289";"5";"8";"1";"1";"0";"0";"0";"0";"1";"1290";"1";"0";"1290";"27";"12";"15";"0";"1263";"813";"450"
"4f0f-2ccf-092d-26df-d325-a606-2b59-e858";"186301";"56";"27";"miasto";"stały";"Rzeszowski Dom Kultury, ul. Staromiejska 43a, 35-231 Rzeszów";"m. Rzeszów";"Rzeszów";"podkarpackie";"1776";"1982";"372";"1404";"0";"12";"0";"0";"0";"0";"0";"0";"0";"1402";"0";"0";"1402";"30";"11";"19";"0";"1372";"830";"542"
"5c4e-5baf-6859-5fa3-32e5-e97f-ba3b-db3a";"186301";"56";"28";"miasto";"stały";"Przedszkole Publiczne nr 16, ul. Kochanowskiego 24, 35-201 Rzeszów";"m. Rzeszów";"Rzeszów";"podkarpackie";"1377";"1533";"422";"955";"0";"0";"0";"0";"0";"0";"0";"0";"0";"956";"0";"0";"956";"21";"11";"10";"0";"935";"536";"399"
"b921-f31b-a3ec-11dd-9642-8d10-5e1b-7fde";"186301";"56";"29";"miasto";"stały";"Zespół Szkolno-Przedszkolny nr 9, ul. Piotra Skargi 3, 35-202 Rzeszów";"m. Rzeszów";"Rzeszów";"podkarpackie";"1518";"1690";"490";"1028";"4";"4";"0";"0";"0";"0";"0";"0";"0";"1028";"0";"0";"1028";"18";"13";"5";"0";"1010";"547";"463"
"1c8d-b3ad-accb-b303-f979-0acb-f418-5a05";"186301";"56";"30";"miasto";"stały";"Zespół Szkolno-Przedszkolny nr 9, ul. Piotra Skargi 3, 35-202 Rzeszów";"m. Rzeszów";"Rzeszów";"podkarpackie";"1526";"1723";"398";"1128";"3";"11";"0";"0";"0";"0";"0";"0";"0";"1128";"0";"0";"1128";"14";"1";"13";"0";"1114";"560";"554"
"3397-6f97-6c42-c2b9-7540-e34d-8287-7e62";"186301";"56";"31";"miasto";"stały";"Szkoła Podstawowa nr 29, ul. Partyzantów 10a, 35-234 Rzeszów";"m. Rzeszów";"Rzeszów";"podkarpackie";"1650";"1893";"453";"1197";"2";"14";"0";"0";"0";"0";"0";"0";"0";"1197";"0";"0";"1197";"29";"7";"22";"0";"1168";"627";"541"
"f494-c24f-3290-d5f2-091a-a7a7-2dda-e43e";"186301";"56";"32";"miasto";"stały";"Zespół Szkolno-Przedszkolny nr 2, ul. Lwowska 17, 35-301 Rzeszów";"m. Rzeszów";"Rzeszów";"podkarpackie";"1297";"1466";"395";"902";"2";"17";"0";"0";"0";"0";"0";"0";"0";"902";"0";"0";"902";"23";"6";"17";"0";"879";"505";"374"
"0c20-4d12-b3a6-1bfd-87cf-4c54-6e58-bd19";"186301";"56";"33";"miasto";"stały";"Rzeszowski Dom Kultury, ul. Konfederatów Barskich 43a, 35-321 Rzeszów";"m. Rzeszów";"Rzeszów";"podkarpackie";"1418";"1590";"446";"972";"0";"2";"0";"0";"0";"0";"0";"0";"0";"972";"0";"0";"972";"21";"5";"16";"0";"951";"521";"430"
"d5e5-6460-d525-5392-78e2-5f7c-e30c-c224";"186301";"56";"34";"miasto";"stały";"Szkoła Podstawowa nr 21, ul. Miodowa 6, 35-303 Rzeszów";"m. Rzeszów";"Rzeszów";"podkarpackie";"1456";"1625";"282";"1174";"1";"8";"0";"0";"0";"0";"0";"0";"0";"1174";"0";"0";"1174";"32";"12";"20";"0";"1142";"658";"484"
"af00-f5fa-59d9-7f38-fa78-cdad-c3ea-4722";"186301";"56";"35";"miasto";"stały";"Szkoła Podstawowa nr 21, ul. Miodowa 6, 35-303 Rzeszów";"m. Rzeszów";"Rzeszów";"podkarpackie";"1430";"1627";"322";"1107";"0";"7";"1";"1";"0";"0";"0";"0";"1";"1107";"1";"0";"1107";"26";"14";"12";"0";"1081";"675";"406"
"1f9d-233c-9135-1e03-8b0b-4a4a-2b5a-7902";"186301";"56";"36";"miasto";"stały";"Szkoła Podstawowa nr 21, ul. Miodowa 6, 35-303 Rzeszów";"m. Rzeszów";"Rzeszów";"podkarpackie";"1305";"1450";"308";"997";"1";"10";"0";"0";"0";"0";"0";"0";"0";"995";"0";"0";"995";"11";"4";"7";"0";"984";"542";"442"
"b766-f7c6-ab5a-9e2f-fe33-20fd-cad1-62da";"186301";"56";"37";"miasto";"stały";"Zespół Szkół nr 2, al. Rejtana 3, 35-310 Rzeszów";"m. Rzeszów";"Rzeszów";"podkarpackie";"1617";"1841";"407";"1210";"1";"23";"0";"0";"0";"0";"0";"0";"0";"1209";"0";"0";"1209";"34";"14";"20";"0";"1175";"707";"468"
"7466-b5b0-0e49-2416-d08d-a738-8ddd-7369";"186301";"56";"38";"miasto";"stały";"Uniwersytet Rzeszowski, al. Rejtana 16c, 35-310 Rzeszów";"m. Rzeszów";"Rzeszów";"podkarpackie";"1067";"1249";"216";"851";"1";"20";"1";"1";"0";"0";"0";"0";"1";"852";"1";"0";"852";"22";"10";"12";"0";"830";"512";"318"
"c0d5-b3b5-0fcb-20bb-6b87-48d6-c8b0-27b1";"186301";"56";"39";"miasto";"stały";"Zespół Szkół Ogólnokształcących nr 4, al. Rejtana 30, 35-310 Rzeszów";"m. Rzeszów";"Rzeszów";"podkarpackie";"1270";"1451";"358";"912";"0";"10";"0";"0";"0";"0";"0";"0";"0";"911";"0";"0";"911";"18";"4";"14";"0";"893";"466";"427"
"02e1-44e3-a185-94e9-f410-7528-1a5c-3e87";"186301";"56";"40";"miasto";"stały";"Przedszkole Publiczne nr 38, al. Rejtana 28, 35-310 Rzeszów";"m. Rzeszów";"Rzeszów";"podkarpackie";"1420";"1583";"381";"1039";"0";"7";"1";"1";"0";"0";"0";"0";"1";"1038";"0";"0";"1038";"33";"10";"23";"0";"1005";"520";"485"
"af54-0673-b07e-8b47-9ac1-67ae-7de9-2004";"186301";"56";"41";"miasto";"stały";"Zespół Szkolno-Przedszkolny nr 5, ul. bpa Pelczara 3, 35-312 Rzeszów";"m. Rzeszów";"Rzeszów";"podkarpackie";"1148";"1290";"358";"790";"0";"12";"0";"0";"0";"0";"0";"0";"0";"790";"0";"0";"790";"19";"6";"13";"0";"771";"357";"414"
"ee6b-51df-0afa-cc5b-4331-048f-2197-b812";"186301";"56";"42";"miasto";"stały";"Zespół Szkolno-Przedszkolny nr 5, ul. bpa Pelczara 3, 35-312 Rzeszów";"m. Rzeszów";"Rzeszów";"podkarpackie";"1327";"1483";"333";"994";"0";"3";"0";"0";"0";"0";"0";"0";"0";"994";"0";"0";"994";"19";"8";"11";"0";"975";"485";"490"
"a977-7fb4-1c3f-fad1-6757-d66d-505b-6141";"186301";"56";"43";"miasto";"stały";"Szkoła Podstawowa nr 11, ul. Podwisłocze 14, 35-309 Rzeszów";"m. Rzeszów";"Rzeszów";"podkarpackie";"1587";"1661";"502";"1085";"0";"3";"0";"0";"0";"0";"0";"0";"0";"1085";"0";"0";"1085";"22";"12";"10";"0";"1063";"608";"455"
"a8d9-f644-9b9d-35a4-2de4-3de6-ac62-938b";"186301";"56";"44";"miasto";"stały";"Szkoła Podstawowa nr 11, ul. Podwisłocze 14, 35-309 Rzeszów";"m. Rzeszów";"Rzeszów";"podkarpackie";"1667";"1876";"486";"1181";"1";"14";"0";"0";"0";"0";"0";"0";"0";"1181";"0";"0";"1181";"34";"13";"21";"0";"1147";"647";"500"
"b778-ffa3-510e-6cdc-abe2-35c5-99f6-ecf9";"186301";"56";"45";"miasto";"stały";"Przedszkole Publiczne Nr 9, ul. Podwisłocze 20, 35-309 Rzeszów";"m. Rzeszów";"Rzeszów";"podkarpackie";"1508";"1701";"400";"1108";"0";"6";"0";"0";"0";"0";"0";"0";"0";"1107";"0";"0";"1107";"21";"6";"15";"0";"1086";"609";"477"
"b7fe-801d-01e8-6416-076c-b324-d7cc-24be";"186301";"56";"46";"miasto";"stały";"Rzeszowski Dom Kultury, ul. Jana Olbrachta 120, 35-614 Rzeszów";"m. Rzeszów";"Rzeszów";"podkarpackie";"2329";"2633";"519";"1810";"0";"12";"0";"0";"0";"0";"0";"0";"0";"1810";"0";"0";"1810";"37";"15";"22";"0";"1773";"991";"782"
"dda1-5849-67b6-2227-9441-0582-fbe9-0449";"186301";"56";"47";"miasto";"stały";"Przedszkole Publiczne nr 11, ul. Mazurska 19, 35-620 Rzeszów";"m. Rzeszów";"Rzeszów";"podkarpackie";"1900";"2141";"399";"1501";"1";"7";"0";"0";"0";"0";"0";"0";"0";"1501";"0";"0";"1501";"22";"6";"16";"0";"1479";"859";"620"
"36c8-4821-fac7-1714-ab4c-5263-5d75-c872";"186301";"56";"48";"miasto";"stały";"Szkoła Podstawowa nr 5, ul. Słocińska 4, 35-330 Rzeszów";"m. Rzeszów";"Rzeszów";"podkarpackie";"1850";"2075";"365";"1485";"0";"9";"0";"0";"0";"0";"0";"0";"0";"1485";"0";"0";"1485";"27";"5";"22";"0";"1458";"730";"728"
"ffc2-c42b-a8e7-880c-ebd3-2fb9-c918-4f44";"186301";"56";"49";"miasto";"stały";"Szkoła Podstawowa nr 5, ul. Słocińska 4, 35-330 Rzeszów";"m. Rzeszów";"Rzeszów";"podkarpackie";"1308";"1479";"276";"1032";"1";"16";"0";"0";"0";"0";"0";"0";"0";"1032";"0";"0";"1032";"23";"7";"16";"0";"1009";"458";"551"
"6e18-192d-1936-fd18-f35f-f655-36db-cc2d";"186301";"56";"50";"miasto";"stały";"Dom Pomocy Społecznej dla Kombatantów, ul. Powstańców Śląskich 4, 35-610 Rzeszów";"m. Rzeszów";"Rzeszów";"podkarpackie";"1828";"2083";"441";"1387";"1";"7";"0";"0";"0";"0";"0";"0";"0";"1386";"0";"0";"1386";"32";"14";"18";"0";"1354";"765";"589"
"5075-46bb-dcee-a87a-7be8-1f46-dd6c-88fd";"186301";"56";"51";"miasto";"stały";"Szkoła Podstawowa Nr 24, ul. Czajkowskiego 11, 35-602 Rzeszów";"m. Rzeszów";"Rzeszów";"podkarpackie";"2260";"2550";"455";"1805";"1";"18";"0";"0";"0";"0";"0";"0";"0";"1801";"0";"0";"1801";"54";"15";"39";"0";"1747";"1074";"673"
"13fe-782d-e725-1201-7f6c-6b26-f456-9d44";"186301";"56";"52";"miasto";"stały";"Szkoła Podstawowa nr 24, ul. Czajkowskiego 11, 35-602 Rzeszów";"m. Rzeszów";"Rzeszów";"podkarpackie";"1656";"1860";"264";"1392";"0";"5";"0";"0";"0";"0";"0";"0";"0";"1392";"0";"0";"1392";"14";"3";"11";"0";"1378";"813";"565"
"7dc7-44f9-b574-3fa9-63d4-55ec-a393-33b2";"186301";"56";"53";"miasto";"stały";"Rzeszowski Dom Kultury, ul. Wieniawskiego 84, 35-601 Rzeszów";"m. Rzeszów";"Rzeszów";"podkarpackie";"1677";"1873";"336";"1341";"3";"16";"0";"0";"0";"0";"0";"0";"0";"1341";"0";"0";"1341";"27";"7";"20";"0";"1314";"794";"520"
"75dc-56f8-bc2e-6f61-fae2-941f-eba2-c736";"186301";"56";"54";"miasto";"stały";"Szkoła Podstawowa nr 18, ul. Bł. Karoliny 21, 35-119 Rzeszów";"m. Rzeszów";"Rzeszów";"podkarpackie";"1902";"2135";"265";"1637";"0";"19";"0";"0";"0";"0";"0";"0";"0";"1636";"0";"0";"1636";"28";"11";"17";"0";"1608";"1032";"576"
"b420-561d-ac40-9f05-7d12-8361-a38d-3090";"186301";"56";"55";"miasto";"stały";"Rzeszowski Dom Kultury, ul. Dębicka 170, 35-213 Rzeszów";"m. Rzeszów";"Rzeszów";"podkarpackie";"2545";"2854";"641";"1904";"1";"7";"0";"0";"0";"0";"0";"0";"0";"1904";"0";"0";"1904";"39";"14";"25";"0";"1865";"1012";"853"
"830d-5042-d343-3148-8dba-113d-b9d6-8a20";"186301";"56";"56";"miasto";"stały";"Zespół Szkolno-Przedszkolny nr 10, ul. Dębicka 288, 35-213 Rzeszów";"m. Rzeszów";"Rzeszów";"podkarpackie";"1497";"1665";"447";"1050";"0";"3";"0";"0";"0";"0";"0";"0";"0";"1048";"0";"0";"1048";"17";"3";"14";"0";"1031";"447";"584"
"8bdc-4951-8aab-541e-2c3e-fc5e-0158-7da3";"186301";"56";"57";"miasto";"stały";"Zespół Szkolno-Przedszkolny nr 10, ul. Dębicka 288, 35-213 Rzeszów";"m. Rzeszów";"Rzeszów";"podkarpackie";"1241";"1383";"405";"836";"0";"2";"0";"0";"0";"0";"0";"0";"0";"825";"0";"0";"825";"18";"4";"14";"0";"807";"280";"527"
"333b-277a-ca41-e4eb-eed8-4dff-2919-d337";"186301";"56";"58";"miasto";"stały";"Przedszkole Publiczne nr 28, ul. Obrońców Poczty Gdańskiej 5, 35-509 Rzeszów";"m. Rzeszów";"Rzeszów";"podkarpackie";"1688";"1901";"374";"1314";"0";"12";"0";"0";"0";"0";"0";"0";"0";"1314";"0";"0";"1314";"19";"7";"12";"0";"1295";"758";"537"
"dc22-415a-df5b-f531-a297-01d1-b22c-4c1e";"186301";"56";"59";"miasto";"stały";"Szkoła Podstawowa nr 25, ul. Starzyńskiego 17, 35-508 Rzeszów";"m. Rzeszów";"Rzeszów";"podkarpackie";"1349";"1530";"331";"1018";"0";"6";"0";"0";"0";"0";"0";"0";"0";"1018";"0";"0";"1018";"8";"3";"5";"0";"1010";"615";"395"
"ce3b-c55b-f3ae-6971-c698-2d3f-d07c-5509";"186301";"56";"60";"miasto";"stały";"Szkoła Podstawowa Nr 25, ul. Starzyńskiego 17, 35-508 Rzeszów";"m. Rzeszów";"Rzeszów";"podkarpackie";"1567";"1744";"484";"1083";"0";"4";"0";"0";"0";"0";"0";"0";"0";"1083";"0";"0";"1083";"22";"13";"9";"0";"1061";"588";"473"
"9b07-219f-208b-4412-3f55-5c57-a277-08e5";"186301";"56";"61";"miasto";"stały";"Szkoła Podstawowa nr 25, ul. Starzyńskiego 17, 35-508 Rzeszów";"m. Rzeszów";"Rzeszów";"podkarpackie";"1409";"1565";"328";"1081";"1";"4";"1";"1";"0";"0";"0";"0";"1";"1082";"1";"0";"1082";"13";"5";"8";"0";"1069";"550";"519"
"0acc-d098-a246-395e-0d39-60ef-e4b5-dd38";"186301";"56";"62";"miasto";"stały";"Młodzieżowy Dom Kultury, ul. Osmeckiego 51, 35-506 Rzeszów";"m. Rzeszów";"Rzeszów";"podkarpackie";"1190";"1344";"304";"886";"1";"10";"0";"0";"0";"0";"0";"0";"0";"886";"0";"0";"886";"18";"4";"14";"0";"868";"468";"400"
"3ff0-2dd6-a7e8-9bae-2ad6-baa3-448b-1392";"186301";"56";"63";"miasto";"stały";"Szkoła Podstawowa nr 2, ul. Kamińskiego 12, 35-211 Rzeszów";"m. Rzeszów";"Rzeszów";"podkarpackie";"1340";"1489";"353";"987";"3";"12";"0";"0";"0";"0";"0";"0";"0";"987";"0";"0";"987";"29";"15";"14";"0";"958";"583";"375"
"8c2e-0531-d595-e7bb-acfb-8426-969b-d4b1";"186301";"56";"64";"miasto";"stały";"Generalna Dyrekcja Dróg Krajowych i Autostrad, Oddział w Rzeszowie, ul. Legionów 20, 35-111 Rzeszów";"m. Rzeszów";"Rzeszów";"podkarpackie";"1110";"1255";"304";"806";"1";"4";"0";"0";"0";"0";"0";"0";"0";"806";"0";"0";"806";"21";"21";"0";"0";"785";"491";"294"
"c8f9-7720-7a6b-d16e-e471-ba04-b62c-5703";"186301";"56";"65";"miasto";"stały";"Zespół Szkół Ogólnokształcących nr 3, ul. Wyspiańskiego 16a, 35-111 Rzeszów";"m. Rzeszów";"Rzeszów";"podkarpackie";"1248";"1413";"304";"944";"0";"12";"0";"0";"0";"0";"0";"0";"0";"944";"0";"0";"944";"26";"12";"14";"0";"918";"511";"407"
"d1e8-f2ee-819e-6731-0704-4f2e-6501-74e3";"186301";"56";"66";"miasto";"stały";"Zespół Szkolno-Przedszkolny nr 6, al. Krzyżanowskiego 24, 35-329 Rzeszów";"m. Rzeszów";"Rzeszów";"podkarpackie";"1482";"1670";"325";"1157";"0";"10";"0";"0";"0";"0";"0";"0";"0";"1157";"0";"0";"1157";"26";"7";"19";"0";"1131";"635";"496"
"82f9-2b07-2b9c-733e-6086-e2f6-4e1b-c05e";"186301";"56";"67";"miasto";"stały";"Zespół Szkolno-Przedszkolny nr 6, al. Krzyżanowskiego 24, 35-329 Rzeszów";"m. Rzeszów";"Rzeszów";"podkarpackie";"1400";"1567";"374";"1026";"0";"12";"0";"0";"0";"0";"0";"0";"0";"1026";"0";"0";"1026";"20";"18";"2";"0";"1006";"566";"440"
"4394-7202-c9a5-107b-f71a-6568-c15e-310e";"186301";"56";"68";"miasto";"stały";"Dom Studencki ""FILON"", ul. Cicha 4, 35-326 Rzeszów";"m. Rzeszów";"Rzeszów";"podkarpackie";"1420";"1654";"327";"1093";"0";"22";"0";"0";"0";"0";"0";"0";"0";"1093";"0";"0";"1093";"13";"4";"9";"0";"1080";"622";"458"
"e174-6ac0-7b61-caa6-ab09-506c-143d-4854";"186301";"56";"69";"miasto";"stały";"Przedszkole Publiczne nr 43, ul. Cicha 5, 35-326 Rzeszów";"m. Rzeszów";"Rzeszów";"podkarpackie";"1568";"1753";"349";"1219";"0";"18";"0";"0";"0";"0";"0";"0";"0";"1219";"0";"0";"1219";"25";"5";"20";"0";"1194";"750";"444"
"6c7f-d68b-3d9c-ebad-9583-b21b-8681-6fbb";"186301";"56";"70";"miasto";"stały";"Żłobek nr 7, ul. Zielona 7, 35-312 Rzeszów";"m. Rzeszów";"Rzeszów";"podkarpackie";"2822";"3152";"611";"2211";"0";"20";"0";"0";"0";"0";"0";"0";"0";"2211";"0";"0";"2211";"44";"14";"30";"0";"2167";"1432";"735"
"6e5e-3dd0-b757-0b79-e64b-cfad-7793-2129";"186301";"56";"71";"miasto";"stały";"Szkoła Podstawowa nr 9, ul. Miła 58, 35-312 Rzeszów";"m. Rzeszów";"Rzeszów";"podkarpackie";"1322";"1535";"207";"1115";"0";"11";"0";"0";"0";"0";"0";"0";"0";"1113";"0";"0";"1113";"20";"5";"15";"0";"1093";"617";"476"
"d361-c762-fc0b-2494-4284-95ab-03a6-924d";"186301";"56";"72";"miasto";"stały";"Szkoła Podstawowa nr 28, ul. Solarza 12, 35-118 Rzeszów";"m. Rzeszów";"Rzeszów";"podkarpackie";"1660";"1856";"433";"1227";"0";"11";"0";"0";"0";"0";"0";"0";"0";"1226";"0";"0";"1226";"21";"5";"16";"0";"1205";"662";"543"
"cd6d-372b-4ea1-2bce-657b-ca1b-a2c2-8b3d";"186301";"56";"73";"miasto";"stały";"Szkoła Podstawowa nr 28, ul. Solarza 12, 35-118 Rzeszów";"m. Rzeszów";"Rzeszów";"podkarpackie";"1440";"1617";"331";"1109";"1";"9";"4";"3";"1";"0";"0";"0";"2";"1112";"2";"1";"1111";"16";"2";"14";"0";"1095";"629";"466"
"c0b4-dcaa-709a-454d-6520-b3bd-5773-2d08";"186301";"56";"74";"miasto";"stały";"Szkoła Podstawowa nr 28, ul. Solarza 12, 35-118 Rzeszów";"m. Rzeszów";"Rzeszów";"podkarpackie";"1151";"1276";"285";"866";"1";"7";"0";"0";"0";"0";"0";"0";"0";"866";"0";"0";"866";"16";"2";"14";"0";"850";"471";"379"
"32c5-389c-6d36-4939-d0ec-4c10-709d-835b";"186301";"56";"75";"miasto";"stały";"Przedszkole Publiczne nr 40, ul. Rataja 14, 35-116 Rzeszów";"m. Rzeszów";"Rzeszów";"podkarpackie";"1188";"1324";"290";"898";"0";"4";"0";"0";"0";"0";"0";"0";"0";"898";"0";"0";"898";"23";"9";"14";"0";"875";"463";"412"
"2ce1-150b-83fd-1b63-104a-b50a-1779-cfc8";"186301";"56";"76";"miasto";"stały";"Rzeszowski Dom Kultury, ul. Widokowa 1, 35-119 Rzeszów";"m. Rzeszów";"Rzeszów";"podkarpackie";"2032";"2094";"590";"1442";"0";"10";"0";"0";"0";"0";"0";"0";"0";"1442";"0";"0";"1442";"31";"8";"23";"0";"1411";"897";"514"
"ce28-401a-05fd-9c20-20af-db4b-d7e1-d28e";"186301";"56";"77";"miasto";"stały";"Przedszkole Publiczne nr 3, ul. Krośnieńska 15a, 35-505 Rzeszów";"m. Rzeszów";"Rzeszów";"podkarpackie";"1678";"1908";"273";"1405";"1";"18";"0";"0";"0";"0";"0";"0";"0";"1405";"0";"0";"1405";"30";"10";"20";"0";"1375";"917";"458"
"6ea9-5447-12ed-bff8-7447-a835-74a6-6f10";"186301";"56";"78";"miasto";"stały";"Zespół Szkolno-Przedszkolny nr 1, ul. Rubinowa 4, 35-322 Rzeszów";"m. Rzeszów";"Rzeszów";"podkarpackie";"1628";"1827";"437";"1191";"0";"5";"1";"1";"0";"0";"0";"0";"1";"1192";"1";"0";"1192";"23";"7";"16";"0";"1169";"643";"526"
"84a6-6503-cb17-36b0-23e6-673e-88c1-7f44";"186301";"56";"79";"miasto";"stały";"Zespół Szkolno-Przedszkolny nr 11, ul. Beskidzka 5, 35-083 Rzeszów";"m. Rzeszów";"Rzeszów";"podkarpackie";"1180";"1308";"369";"811";"0";"5";"0";"0";"0";"0";"0";"0";"0";"811";"0";"0";"811";"13";"1";"12";"0";"798";"342";"456"
"a7f9-db10-0dc8-6894-7bc2-6df5-febc-1542";"186301";"56";"80";"miasto";"stały";"Zespół Szkolno-Przedszkolny nr 11, ul. Beskidzka 5, 35-083 Rzeszów";"m. Rzeszów";"Rzeszów";"podkarpackie";"1275";"1425";"286";"989";"1";"5";"0";"0";"0";"0";"0";"0";"0";"989";"0";"0";"989";"17";"4";"13";"0";"972";"504";"468"
"e1fa-e186-010e-c93c-46b7-040c-ccca-c70f";"186301";"56";"81";"miasto";"stały";"Rzeszowski Dom Kultury, ul. Kardynała Karola Wojtyły 164, 35-313 Rzeszów";"m. Rzeszów";"Rzeszów";"podkarpackie";"1829";"2055";"452";"1377";"0";"6";"0";"0";"0";"0";"0";"0";"0";"1376";"0";"0";"1376";"33";"7";"26";"0";"1343";"709";"634"
"0e61-a5f2-2c3e-aaa2-4478-83ac-27aa-9b84";"186301";"56";"82";"miasto";"stały";"Zespół Szkół Agroprzedsiębiorczości, ul. Miłocińska 75, 35-232 Rzeszów";"m. Rzeszów";"Rzeszów";"podkarpackie";"670";"759";"87";"583";"1";"3";"0";"0";"0";"0";"0";"0";"0";"583";"0";"0";"583";"11";"4";"7";"0";"572";"398";"174"
"8ede-19c0-5a65-d20c-8651-502f-211f-b2a2";"186301";"56";"83";"miasto";"stały";"Rzeszowski Dom Kultury Filia Country, ul. Herbowa 3, 35-317 Rzeszów";"m. Rzeszów";"Rzeszów";"podkarpackie";"2644";"2738";"653";"1991";"0";"0";"0";"0";"0";"0";"0";"0";"0";"1991";"0";"0";"1991";"22";"12";"10";"0";"1969";"1203";"766"
"e1f7-ee79-5a6e-ec4c-4e14-cfbd-bd3c-f810";"186301";"56";"84";"miasto";"stały";"Zespół Szkolno-Przedszkolny nr 7, ul. Budziwojska 154, 35-317 Rzeszów";"m. Rzeszów";"Rzeszów";"podkarpackie";"1933";"2164";"569";"1364";"0";"0";"0";"0";"0";"0";"0";"0";"0";"1364";"0";"0";"1364";"24";"14";"10";"0";"1340";"659";"681"
"e5de-fbda-0f06-18df-85a6-7828-a645-76be";"186301";"56";"85";"miasto";"stały";"Publiczna Szkoła Podstawowa Sióstr Nazaretanek, ul. św. Jakuba 2, 35-213 Rzeszów";"m. Rzeszów";"Rzeszów";"podkarpackie";"448";"504";"128";"320";"0";"0";"0";"0";"0";"0";"0";"0";"0";"320";"0";"0";"320";"7";"0";"7";"0";"313";"81";"232"
"76f5-90ca-8fe1-331b-1b51-eac6-7bff-3095";"186301";"56";"86";"miasto";"stały";"Rzeszowski Dom Kultury, ul. Matysowska 99, 35-330 Rzeszów";"m. Rzeszów";"Rzeszów";"podkarpackie";"1139";"1275";"326";"813";"0";"2";"0";"0";"0";"0";"0";"0";"0";"813";"0";"0";"813";"18";"6";"12";"0";"795";"322";"473"
"1efb-829d-1a00-d2bb-9952-5dd5-4f8e-d819";"186301";"56";"87";"miasto";"stały";"Dom Ludowy, ul. Myśliwska 26, 35-212 Rzeszów";"m. Rzeszów";"Rzeszów";"podkarpackie";"580";"642";"163";"417";"2";"2";"0";"0";"0";"0";"0";"0";"0";"417";"0";"0";"417";"9";"1";"8";"0";"408";"222";"186"
"74c6-e685-0b26-0f09-38d3-69db-905f-b4b3";"186301";"56";"88";"miasto";"stały";"Szkoła Podstawowa nr 9, ul. Miła 58, 35-314 Rzeszów";"m. Rzeszów";"Rzeszów";"podkarpackie";"1342";"1525";"229";"1113";"0";"8";"0";"0";"0";"0";"0";"0";"0";"1109";"0";"0";"1109";"13";"8";"5";"0";"1096";"696";"400"
"3474-83ba-f045-0d3c-776b-77ae-3ceb-0872";"186301";"56";"89";"miasto";"zakład leczniczy";"Samodzielny Publiczny Zakład Opieki Zdrowotnej Ministerstwa Spraw Wewnętrznych i Administracji w Rzeszowie ul. Krakowska 16, ul. Krakowska 16, 35-111 Rzeszów";"m. Rzeszów";"Rzeszów";"podkarpackie";"136";"92";"105";"31";"0";"2";"0";"0";"0";"0";"0";"0";"0";"31";"0";"0";"31";"3";"0";"3";"0";"28";"7";"21"
"aaf5-b117-2872-b539-5f63-bac4-f772-1d01";"186301";"56";"90";"miasto";"zakład leczniczy";"Szpital Specjalistyczny Pro-Familia Spółka z Ograniczoną Odpowiedzialnością Spółka Komandytowa w Rzeszowie ul. Witolda 6B, Witolda 6B, 35-302 Rzeszów";"m. Rzeszów";"Rzeszów";"podkarpackie";"94";"117";"89";"5";"0";"0";"0";"0";"0";"0";"0";"0";"0";"5";"0";"0";"5";"0";"0";"0";"0";"5";"0";"5"
"c44c-30fb-efcb-e3bf-254f-3d49-c33c-223f";"186301";"56";"91";"miasto";"dom pomocy społecznej";"Dom Pomocy Społecznej dla Osób w Podeszłym Wieku oraz Osób Niepełnosprawnych Fizycznie w Rzeszowie ul. Sucharskiego 1, Sucharskiego 1, 35-225 Rzeszów";"m. Rzeszów";"Rzeszów";"podkarpackie";"85";"83";"44";"41";"0";"0";"0";"0";"0";"0";"0";"0";"0";"41";"0";"0";"41";"3";"0";"3";"0";"38";"22";"16"
"e8c7-3057-e338-0662-40ec-76f5-7096-c166";"186301";"56";"92";"miasto";"dom pomocy społecznej";"Filia Domu Pomocy Społecznej dla Osób w Podeszłym Wieku oraz Osób Niepełnosprawnych Fizycznie w Rzeszowie ul. Łabędzia 9, Łabędzia 9, 35-207 Rzeszów";"m. Rzeszów";"Rzeszów";"podkarpackie";"36";"39";"20";"16";"0";"0";"0";"0";"0";"0";"0";"0";"0";"16";"0";"0";"16";"2";"1";"1";"0";"14";"5";"9"
"a0d6-6c58-b301-4309-be72-5c85-f7e8-c047";"186301";"56";"93";"miasto";"zakład karny";"Zakład Karny w Rzeszowie ul. Załęska 76, Załęska 76, 35-322 Rzeszów";"m. Rzeszów";"Rzeszów";"podkarpackie";"1243";"1173";"679";"564";"0";"1";"0";"0";"0";"0";"0";"0";"0";"564";"0";"0";"564";"38";"5";"33";"0";"526";"397";"129"
"b5fb-8ef7-f53e-3563-c7a3-83b8-593d-8fb3";"186301";"56";"94";"miasto";"zakład leczniczy";"Kliniczny Szpital Wojewódzki Nr 1 im. Fryderyka Chopina w Rzeszowie ul. Szopena 2, Szopena 2, 35-055 Rzeszów";"m. Rzeszów";"Rzeszów";"podkarpackie";"588";"357";"420";"168";"0";"4";"0";"0";"0";"0";"0";"0";"0";"168";"0";"0";"168";"7";"0";"7";"0";"161";"55";"106"
"150f-4ff2-948e-a541-41bc-d578-2009-196a";"186301";"56";"95";"miasto";"zakład leczniczy";"Kliniczny Szpital Wojewódzki Nr 2 im. Św. Jadwigi Królowej w Rzeszowie ul. Lwowska 60, ul. Lwowska 60, 35-301 Rzeszów";"m. Rzeszów";"Rzeszów";"podkarpackie";"888";"496";"780";"108";"0";"9";"0";"0";"0";"0";"0";"0";"0";"108";"0";"0";"108";"2";"1";"1";"0";"106";"29";"77"
"a99b-c571-3e7d-c0be-e171-5316-2319-2142";"186301";"56";"96";"miasto";"zakład leczniczy";"Szpital Miejski im. Jana Pawła II w Rzeszowie ul. Rycerska 4, ul. Rycerska 4, 35-241 Rzeszów";"m. Rzeszów";"Rzeszów";"podkarpackie";"300";"83";"246";"54";"0";"0";"0";"0";"0";"0";"0";"0";"0";"54";"0";"0";"54";"2";"1";"1";"0";"52";"14";"38"
"39d6-455a-ebf7-0130-1749-a2bf-cb50-4512";"186301";"56";"97";"miasto";"zakład leczniczy";"Kliniczny Szpital Wojewódzki nr 1 im. Fryderyka Chopina w Rzeszowie Podkarpackie Centrum Chorób Płuc w Rzeszowie ul. Rycerska 2, ul. Rycerska 2, 35-241 Rzeszów";"m. Rzeszów";"Rzeszów";"podkarpackie";"155";"88";"134";"21";"0";"3";"0";"0";"0";"0";"0";"0";"0";"21";"0";"0";"21";"1";"0";"1";"0";"20";"8";"12"
"b574-ef0c-44dc-4cbc-08bd-3c08-96d5-3134";"";"44";"89";"zagranica";"zagranica";"Al Asad Air Base (AAAB), Al Asad, Republika Iraku";"";"";"";"-";"-";"-";"-";"-";"-";"-";"-";"-";"-";"-";"-";"-";"-";"-";"-";"-";"-";"-";"-";"-";"-";"-";"-"
"baef-dd2d-5baa-ead8-92bb-be2c-9a51-a1e2";"";"44";"119";"zagranica";"zagranica";"Novo Selo, Camp Maréshal de Lattre de Tassigny Novo Selo/Maxhunaj, Novo Selo/Maxhunaj, Republika Kosowa";"";"";"";"-";"-";"-";"-";"-";"-";"-";"-";"-";"-";"-";"-";"-";"-";"-";"-";"-";"-";"-";"-";"-";"-";"-";"-"
"36ff-c714-1fd9-06a0-b9e4-4cb3-2031-a154";"";"44";"186";"zagranica";"zagranica";"Krajowa, Cercul Militar Craiova Strada Marin Sorescu nr 2 200642 Craiova, Craiova, Rumunia";"";"";"";"-";"-";"-";"-";"-";"-";"-";"-";"-";"-";"-";"-";"-";"-";"-";"-";"-";"-";"-";"-";"-";"-";"-";"-"
"8a16-233c-3cec-586f-4c5b-9e39-863f-1b4c";"";"44";"87";"zagranica";"zagranica";"Irbil, Agencja Konsularna RP Junction of Texas and Hawaii Street, 250, American Village, Khanzad, Irbil, Irbil, Republika Iraku";"";"";"";"-";"-";"-";"-";"-";"-";"-";"-";"-";"-";"-";"-";"-";"-";"-";"-";"-";"-";"-";"-";"-";"-";"-";"-"
"77ff-e659-096f-60b8-dd11-2683-a7fa-42a7";"";"44";"1";"zagranica";"zagranica";"Airfield Building 13982 Disney&California Loop (South), APO AE09354, Bagram, Islamska Republika Afganistanu";"";"";"";"-";"-";"-";"-";"-";"-";"-";"-";"-";"-";"-";"-";"-";"-";"-";"-";"-";"-";"-";"-";"-";"-";"-";"-"
"fa31-6795-b9fb-c775-0559-2e68-10de-652d";"";"44";"88";"zagranica";"zagranica";"At-Taji, Camp Taji Joint Operations Base in Taji, At-Taji, Republika Iraku";"";"";"";"-";"-";"-";"-";"-";"-";"-";"-";"-";"-";"-";"-";"-";"-";"-";"-";"-";"-";"-";"-";"-";"-";"-";"-"
