"Kod TERYT";"Rodzaj jednostki";"Gmina";"Powiat";"Województwo";"Komisje obwodowe otrzymały kart do głosowania";"Liczba wyborców uprawnionych do głosowania";"Nie wykorzystano kart do głosowania";"Liczba wyborców, którym wydano karty do głosowania";"Liczba wyborców głosujących przez pełnomocnika";"Liczba wyborców głosujących na podstawie zaświadczenia o prawie do głosowania";"Liczba wyborców, którym wysłano pakiety wyborcze";"Liczba otrzymanych kopert zwrotnych";"Liczba kopert zwrotnych, w których nie było oświadczenia o osobistym i tajnym oddaniu głosu";"Liczba kopert zwrotnych, w których oświadczenie nie było podpisane";"Liczba kopert zwrotnych, w których nie było koperty na kartę do głosowania";"Liczba kopert zwrotnych, w których znajdowała się niezaklejona koperta na kartę do głosowania";"Liczba kopert na kartę do głosowania wrzuconych do urny";"Liczba kart wyjętych z urny";"W tym liczba kart wyjętych z kopert na kartę do głosowania";"Liczba kart nieważnych";"Liczba kart ważnych";"Liczba głosów nieważnych";"W tym z powodu postawienia znaku „X” obok nazwiska dwóch lub większej liczby kandydatów z różnych list";"W tym z powodu niepostawienia znaku „X” obok nazwiska żadnego kandydata";"W tym z powodu postawienia znaku „X” wyłącznie obok nazwiska kandydata na liście, której rejestracja została unieważniona";"Liczba głosów ważnych oddanych łącznie na wszystkie listy kandydatów";"KOALICYJNY KOMITET WYBORCZY KOALICJA OBYWATELSKA PO .N IPL ZIELONI - ZPOW-601-6/19";"Joanna MUCHA - nr na liście 1";"Michał Mateusz KRAWCZYK - nr na liście 2";"Marta Anna WCISŁO - nr na liście 3";"Paweł Krzysztof NAKONIECZNY - nr na liście 4";"Bożena Grażyna LISOWSKA - nr na liście 5";"Krzysztof BABISZ - nr na liście 6";"Krzysztof KOMORSKI - nr na liście 7";"Krzysztof BOJARSKI - nr na liście 8";"Lucjan ORGASIŃSKI - nr na liście 9";"Bożenna WASILEWSKA - nr na liście 10";"Waldemar Franciszek BIAŁOWĄS - nr na liście 11";"Józef Stanisław JUCHNIKOWSKI - nr na liście 12";"Sylwia Stanisława GUZ - nr na liście 13";"Paweł Tomasz KUREK - nr na liście 14";"Magdalena Anna SZABAŁA - nr na liście 15";"Maciej Stefan TRYBOŃ - nr na liście 16";"Małgorzata Teresa DUNECKA - nr na liście 17";"Adam Andrzej KALBARCZYK - nr na liście 18";"Tomasz Lech BUCZEK - nr na liście 19";"Joanna Sława HOŁDA - nr na liście 20";"Katarzyna FATYGA - nr na liście 21";"Krzysztof Andrzej GŁADYSZ - nr na liście 22";"Magdalena Mariola WOJCIECHOWSKA-JĘDRZEJCZYK - nr na liście 23";"Michał Marcin MIŁOSZ - nr na liście 24";"Mariusz Grzegorz AUSZ - nr na liście 25";"Anna Barbara PADO - nr na liście 26";"Piotr SZCZUCKI - nr na liście 27";"Marek RAK - nr na liście 28";"Katarzyna Dorota WIĘCEK - nr na liście 29";"Zbigniew Wiktor JURKOWSKI - nr na liście 30";"KOMITET WYBORCZY KONFEDERACJA WOLNOŚĆ I NIEPODLEGŁOŚĆ - ZPOW-601-5/19";"Jakub KULESZA - nr na liście 1";"Rafał MEKLER - nr na liście 2";"Jacek Mikołaj TOMASIAK - nr na liście 3";"Małgorzata Aneta TYLUS - nr na liście 4";"Mateusz Stanisław GRYZ - nr na liście 5";"Zbigniew Jakub WACH - nr na liście 6";"Anna Maria ZAJĄCZKOWSKA - nr na liście 7";"Michał WYPYCH - nr na liście 8";"Arkadiusz GAJDA - nr na liście 9";"Rafał Janusz KULICKI - nr na liście 10";"Piotr Marcin ZDUŃCZYK - nr na liście 11";"Piotr MAREK - nr na liście 12";"Ryszard Witold MILEWSKI - nr na liście 13";"Andrzej Tomasz WIĘCŁAWSKI - nr na liście 14";"Alicja WIECZOREK-KABAT - nr na liście 15";"Paweł Robert KUSIAK - nr na liście 16";"Anna REJA - nr na liście 17";"Anna Zofia SKWAREK - nr na liście 18";"Ewa Maria KRAWCZYK - nr na liście 19";"Marek Jakub SKARŻYŃSKI - nr na liście 20";"Monika Teresa AUGUSTYNOWICZ - nr na liście 21";"Dorota Maria MAZEK - nr na liście 22";"Damian ŁAGOWSKI - nr na liście 23";"Olga DROZD - nr na liście 24";"Anna KABASA - nr na liście 25";"Anna Joanna FLIS - nr na liście 26";"Szczepan KUPISZ - nr na liście 27";"Piotr Adam PANASIUK - nr na liście 28";"KOMITET WYBORCZY POLSKIE STRONNICTWO LUDOWE - ZPOW-601-19/19";"Jan Zbigniew ŁOPATA - nr na liście 1";"Marek KOS - nr na liście 2";"Henryk Józef SMOLARZ - nr na liście 3";"Grzegorz Krzysztof KAPUSTA - nr na liście 4";"Dariusz Maksymilian KRZĘCIO - nr na liście 5";"Piotr Sławomir RZETELSKI - nr na liście 6";"Zenon Jerzy RODZIK - nr na liście 7";"Grzegorz Stanisław SZYSZKO - nr na liście 8";"Marek KOPEĆ - nr na liście 9";"Dariusz Stanisław KOŁODZIEJCZYK - nr na liście 10";"Marceli Mateusz NIEZGODA - nr na liście 11";"Karolina KUCHARCZYK - nr na liście 12";"Edyta Agnieszka DUDZIŃSKA - nr na liście 13";"Jerzy Włodzimierz BEDNARSKI - nr na liście 14";"Anna GRZYWACZEWSKA - nr na liście 15";"Anna SZMIDT - nr na liście 16";"Eliza Agata FRANCZAK - nr na liście 17";"Krzysztof Kamil CHOCHOWSKI - nr na liście 18";"Daniel STANIBUŁA - nr na liście 19";"Marlena PIĄTEK - nr na liście 20";"Magdalena MISIASZEK - nr na liście 21";"Renata Jolanta KASPRZAK - nr na liście 22";"Urszula Monika DRĄŻYK-ŚWITAJ - nr na liście 23";"Małgorzata BUJAK - nr na liście 24";"Magdalena Maria WDOWIAK - nr na liście 25";"Jacek Andrzej WILK - nr na liście 26";"Henryk Jan RUDNIK - nr na liście 27";"Barbara KOT - nr na liście 28";"Aneta ODROBIŃSKA - nr na liście 29";"Daniel SŁOWIK - nr na liście 30";"KOMITET WYBORCZY PRAWO I SPRAWIEDLIWOŚĆ - ZPOW-601-9/19";"Sylwester Karol TUŁAJEW - nr na liście 1";"Przemysław CZARNEK - nr na liście 2";"Gabriela MASŁOWSKA - nr na liście 3";"Artur SOBOŃ - nr na liście 4";"Lech Stanisław SPRAWKA - nr na liście 5";"Krzysztof SZULOWSKI - nr na liście 6";"Krzysztof GŁUCHOWSKI - nr na liście 7";"Sławomir SKWAREK - nr na liście 8";"Adam Krzysztof KAŁASKA - nr na liście 9";"Jerzy Feliks BIELECKI - nr na liście 10";"Teresa BOGACKA - nr na liście 11";"Magdalena FILIPEK-SOBCZAK - nr na liście 12";"Leszek KOWALCZYK - nr na liście 13";"Kazimierz Bogusław CHOMA - nr na liście 14";"Marek Grzegorz WOJCIECHOWSKI - nr na liście 15";"Tomasz Zbigniew PITUCHA - nr na liście 16";"Arkadiusz JUREK - nr na liście 17";"Piotr Andrzej PATKOWSKI - nr na liście 18";"Jolanta SZAŁAS - nr na liście 19";"Andrzej Marek PRUSZKOWSKI - nr na liście 20";"Ewa ZYBAŁA - nr na liście 21";"Krzysztof Piotr PODKAŃSKI - nr na liście 22";"Renata Maria SZCZYPA - nr na liście 23";"Dorota BARANOWSKA - nr na liście 24";"Ewa SZAŁACHWIEJ - nr na liście 25";"Dorota SKRZAT - nr na liście 26";"Magdalena Sylwia UDRYCKA - nr na liście 27";"Radosław Marian ŚPIEWAK - nr na liście 28";"Ilona Ewelina DUDA - nr na liście 29";"Jan Jakub KANTHAK - nr na liście 30";"KOMITET WYBORCZY SOJUSZ LEWICY DEMOKRATYCZNEJ - ZPOW-601-1/19";"Jacek Andrzej CZERNIAK - nr na liście 1";"Magdalena Anna DŁUGOSZ - nr na liście 2";"Tomasz KITLIŃSKI - nr na liście 3";"Marek MAZUREK - nr na liście 4";"Katarzyna Edyta ZABRATAŃSKA - nr na liście 5";"Marek Waldemar KOŁODZIEJCZYK - nr na liście 6";"Robert Michał LACHOWSKI - nr na liście 7";"Agnieszka Monika LENART - nr na liście 8";"Paulina SKIBA - nr na liście 9";"Agnieszka Halina MARCINKOWSKA-KOZAK - nr na liście 10";"Władysław MASZKOWSKI - nr na liście 11";"Jolanta REBEJKO - nr na liście 12";"Beata WICHA - nr na liście 13";"Andrzej Wawrzyniec BANAŚ - nr na liście 14";"Adrian STĘPNIAK - nr na liście 15";"Jarosław Paweł IWAN - nr na liście 16";"Patryk STOLARSKI - nr na liście 17";"Karolina SŁOMKA - nr na liście 18";"Barbara KOWALSKA - nr na liście 19";"Gabriel Jan KACZYŃSKI - nr na liście 20";"Anna Maria ŁABAREWICZ - nr na liście 21";"Grażyna Irena ROJEK - nr na liście 22";"Dariusz Władysław FIGURA - nr na liście 23";"Walenty KUŁAGO - nr na liście 24";"Monika Barbara MIKITA-SKIBA - nr na liście 25";"Grzegorz Jerzy NOWICKI - nr na liście 26";"Joanna Edyta KASZA - nr na liście 27";"Emilia Dominika SKUBIS - nr na liście 28";"Szymon FURMANIAK - nr na liście 29";"Jacek Marek GALLANT - nr na liście 30";"KOMITET WYBORCZY WYBORCÓW KOALICJA BEZPARTYJNI I SAMORZĄDOWCY - ZPOW-601-10/19";"Marek Marian WOCH - nr na liście 1";"Barbara BERECKA - nr na liście 2";"Jarosław Szczepan MARKIEWICZ - nr na liście 3";"Andrzej Robert KUSZYK - nr na liście 4";"Arkadiusz POGONOWSKI - nr na liście 5";"Jolanta Marta ZARYCHTA - nr na liście 6";"Adrian Hai DANG XUAN - nr na liście 7";"Agnieszka Monika MAZUR - nr na liście 8";"Arkadiusz Jacek MISIAK - nr na liście 9";"Dariusz KRZYSZTOFIK - nr na liście 10";"Anna ROLA - nr na liście 11";"Marlena Wanda STRADOMSKA - nr na liście 12";"Paweł TCHOREK - nr na liście 13";"Małgorzata Anna SZWAJEWSKA - nr na liście 14";"Karol Paweł DADEJ - nr na liście 15";"Jolanta Barbara TARŁOWSKA - nr na liście 16";"Marcin Jakub PIETROSIŃSKI - nr na liście 17";"Tomasz Marcin SŁAPCZYŃSKI - nr na liście 18";"Piotr DOMAŃSKI - nr na liście 19";"Magdalena MYŚLIWIEC - nr na liście 20";"Mateusz Waldemar KAMOLA - nr na liście 21";"Katarzyna KOKOT - nr na liście 22";"Piotr Mariusz ZIELIŃSKI - nr na liście 23";"Artur Lech BANACH - nr na liście 24";"Tomasz Wojciech KĘPOWICZ - nr na liście 25";"Renata GRZEGORCZYK - nr na liście 26";"Ines Agnieszka KIERZKOWSKA-ŻUK - nr na liście 27";"Marek Robert MANDELA - nr na liście 28";"Wojciech SZWERC - nr na liście 29";"Dominika CINNER - nr na liście 30";"Liczba obwodów"
"060501";"gmina wiejska";"gm. Batorz";"janowski";"lubelskie";2447;2634;804;1643;5;2;0;0;0;0;0;0;0;1643;0;0;1643;36;25;11;0;1607;44;15;2;18;0;0;6;0;0;0;1;1;0;0;0;0;0;0;0;0;0;1;0;0;0;0;0;0;0;0;0;89;51;6;3;3;2;7;3;0;1;2;1;1;3;1;0;1;0;0;0;0;0;1;1;1;0;0;1;0;152;121;8;3;3;0;11;0;0;0;1;3;0;0;0;0;0;1;0;0;0;0;0;0;0;0;1;0;0;0;0;1265;143;144;448;51;12;9;4;0;1;356;7;5;7;34;2;1;0;2;1;0;2;6;1;0;2;1;2;1;3;20;50;32;4;2;3;1;0;2;2;0;0;1;1;0;0;0;0;0;0;0;1;0;0;0;0;0;0;1;0;0;0;7;0;0;0;0;0;1;1;1;0;0;2;0;0;0;0;1;0;0;0;0;0;0;0;0;0;0;1;0;0;0;4
"060502";"gmina wiejska";"gm. Chrzanów";"janowski";"lubelskie";2199;2396;659;1540;4;43;0;0;0;0;0;0;0;1540;0;0;1540;8;6;2;0;1532;20;10;0;2;0;0;3;1;0;0;0;1;0;0;1;0;1;1;0;0;0;0;0;0;0;0;0;0;0;0;0;48;31;1;1;1;0;7;0;0;1;0;0;2;2;0;0;1;0;0;0;0;0;0;0;0;0;1;0;0;115;29;2;4;1;0;68;0;2;0;4;0;0;0;0;0;1;0;1;0;0;0;0;1;0;0;0;0;0;1;1;1320;187;262;27;27;7;26;1;4;6;584;65;6;5;6;5;1;3;4;0;0;0;27;1;7;10;4;0;0;5;40;23;12;5;1;0;0;0;0;0;2;0;0;0;0;0;0;0;0;1;0;2;0;0;0;0;0;0;0;0;0;0;6;1;0;0;0;0;0;0;2;0;0;0;0;1;0;0;0;0;0;0;1;0;0;0;0;0;0;0;0;1;0;4
"060503";"gmina wiejska";"gm. Dzwola";"janowski";"lubelskie";4675;5091;1559;3116;13;15;0;0;0;0;0;0;0;3116;0;0;3116;35;16;19;0;3081;52;32;3;1;1;0;6;3;0;0;2;1;0;0;0;0;0;1;0;0;0;0;0;0;0;0;0;0;2;0;0;182;91;5;4;6;2;31;3;2;1;4;10;5;1;0;2;2;4;1;0;1;0;0;0;2;1;3;0;1;194;78;4;8;3;0;71;0;3;2;3;1;1;1;0;2;9;1;0;0;0;2;1;0;1;0;1;0;1;1;0;2585;265;381;85;68;12;27;3;18;3;1186;100;17;12;114;26;4;5;3;4;3;9;39;3;3;1;4;2;3;10;175;59;31;3;3;4;0;2;0;3;3;0;1;0;0;0;1;0;0;1;1;2;2;0;0;0;0;0;0;0;1;1;9;0;1;0;0;0;0;0;1;0;0;0;0;1;0;1;0;1;0;0;0;0;0;0;1;0;0;0;0;1;2;5
"060504";"gmina wiejska";"gm. Godziszów";"janowski";"lubelskie";4292;4711;1026;3266;28;11;0;0;0;0;0;0;0;3266;0;0;3266;32;12;20;0;3234;31;14;5;3;2;1;0;0;0;1;1;0;0;1;0;0;0;0;1;0;1;1;0;0;0;0;0;0;0;0;0;130;75;2;3;2;0;21;6;1;1;0;3;2;0;1;0;3;2;2;1;0;0;0;0;1;0;0;1;3;127;36;13;10;2;2;53;1;0;1;2;1;0;1;0;1;3;0;0;0;0;0;0;0;0;0;0;0;1;0;0;2874;454;275;153;29;12;10;4;7;3;1438;39;19;20;58;4;4;1;4;2;2;5;14;1;4;0;4;0;1;7;300;66;51;3;0;2;1;1;2;0;2;1;0;0;1;0;0;0;1;0;0;0;0;0;0;0;0;0;0;0;0;1;6;2;0;0;0;0;0;0;0;0;1;0;0;0;0;0;1;0;0;0;0;0;0;0;0;0;0;0;0;0;2;5
"060505";"gmina miejsko-wiejska";"gm. Janów Lubelski";"janowski";"lubelskie";11874;12784;4166;7706;14;52;0;0;0;0;0;0;0;7706;0;0;7706;66;29;37;0;7640;861;631;30;44;10;8;66;7;3;6;3;5;1;0;9;0;4;2;3;4;1;3;1;5;1;4;2;1;2;2;3;496;233;24;6;20;0;129;7;8;4;7;6;7;0;2;3;6;6;0;1;2;0;0;3;4;1;7;2;8;453;135;15;15;8;6;163;6;2;2;5;7;6;2;8;3;46;0;2;0;3;3;3;1;1;1;4;1;2;1;2;5266;331;410;181;56;15;16;10;8;17;3203;70;16;43;162;17;17;4;3;12;5;26;12;2;12;0;32;3;3;22;558;505;311;70;11;17;19;4;5;16;5;1;3;3;5;2;2;4;1;4;5;3;0;2;0;1;1;2;3;0;0;5;59;17;6;2;1;0;2;5;4;2;1;2;1;0;0;0;0;0;0;2;2;0;0;2;1;0;0;0;2;1;6;11
"060506";"gmina miejsko-wiejska";"gm. Modliborzyce";"janowski";"lubelskie";5211;5660;2132;3079;13;18;0;0;0;0;0;0;0;3079;0;0;3079;55;25;30;0;3024;216;151;12;12;2;5;14;1;2;0;2;0;0;2;3;2;0;0;0;0;0;1;0;2;2;0;0;1;1;0;1;152;77;6;4;6;3;23;5;4;1;2;2;2;1;3;1;1;1;0;0;0;0;1;0;1;1;2;1;4;259;88;31;9;20;3;59;5;2;3;3;0;3;4;1;0;9;0;0;0;2;2;0;0;1;1;1;1;3;0;8;2248;214;217;63;37;6;12;11;10;7;1293;18;5;29;115;16;8;4;2;3;5;14;7;1;3;3;4;2;4;17;118;126;72;14;0;1;3;2;0;7;8;1;2;0;1;2;0;1;1;3;0;0;0;1;3;0;0;0;0;1;0;3;23;2;3;0;0;1;2;3;3;0;1;1;0;0;0;1;0;0;0;0;0;1;0;1;0;0;0;0;0;0;4;6
"060507";"gmina wiejska";"gm. Potok Wielki";"janowski";"lubelskie";3489;3812;1508;1981;7;10;0;0;0;0;0;0;0;1981;0;0;1981;33;16;17;0;1948;107;57;2;6;5;2;9;3;0;1;4;1;0;2;2;2;0;1;0;1;0;1;0;3;2;0;0;0;1;0;2;80;38;4;1;7;0;7;2;1;5;1;0;2;0;1;2;1;2;1;0;0;0;0;0;1;0;1;1;2;160;27;17;14;7;2;43;2;3;4;3;0;7;4;1;1;6;0;1;0;4;2;0;2;1;0;0;0;4;1;4;1474;248;203;58;29;10;24;12;3;4;586;12;0;10;134;27;3;3;3;1;0;7;5;0;3;4;5;1;1;14;64;117;68;10;5;5;2;3;0;5;7;0;0;2;1;0;0;2;0;1;3;2;0;0;0;1;0;0;0;0;0;0;10;0;1;0;0;0;0;1;1;1;0;0;0;0;0;0;0;0;0;0;0;0;0;0;0;0;0;0;0;2;4;3
"060701";"gmina miejska";"m. Kraśnik";"kraśnicki";"lubelskie";25549;27331;9661;15888;38;60;2;2;0;0;0;0;2;15890;2;2;15888;209;132;77;0;15679;3553;1056;37;65;8;18;1676;4;7;3;6;1;1;1;636;3;0;0;7;2;0;2;3;3;3;0;1;0;1;4;5;822;498;46;20;32;5;31;13;20;8;8;16;18;7;4;11;7;14;7;3;6;4;1;4;15;2;3;2;17;1438;105;1020;9;18;9;32;1;4;9;6;7;10;93;7;5;3;5;4;0;6;38;2;1;4;4;13;2;5;2;14;8344;959;1569;329;115;97;27;32;22;11;56;75;25;30;4541;55;15;13;29;11;8;10;7;6;9;1;22;7;4;34;225;1394;430;132;23;27;12;10;13;590;18;20;4;18;11;5;3;12;6;7;2;4;2;1;5;0;1;7;6;4;1;20;128;30;2;4;1;3;2;14;5;7;2;13;0;0;2;3;0;0;1;4;0;3;4;4;5;1;2;4;1;4;7;23
"060702";"gmina miejsko-wiejska";"gm. Annopol";"kraśnicki";"lubelskie";6386;6979;2737;3649;11;23;0;0;0;0;0;0;0;3649;0;0;3649;64;37;27;0;3585;286;123;4;5;1;5;94;2;9;0;2;2;1;2;17;2;0;1;0;3;0;1;2;2;0;0;1;3;2;1;1;122;74;4;2;4;2;3;2;1;3;2;2;3;1;1;5;0;2;1;0;1;2;1;0;2;2;1;0;1;616;25;502;6;3;1;7;1;2;3;3;2;2;35;3;0;0;0;0;2;9;1;0;0;0;1;5;0;2;0;1;2348;346;563;60;38;15;32;15;16;18;55;12;8;17;939;25;5;0;5;4;3;13;7;2;4;2;86;0;3;19;36;184;76;25;8;6;2;2;3;34;4;1;0;3;0;1;2;0;0;0;1;3;0;0;1;0;0;0;6;3;0;3;29;8;1;0;0;1;1;2;4;0;0;4;1;1;0;0;1;0;0;0;0;1;0;0;0;1;0;0;2;0;1;10
"060703";"gmina wiejska";"gm. Dzierzkowice";"kraśnicki";"lubelskie";3899;4245;1564;2335;1;10;0;0;0;0;0;0;0;2335;0;0;2335;27;16;11;0;2308;192;56;6;5;0;2;79;2;6;1;1;1;0;0;27;0;0;0;0;1;2;0;0;0;0;0;0;0;2;0;1;118;76;3;3;4;0;2;5;6;1;1;0;2;2;1;2;0;2;1;0;0;0;2;1;2;0;0;0;2;382;26;293;0;3;1;5;2;2;5;2;1;1;24;1;2;2;0;0;1;0;4;0;0;0;0;4;0;1;1;1;1487;156;345;40;21;16;9;13;1;3;14;10;6;7;762;18;2;3;5;2;0;3;14;0;2;1;3;0;1;13;17;104;26;13;5;4;2;1;3;31;3;1;3;3;1;1;3;0;0;0;1;0;0;0;0;0;0;0;3;0;0;0;25;2;0;3;0;0;0;0;2;0;1;5;0;0;2;0;0;0;1;1;1;2;0;1;0;0;0;0;0;2;2;6
"060704";"gmina wiejska";"gm. Gościeradów";"kraśnicki";"lubelskie";5274;5738;2280;2994;10;15;0;0;0;0;0;0;0;2994;0;0;2994;64;46;18;0;2930;152;80;3;3;1;1;52;0;1;1;0;1;0;3;4;0;0;0;0;0;1;0;0;0;0;0;0;0;1;0;0;106;67;5;3;4;0;2;1;2;1;1;1;1;1;1;1;1;3;1;2;1;0;0;0;0;0;6;1;0;739;28;100;2;0;0;3;1;1;0;2;0;3;588;5;0;0;0;0;0;0;1;0;3;0;1;0;0;1;0;0;1822;145;267;67;20;6;11;8;14;8;37;12;12;11;1062;19;2;2;3;5;1;1;1;2;3;2;9;4;3;22;63;93;26;11;5;6;1;2;1;27;1;1;0;2;1;2;1;0;0;1;1;1;0;0;0;0;0;0;2;0;0;1;18;7;0;0;0;0;0;2;3;0;0;2;0;0;1;0;0;0;1;0;0;0;1;1;0;0;0;0;0;0;0;8
"060705";"gmina wiejska";"gm. Kraśnik";"kraśnicki";"lubelskie";5316;5730;2093;3223;4;11;0;0;0;0;0;0;0;3223;0;0;3223;35;22;13;0;3188;284;111;5;7;3;3;85;0;3;1;1;1;0;3;55;1;0;1;0;2;1;0;0;0;0;0;0;0;1;0;0;215;126;16;9;14;3;2;2;5;1;2;5;6;1;3;1;3;1;4;0;1;0;1;0;2;0;3;2;2;431;32;301;4;5;1;13;0;1;2;2;1;2;37;5;0;2;3;0;0;3;8;3;0;0;0;3;0;1;0;2;2029;284;465;79;43;23;15;12;10;8;45;21;5;15;874;20;3;5;3;1;2;4;22;1;2;2;3;3;2;19;38;193;37;19;5;2;3;2;0;93;4;0;0;1;4;4;0;0;1;2;1;2;0;0;3;1;2;1;2;0;0;4;36;7;4;2;0;0;1;1;2;3;2;5;0;0;0;1;0;0;0;0;1;0;2;0;0;0;1;0;1;1;2;5
"060706";"gmina wiejska";"gm. Szastarka";"kraśnicki";"lubelskie";4329;4712;1668;2662;7;11;0;0;0;0;0;0;0;2662;0;0;2662;31;15;16;0;2631;130;61;2;19;2;2;27;4;0;0;1;1;0;0;8;1;0;0;1;0;0;0;0;0;0;0;0;0;0;0;1;65;36;1;2;2;1;3;3;2;1;2;0;2;1;1;1;0;1;0;1;1;0;0;1;0;0;2;0;1;209;17;156;1;0;1;8;0;1;1;1;0;0;8;1;1;0;0;0;0;2;6;0;2;0;0;2;0;0;0;1;2118;250;469;68;39;21;16;4;7;10;157;16;6;10;906;12;4;6;2;5;3;1;1;3;1;2;2;0;3;14;80;95;35;13;5;1;0;1;3;23;3;0;0;1;0;3;0;0;2;2;0;0;0;1;0;2;0;0;0;0;0;0;14;7;1;0;0;0;0;1;1;0;0;0;0;1;0;0;0;1;0;0;0;0;1;0;0;0;0;0;0;1;0;5
"060707";"gmina wiejska";"gm. Trzydnik Duży";"kraśnicki";"lubelskie";4770;5181;2141;2629;1;8;0;0;0;0;0;0;0;2629;0;0;2629;39;22;17;0;2590;182;101;6;6;0;4;37;1;0;0;0;0;0;1;15;1;1;1;1;1;0;1;1;0;0;0;0;2;0;0;2;109;58;6;1;7;3;5;4;2;4;3;0;1;2;3;0;3;2;0;0;1;0;0;0;1;2;0;0;1;388;34;260;5;0;3;14;1;1;3;1;4;4;35;4;0;2;1;1;1;0;9;1;1;0;0;0;0;1;2;0;1726;177;282;61;25;18;20;12;6;6;45;21;8;9;916;20;5;3;3;6;1;3;6;4;2;0;4;0;3;15;45;153;48;18;2;5;1;4;1;49;7;0;0;1;3;2;0;0;1;2;0;1;1;0;1;1;0;0;0;1;1;3;32;4;1;2;0;0;0;3;0;0;2;2;0;1;0;1;1;1;0;2;0;0;6;2;0;0;0;0;1;1;2;10
"060708";"gmina miejsko-wiejska";"gm. Urzędów";"kraśnicki";"lubelskie";6356;6912;2529;3827;15;10;0;0;0;0;0;0;0;3827;0;0;3827;63;34;29;0;3764;292;129;10;8;1;7;54;3;0;1;2;1;0;0;70;0;0;0;0;0;0;1;0;0;1;1;1;0;0;0;2;172;107;11;8;8;0;4;5;3;5;3;1;2;1;1;1;0;1;0;2;2;2;1;0;0;1;0;3;0;623;53;417;8;0;1;16;9;1;1;3;2;1;21;3;3;1;1;1;0;0;70;1;0;0;3;3;0;4;0;0;2511;367;701;79;55;11;15;10;10;6;25;16;10;13;972;16;3;4;53;7;2;10;25;1;1;1;7;2;7;12;70;136;43;17;5;4;6;3;6;23;3;0;2;1;2;3;1;1;3;0;0;2;1;0;0;0;0;0;3;3;2;2;30;8;3;1;0;0;0;1;0;1;0;7;1;1;1;0;0;0;0;1;1;0;1;0;0;0;0;1;0;0;2;9
"060709";"gmina wiejska";"gm. Wilkołaz";"kraśnicki";"lubelskie";3986;4304;1332;2654;3;8;0;0;0;0;0;0;0;2653;0;0;2653;26;19;7;0;2627;130;61;3;7;0;1;32;2;0;8;0;2;0;1;8;0;0;0;0;0;0;0;0;0;0;0;2;0;0;0;3;183;113;8;4;7;1;3;5;3;3;2;5;7;0;2;0;2;3;0;1;2;1;0;0;1;1;1;3;5;259;57;138;10;1;0;6;1;1;3;2;3;0;2;2;0;1;1;2;0;0;19;1;1;1;0;3;0;1;0;3;1932;257;696;67;56;35;11;10;7;1;10;20;13;7;578;13;6;7;4;5;1;4;11;2;1;1;10;2;3;13;81;98;28;15;2;4;0;3;2;16;7;5;2;1;0;0;2;0;2;0;0;2;1;0;1;0;0;1;1;0;0;3;25;3;3;0;1;0;1;4;2;1;0;1;0;0;1;0;0;0;0;1;0;2;1;1;0;1;0;0;1;0;1;4
"060710";"gmina wiejska";"gm. Zakrzówek";"kraśnicki";"lubelskie";4859;5250;1943;2916;6;4;0;0;0;0;0;0;0;2916;0;0;2916;32;18;14;0;2884;185;71;4;35;0;1;54;2;0;0;1;0;0;0;6;1;0;1;1;2;1;0;0;1;1;1;0;0;1;0;1;183;118;11;3;3;3;5;5;6;4;3;3;1;1;5;0;4;0;0;1;0;0;0;0;1;0;2;1;3;349;40;238;10;5;1;7;2;1;2;2;1;4;7;2;2;3;1;0;2;1;2;0;0;0;1;3;6;2;0;4;2034;391;776;68;31;17;13;7;5;2;24;8;7;6;546;13;3;6;5;2;3;6;17;3;1;2;5;0;3;5;59;112;42;8;2;3;7;1;1;29;1;1;0;1;1;0;3;0;0;4;1;2;0;0;0;0;1;0;0;1;0;3;21;4;1;0;0;0;0;5;0;0;0;3;1;0;0;0;0;0;0;0;1;0;1;0;2;0;1;0;0;0;2;6
"060801";"gmina miejska";"m. Lubartów";"lubartowski";"lubelskie";15976;17181;4986;10991;19;58;0;0;0;0;0;0;0;10991;0;1;10990;72;38;34;0;10918;2113;1322;95;105;22;23;8;26;6;3;8;6;3;394;4;7;1;5;12;1;5;10;3;11;4;9;4;0;3;2;11;1491;318;36;990;6;5;9;18;11;12;7;4;12;1;6;2;2;12;3;6;2;5;2;1;6;1;7;1;6;982;122;222;127;21;12;40;6;198;14;3;3;19;8;13;4;6;105;1;2;8;4;3;1;5;2;2;7;5;0;19;5125;1129;1176;218;233;48;45;32;16;18;25;117;50;33;8;17;36;13;3;13;62;1505;9;1;9;21;8;4;7;22;247;1014;446;224;57;32;17;13;24;19;14;7;9;4;9;6;6;2;2;12;4;2;3;6;9;46;4;3;5;8;3;18;193;19;12;6;1;0;4;10;4;42;4;15;1;13;3;3;3;4;1;4;1;3;3;7;3;4;4;2;1;2;14;12
"060802";"gmina wiejska";"gm. Abramów";"lubartowski";"lubelskie";3033;3331;1070;1963;5;11;0;0;0;0;0;0;0;1963;0;0;1963;20;11;9;0;1943;57;30;9;4;0;2;0;1;0;0;0;1;0;6;1;1;0;0;0;0;0;1;0;0;0;0;0;0;0;0;1;150;81;9;8;5;0;0;5;5;7;2;1;3;1;1;1;1;1;1;0;1;0;0;1;3;2;1;5;5;202;41;8;42;19;2;27;3;28;0;1;2;0;1;0;1;0;0;0;0;3;1;2;0;2;2;1;0;0;0;16;1457;340;537;74;58;23;40;5;48;15;9;14;16;20;2;20;36;3;13;14;19;68;11;2;4;3;7;1;3;11;41;55;23;13;1;2;0;1;4;0;0;0;0;1;3;0;0;2;0;0;1;1;0;0;0;0;0;0;1;0;1;1;22;4;1;1;0;1;1;0;0;0;1;4;0;0;0;0;0;0;0;0;3;1;0;0;1;0;1;0;0;0;3;7
"060803";"gmina wiejska";"gm. Firlej";"lubartowski";"lubelskie";4286;4734;1782;2504;4;21;0;0;0;0;0;0;0;2504;0;0;2504;39;24;15;0;2465;229;134;9;20;7;7;1;3;2;2;1;1;0;31;2;0;1;1;0;0;1;1;0;0;1;0;0;0;0;1;3;220;103;9;38;9;3;4;10;4;4;2;1;4;4;3;2;2;4;3;2;0;1;1;0;0;4;1;1;1;255;27;17;87;17;3;17;0;36;11;3;2;3;2;1;3;4;7;1;0;0;2;0;0;1;1;0;4;3;0;3;1567;358;488;62;62;23;13;17;130;4;10;40;15;16;12;21;15;7;4;8;10;176;15;1;0;2;1;1;5;10;41;161;83;17;6;11;1;3;3;3;5;2;2;1;2;1;2;1;2;1;0;6;3;2;0;1;0;0;1;1;0;1;33;3;0;0;0;0;1;3;1;2;0;8;0;3;1;3;2;0;2;1;0;0;0;0;0;0;2;0;0;0;1;8
"060804";"gmina wiejska";"gm. Jeziorzany";"lubartowski";"lubelskie";2042;2235;876;1166;3;9;0;0;0;0;0;0;0;1166;0;0;1166;25;11;14;0;1141;68;45;4;5;1;0;0;3;1;0;0;0;0;2;1;0;0;0;0;0;0;1;0;0;2;0;0;0;0;0;3;66;39;2;2;2;0;0;4;2;1;0;1;1;0;0;1;0;0;0;2;1;0;1;0;1;1;3;0;2;146;13;7;23;21;2;13;1;47;2;1;2;1;1;0;1;2;1;0;0;2;0;1;0;0;0;0;0;1;0;4;808;143;315;26;12;7;5;5;102;23;4;10;4;18;1;10;0;3;2;4;3;77;3;1;3;3;3;0;2;11;8;51;17;14;4;3;1;2;0;0;5;0;0;0;1;0;1;2;0;0;1;0;0;0;0;0;0;0;0;0;0;0;2;1;0;0;0;0;0;0;0;0;0;0;0;0;0;0;0;0;0;1;0;0;0;0;0;0;0;0;0;0;0;3
"060805";"gmina wiejska";"gm. Kamionka";"lubartowski";"lubelskie";4714;5139;1970;2744;7;12;0;0;0;0;0;0;0;2744;0;0;2744;34;25;9;0;2710;322;194;19;19;5;5;3;3;2;2;1;1;0;22;1;2;0;1;3;2;2;0;0;17;3;2;2;0;3;3;5;208;96;5;38;5;5;3;6;5;3;2;1;4;3;1;0;1;2;2;4;3;3;0;3;4;1;5;0;3;312;52;14;134;7;3;30;4;32;3;4;0;3;3;1;2;0;7;0;4;0;0;0;1;0;2;0;0;3;1;2;1669;339;699;61;76;38;16;9;31;7;7;24;48;22;3;18;11;3;4;7;18;141;11;4;3;6;4;2;3;16;38;161;59;43;10;9;1;4;1;1;3;2;3;5;0;1;1;0;1;1;0;2;0;1;0;3;0;0;1;2;4;3;38;3;1;1;0;0;1;4;1;3;0;4;0;3;2;2;2;2;0;2;1;0;3;0;1;0;0;2;0;0;0;9
"060806";"gmina miejsko-wiejska";"gm. Kock";"lubartowski";"lubelskie";4790;5147;2017;2773;2;18;0;0;0;0;0;0;0;2773;0;0;2773;38;18;20;0;2735;240;175;4;12;3;2;1;2;2;3;2;2;0;13;3;0;0;1;0;1;4;6;0;0;0;0;0;1;1;0;2;134;75;3;7;5;3;3;5;3;4;3;2;4;0;2;2;0;0;0;0;1;2;0;0;5;0;1;1;3;239;40;20;87;4;5;3;3;41;4;2;2;3;0;1;4;1;3;0;0;2;2;1;1;1;1;1;0;2;0;5;1924;282;803;78;61;31;22;27;99;12;18;46;33;39;1;32;10;7;4;17;16;142;13;3;10;12;5;5;4;40;52;121;47;20;6;7;2;5;1;5;2;2;1;3;3;0;1;2;0;2;0;2;1;1;0;0;1;1;0;0;0;6;77;7;2;0;3;2;1;1;2;1;1;3;1;0;0;40;1;1;0;4;2;0;1;0;0;0;0;0;0;1;3;8
"060807";"gmina wiejska";"gm. Lubartów";"lubartowski";"lubelskie";8146;9005;2654;5493;0;25;0;0;0;0;0;0;0;5493;0;0;5493;57;36;21;0;5436;585;338;36;41;6;11;6;5;9;0;4;2;3;81;3;2;0;3;3;0;3;9;1;2;3;2;0;1;3;3;5;496;185;9;164;7;3;3;19;7;5;9;6;7;3;1;5;5;8;5;3;2;3;6;3;9;3;2;1;13;631;50;102;244;9;8;19;1;66;15;6;3;8;6;8;6;8;32;1;2;4;3;0;3;1;1;2;1;6;0;16;3295;565;759;133;147;37;38;21;35;11;6;46;32;18;12;15;16;6;5;14;9;1125;12;7;10;12;9;4;5;30;156;337;128;52;14;21;9;6;12;5;12;2;2;5;5;1;2;0;2;13;1;6;2;4;3;9;1;6;5;2;1;6;92;9;4;0;2;0;3;4;4;8;1;17;0;8;0;5;0;2;1;4;1;0;2;1;1;2;3;1;0;2;7;12
"060808";"gmina wiejska";"gm. Michów";"lubartowski";"lubelskie";4506;4907;1874;2632;12;16;0;0;0;0;0;0;0;2630;0;0;2630;32;20;12;0;2598;154;100;3;16;1;3;2;1;2;0;2;2;0;9;1;0;0;3;0;0;2;2;0;1;0;0;0;1;0;0;3;163;81;5;17;6;3;2;10;3;5;5;2;4;1;3;1;1;1;0;1;0;1;1;1;1;2;0;1;5;373;29;9;116;11;3;133;1;33;8;1;0;2;2;4;2;1;1;0;2;2;2;0;2;0;0;1;0;0;2;6;1772;329;497;221;59;16;59;17;72;3;7;20;26;25;9;22;10;2;32;6;144;128;5;3;6;4;5;4;2;18;21;115;48;17;11;7;0;2;0;6;4;1;0;0;4;1;2;6;0;0;1;1;1;1;0;0;0;0;0;0;0;2;21;5;0;1;0;0;2;1;0;2;1;4;0;1;1;0;0;0;1;0;1;0;0;0;0;0;0;0;0;0;1;6
"060809";"gmina wiejska";"gm. Niedźwiada";"lubartowski";"lubelskie";4562;4973;1731;2831;7;6;0;0;0;0;0;0;0;2831;0;0;2831;38;23;15;0;2793;142;80;9;11;3;4;3;3;2;0;1;1;1;13;0;0;1;1;3;0;0;2;0;1;1;2;0;0;0;0;0;221;96;3;69;4;1;3;5;5;0;6;1;3;2;2;1;5;3;0;3;1;1;0;1;3;2;1;0;0;269;24;88;59;10;0;3;0;40;4;1;1;3;3;1;0;0;13;0;1;1;2;0;0;3;2;1;2;1;1;5;2029;383;619;60;83;18;14;10;12;8;8;42;13;34;3;16;4;5;4;4;10;587;9;3;5;9;4;0;3;4;55;96;32;13;9;7;2;3;4;6;3;1;0;0;4;0;1;1;0;1;0;2;1;0;1;0;0;0;0;0;2;3;36;6;1;0;0;1;2;1;3;3;0;4;0;1;1;2;1;1;0;1;0;0;0;1;0;3;1;0;0;0;3;6
"060810";"gmina miejsko-wiejska";"gm. Ostrów Lubelski";"lubartowski";"lubelskie";3878;4258;1444;2434;14;11;0;0;0;0;0;0;0;2434;0;0;2434;27;17;10;0;2407;162;100;8;21;0;4;2;1;5;0;0;2;0;6;1;3;1;2;0;1;0;0;0;3;0;0;0;0;0;1;1;174;105;6;23;5;0;1;3;1;2;4;1;5;1;1;0;3;2;2;2;0;0;0;1;1;0;2;0;3;322;34;10;140;8;3;5;3;41;0;0;2;5;5;0;1;4;52;0;1;1;0;0;0;0;0;0;1;3;0;3;1599;212;893;50;113;18;6;7;10;2;6;10;13;12;0;18;7;5;6;5;0;153;3;0;1;7;2;3;1;3;33;125;48;24;5;9;1;1;11;2;4;0;1;1;1;0;3;1;2;3;0;3;0;1;1;0;0;0;0;1;0;2;25;4;1;1;0;0;0;1;1;1;1;2;0;1;0;0;0;0;0;1;1;0;1;1;0;0;0;0;0;1;7;5
"060811";"gmina wiejska";"gm. Ostrówek";"lubartowski";"lubelskie";2866;3105;1142;1724;3;8;0;0;0;0;0;0;0;1724;0;0;1724;28;20;8;0;1696;93;48;4;11;1;0;1;1;2;0;1;1;0;11;2;2;0;0;1;0;0;0;0;2;1;0;0;0;2;0;2;122;61;2;20;4;1;0;4;6;4;1;2;5;1;1;1;0;0;1;0;0;0;0;0;2;1;2;3;0;243;52;19;90;12;0;5;3;34;3;1;1;3;2;0;2;0;0;0;0;0;3;1;1;1;0;1;0;4;1;4;1175;302;348;44;41;25;11;6;20;6;6;31;26;26;2;15;7;6;1;3;2;149;28;3;3;11;7;1;0;18;27;51;29;6;1;5;2;2;0;0;1;1;0;0;0;1;0;0;1;2;0;0;0;0;0;0;0;0;0;0;0;0;12;1;2;1;0;2;0;0;1;0;0;0;0;0;2;0;0;0;0;0;0;2;0;1;0;0;0;0;0;0;0;6
"060812";"gmina wiejska";"gm. Serniki";"lubartowski";"lubelskie";3599;3938;1247;2352;4;5;0;0;0;0;0;0;0;2352;0;0;2352;35;20;15;0;2317;128;71;3;14;3;2;1;3;1;2;2;3;0;17;0;0;0;0;0;0;0;1;0;1;1;0;0;1;1;0;1;162;74;9;32;5;3;2;4;2;3;4;1;3;0;1;1;1;5;0;1;0;2;0;0;0;0;2;4;3;197;28;10;57;5;1;8;4;23;2;1;2;11;4;3;1;5;21;0;1;2;1;0;0;0;0;3;0;0;3;1;1708;273;722;62;69;22;17;13;6;5;8;32;12;25;1;18;6;4;3;10;6;257;45;1;7;20;6;3;2;12;41;88;50;8;2;2;5;0;2;2;4;0;1;0;2;0;0;0;0;3;1;0;2;0;0;1;0;0;1;0;1;1;34;0;3;0;0;0;1;3;4;5;1;3;0;0;0;0;1;1;0;4;1;1;0;0;1;0;0;1;1;0;3;5
"060813";"gmina wiejska";"gm. Uścimów";"lubartowski";"lubelskie";2327;2536;943;1384;8;8;0;0;0;0;0;0;0;1384;0;0;1384;22;11;11;0;1362;139;90;4;11;2;1;0;3;9;0;0;3;1;4;1;1;0;2;0;1;1;1;0;0;1;0;0;0;0;1;2;72;36;4;2;1;1;3;4;1;3;1;1;3;1;1;0;0;2;0;0;0;1;0;1;1;0;1;0;4;165;27;14;21;4;0;3;1;56;2;2;1;0;3;0;1;2;6;0;1;2;1;2;0;2;0;0;0;1;0;13;917;127;424;25;61;9;8;10;6;1;5;8;5;3;1;4;4;3;1;1;0;185;3;3;0;1;1;0;0;5;13;51;18;10;1;3;2;1;0;1;4;1;1;0;2;0;1;1;0;1;0;1;0;0;0;0;1;0;1;0;0;1;18;1;1;0;1;0;0;3;0;1;0;4;0;0;2;0;0;0;0;0;0;0;2;0;0;0;1;0;0;0;2;4
"060901";"gmina miejsko-wiejska";"gm. Bełżyce";"lubelski";"lubelskie";9645;10504;3686;5959;3;10;0;0;0;0;0;0;0;5959;0;0;5959;64;40;24;0;5895;609;369;23;73;6;13;29;4;2;48;2;3;0;9;3;2;0;1;2;1;0;5;1;4;1;1;1;1;2;1;2;402;240;18;11;12;7;8;12;5;9;7;4;16;4;3;5;2;6;3;4;3;0;0;3;3;1;8;3;5;746;445;26;102;17;6;22;13;3;4;8;19;7;3;6;1;5;1;1;3;3;8;3;3;3;4;7;3;4;2;14;3704;760;1465;125;232;278;17;9;18;5;28;61;120;9;20;193;24;8;9;12;54;11;18;5;26;1;10;8;13;23;142;363;147;73;7;11;5;1;2;5;11;2;1;2;4;4;5;0;5;3;1;3;0;1;58;1;1;1;2;1;1;5;71;11;14;3;1;0;1;1;4;0;0;7;1;0;1;1;2;3;0;4;1;0;8;2;2;0;1;2;0;0;1;12
"060902";"gmina wiejska";"gm. Borzechów";"lubelski";"lubelskie";2831;3111;935;1896;4;2;0;0;0;0;0;0;0;1896;0;0;1896;18;10;8;0;1878;192;47;5;6;0;0;17;1;0;100;1;0;0;0;6;1;1;0;0;0;0;0;0;2;0;0;0;1;1;0;3;80;53;1;0;3;2;3;5;1;1;2;0;1;1;0;0;0;0;0;1;2;0;0;1;2;0;0;0;1;249;100;15;38;0;0;4;0;1;0;0;60;0;1;1;5;0;0;0;0;0;19;1;1;1;0;0;0;0;0;2;1304;229;545;36;97;122;14;5;3;5;4;26;52;22;52;24;3;5;4;1;1;5;4;0;0;0;0;0;4;8;33;44;20;6;1;2;0;0;0;1;2;0;0;0;1;1;2;0;0;2;0;0;0;0;5;0;0;0;0;0;0;1;9;0;0;0;0;0;0;0;0;0;1;1;0;0;0;0;0;0;0;0;0;0;2;0;0;0;0;1;0;1;3;6
"060903";"gmina miejsko-wiejska";"gm. Bychawa";"lubelski";"lubelskie";8674;9383;3486;5189;8;10;0;0;0;0;0;0;0;5189;0;0;5189;72;42;30;0;5117;435;284;26;36;6;11;6;7;2;6;4;7;1;2;3;1;2;1;5;1;2;2;1;3;3;0;1;2;0;1;9;370;186;40;15;24;1;9;13;7;5;3;9;9;1;2;3;8;6;5;2;0;2;0;0;8;3;6;1;2;632;371;27;110;12;4;29;7;4;5;11;9;5;15;3;4;5;0;0;3;5;1;0;0;0;0;0;0;1;1;0;3328;806;1201;194;200;128;41;11;17;4;52;60;159;12;14;94;25;11;1;10;23;10;20;0;5;7;12;4;5;14;188;289;127;64;9;16;7;7;7;6;7;1;2;4;2;3;1;3;1;5;2;1;0;2;1;1;0;1;0;0;1;8;63;15;8;1;4;1;0;2;1;5;0;4;2;2;1;2;1;0;0;1;1;0;0;1;1;1;3;0;0;0;6;16
"060904";"gmina wiejska";"gm. Garbów";"lubelski";"lubelskie";6515;7243;2206;4309;6;55;0;0;0;0;0;0;0;4308;0;0;4308;52;39;13;0;4256;479;267;23;113;9;12;1;5;1;8;3;4;0;8;3;4;2;0;4;0;0;1;2;0;0;1;3;1;1;0;3;326;201;10;14;4;1;4;10;8;14;2;3;9;2;2;0;1;0;2;0;5;2;0;0;5;3;2;16;6;490;191;20;171;16;6;8;3;11;1;5;6;5;8;2;2;3;0;1;0;3;8;0;1;2;2;4;4;3;0;4;2659;525;1244;73;139;81;38;19;40;4;5;35;120;30;2;101;34;8;2;8;15;10;8;5;4;8;14;2;3;19;63;246;92;55;14;16;5;0;8;3;5;3;0;5;5;0;2;4;2;6;1;0;2;1;4;0;1;0;2;1;1;8;56;18;3;3;1;0;3;2;4;1;0;3;0;1;0;1;1;0;0;1;1;0;5;0;1;0;3;0;0;0;4;10
"060905";"gmina wiejska";"gm. Głusk";"lubelski";"lubelskie";7772;8626;2009;5763;5;28;0;0;0;0;0;0;0;5760;0;3;5757;37;21;16;0;5720;1238;630;128;226;13;46;8;40;7;9;4;16;0;2;2;14;2;4;10;3;9;26;0;6;0;0;1;1;4;1;26;449;300;18;14;11;3;8;19;5;5;10;7;6;1;3;2;6;2;1;4;2;2;1;1;2;2;7;0;7;602;162;34;36;13;1;34;3;4;8;13;10;13;6;5;222;5;4;0;0;0;2;5;1;5;1;3;2;5;1;4;2919;572;1046;130;297;102;12;6;5;4;10;70;119;8;5;28;87;2;13;16;14;16;135;0;5;14;4;5;2;9;183;421;192;99;28;10;6;0;12;13;12;3;1;4;6;0;4;0;0;5;1;0;1;2;1;0;0;1;2;3;2;13;91;12;8;1;2;1;1;6;3;2;11;2;2;1;1;3;0;1;0;4;2;0;5;7;3;0;2;1;1;1;8;6
"060906";"gmina wiejska";"gm. Jabłonna";"lubelski";"lubelskie";5714;6370;2340;3374;4;7;0;0;0;0;0;0;0;3373;0;1;3372;32;25;7;0;3340;391;211;28;72;2;14;4;11;3;3;2;6;0;2;1;3;1;2;4;1;2;1;0;3;0;0;2;0;1;2;10;273;159;18;12;8;0;1;8;8;7;5;3;6;3;0;2;4;3;0;2;1;2;3;5;1;1;5;1;5;365;144;15;75;6;0;29;1;9;4;11;2;4;7;5;26;7;2;0;1;3;2;1;2;3;0;2;0;2;0;2;2064;425;692;79;141;40;10;5;10;5;15;189;126;13;3;96;33;6;6;5;3;5;33;2;5;11;2;2;1;14;87;201;83;41;14;8;7;3;5;7;6;1;1;2;1;0;3;0;1;1;2;2;0;0;3;0;1;0;1;1;0;7;46;4;8;0;0;0;0;3;2;5;2;0;0;1;0;0;1;2;0;2;4;0;2;1;3;0;1;1;0;0;4;6
"060907";"gmina wiejska";"gm. Jastków";"lubelski";"lubelskie";9918;10920;2706;7211;9;44;0;0;0;0;0;0;0;7213;0;0;7213;63;37;26;0;7150;1429;794;149;257;8;33;11;27;4;5;7;7;1;8;3;7;7;4;17;2;9;8;6;5;1;3;5;2;3;2;34;497;308;25;17;13;5;7;13;8;18;15;4;9;2;2;6;8;3;4;3;1;0;1;0;6;0;6;6;7;587;256;30;146;14;4;17;3;2;2;6;7;11;8;8;2;1;1;0;6;6;5;1;1;1;5;12;0;25;1;6;4108;741;1977;107;151;152;21;10;18;10;7;59;280;13;5;232;66;3;1;13;24;7;13;3;5;9;7;4;5;18;147;434;137;124;24;12;14;9;14;16;15;6;2;3;8;1;4;1;2;2;5;0;0;0;5;1;1;2;5;1;3;17;95;19;6;1;0;0;1;8;2;2;0;15;0;2;4;2;3;0;0;2;1;1;1;3;3;1;6;0;0;3;9;8
"060908";"gmina wiejska";"gm. Konopnica";"lubelski";"lubelskie";9934;10758;2633;7301;7;43;2;2;0;0;0;0;2;7298;2;0;7298;43;22;21;0;7255;1587;904;128;246;5;59;16;56;12;12;2;7;0;7;3;9;1;2;47;0;4;7;2;13;2;0;5;3;2;0;33;566;387;21;14;10;5;8;19;5;5;7;3;11;3;2;4;5;9;4;2;5;2;0;2;7;2;7;4;13;1286;1085;36;35;15;9;11;3;3;7;4;13;10;3;4;4;6;2;0;1;4;4;1;2;5;1;2;1;5;0;10;3196;692;1136;91;196;303;8;4;4;4;11;54;130;24;7;143;54;4;5;13;25;10;21;3;3;3;7;2;7;18;214;538;204;135;26;34;10;11;11;15;16;5;3;5;5;3;1;1;2;4;5;1;3;2;6;3;1;2;1;1;1;21;82;18;9;4;1;0;1;9;9;0;6;4;0;0;0;1;0;5;0;1;1;1;0;3;1;0;2;0;1;0;5;6
"060909";"gmina wiejska";"gm. Krzczonów";"lubelski";"lubelskie";3468;3781;1442;2026;6;10;0;0;0;0;0;0;0;2026;0;0;2026;27;20;7;0;1999;143;87;10;16;0;2;3;4;0;3;3;0;0;1;0;1;0;0;0;2;0;0;1;1;0;0;0;0;0;2;7;104;65;9;5;2;0;0;5;0;0;0;2;5;1;2;1;1;1;0;0;0;0;0;0;1;0;2;0;2;297;165;12;61;6;0;13;0;4;0;8;1;2;1;0;7;2;2;0;0;1;2;1;0;2;2;0;2;0;0;3;1338;394;437;55;82;17;4;1;2;5;10;26;116;5;2;103;9;4;2;3;3;2;14;0;0;14;1;1;0;5;21;95;47;6;2;4;3;2;7;4;4;2;0;2;0;0;2;0;1;2;1;0;1;0;1;0;0;0;1;1;0;2;22;2;3;0;0;1;1;2;5;0;0;2;0;1;1;1;0;0;0;0;0;0;1;1;0;0;1;0;0;0;0;6
"060910";"gmina wiejska";"gm. Niedrzwica Duża";"lubelski";"lubelskie";8234;9138;2666;5568;5;22;0;0;0;0;0;0;0;5568;0;0;5568;53;40;13;0;5515;717;364;52;105;7;26;26;16;2;61;2;5;0;6;3;5;1;0;3;1;5;1;1;4;1;2;1;0;2;2;13;417;261;18;16;12;3;11;18;12;7;5;3;5;3;2;0;4;6;3;2;1;2;0;2;1;4;4;1;11;646;396;28;66;10;9;22;4;10;5;3;25;6;5;7;3;6;7;0;0;2;3;1;2;4;1;1;3;7;0;10;3348;659;1254;107;197;442;13;4;12;4;20;94;102;18;20;71;32;6;2;19;14;17;18;4;6;2;13;2;9;19;168;300;114;55;21;15;7;6;7;8;15;2;2;2;4;3;1;1;2;3;4;0;1;3;11;0;1;2;1;2;2;5;87;10;8;2;1;1;1;6;2;3;1;7;3;3;2;1;2;1;0;2;3;1;0;2;1;12;1;1;3;1;6;9
"060911";"gmina wiejska";"gm. Niemce";"lubelski";"lubelskie";13881;15245;4020;9861;25;67;0;0;0;0;0;0;0;9860;0;0;9860;89;53;36;0;9771;1568;903;147;202;12;54;11;61;16;10;0;15;0;15;3;13;3;4;25;3;8;6;2;4;1;0;5;1;3;4;37;728;451;31;46;15;8;16;20;11;13;9;13;14;2;5;5;6;10;5;3;2;2;3;1;10;1;5;5;16;1706;120;19;1398;12;12;18;3;13;6;10;6;10;2;7;6;7;2;0;1;6;4;3;2;4;5;5;0;3;5;17;5026;1172;2070;164;411;175;25;22;20;8;19;103;129;31;10;72;92;12;7;14;21;43;22;6;8;33;15;25;7;22;268;634;242;131;35;20;5;11;11;19;16;5;59;8;7;4;4;3;3;13;2;3;5;1;4;2;3;2;0;1;1;14;109;29;6;6;2;3;1;13;10;1;1;9;3;0;1;2;0;3;1;2;3;0;1;0;2;0;1;0;1;3;5;11
"060912";"gmina wiejska";"gm. Strzyżewice";"lubelski";"lubelskie";5708;6176;2205;3503;8;9;0;0;0;0;0;0;0;3503;0;0;3503;35;19;16;0;3468;403;238;23;52;0;14;11;10;4;9;1;6;1;2;2;1;1;1;3;3;2;3;2;1;0;0;1;0;3;0;9;273;170;11;11;16;1;6;5;1;8;3;4;5;1;1;5;1;3;0;0;2;3;0;3;2;3;3;2;3;460;313;13;63;8;4;11;0;7;1;4;6;5;3;2;6;1;2;1;0;0;0;0;1;2;3;2;0;1;0;1;2092;449;873;69;136;53;11;8;11;6;10;63;99;5;12;48;39;6;1;6;5;8;30;4;8;3;6;2;2;23;96;193;76;42;9;6;13;4;7;7;4;0;0;0;1;2;2;0;0;2;3;2;1;0;0;0;2;0;1;0;3;6;47;6;14;0;0;0;1;6;1;0;1;2;0;2;0;2;1;0;0;1;1;0;1;1;1;3;1;1;0;0;1;7
"060913";"gmina wiejska";"gm. Wojciechów";"lubelski";"lubelskie";4413;4738;1738;2675;3;13;0;0;0;0;0;0;0;2675;0;0;2675;39;23;16;0;2636;266;151;27;32;5;5;8;5;4;4;1;2;0;3;0;2;1;2;0;1;1;0;0;2;0;0;0;3;0;0;7;147;98;10;3;4;2;1;4;1;1;1;0;6;0;0;2;1;1;1;1;2;0;0;0;3;0;1;0;4;321;219;7;35;5;0;8;2;1;1;5;4;2;0;4;1;2;1;1;0;6;1;0;0;1;1;9;0;1;0;4;1736;270;503;38;82;57;4;5;7;5;5;23;36;10;1;553;25;3;0;4;3;2;3;0;5;0;5;41;1;8;37;139;65;25;7;7;1;3;3;1;1;1;1;2;4;0;0;0;0;1;0;1;1;1;9;0;0;0;1;1;0;3;27;7;2;1;0;0;0;1;1;1;0;4;1;1;0;0;0;0;0;0;1;1;0;1;0;0;1;1;0;2;1;6
"060914";"gmina wiejska";"gm. Wólka";"lubelski";"lubelskie";8330;9328;2374;5956;1;52;0;0;0;0;0;0;0;5956;0;1;5955;40;21;19;0;5915;1171;581;70;274;12;50;10;28;24;5;7;21;1;6;1;8;2;6;10;0;4;4;8;0;3;4;4;0;3;2;23;521;327;35;12;19;4;10;16;9;10;5;1;14;4;3;4;9;9;5;2;1;2;0;2;1;1;4;2;10;478;121;33;113;20;17;23;4;8;8;22;5;14;4;6;5;5;5;0;2;7;5;7;3;1;11;4;4;10;0;11;3205;625;973;113;401;93;16;15;8;12;6;114;115;19;10;125;79;4;2;13;17;7;9;2;57;5;9;204;6;16;130;450;165;106;16;10;14;10;14;8;14;21;2;5;2;6;2;0;4;4;5;3;2;2;7;1;1;2;7;1;4;12;90;20;9;3;0;3;2;5;3;1;2;6;0;0;6;2;3;1;1;1;3;1;5;1;0;0;1;0;1;2;8;9
"060915";"gmina wiejska";"gm. Wysokie";"lubelski";"lubelskie";3420;3813;1365;2055;6;12;0;0;0;0;0;0;0;2055;0;0;2055;27;12;15;0;2028;112;57;7;15;0;1;0;1;2;17;0;0;0;1;2;0;0;1;2;0;0;1;0;1;0;0;0;0;0;1;3;74;38;6;2;5;1;4;1;2;1;0;1;3;0;0;1;0;0;0;0;0;0;0;3;2;1;0;1;2;293;230;11;26;2;2;7;1;1;0;1;2;2;0;1;3;1;0;0;0;2;0;0;0;0;0;0;0;0;0;1;1465;409;672;38;76;32;6;0;5;3;1;14;25;8;1;59;9;1;3;5;3;3;48;1;9;1;4;1;1;5;22;76;33;17;0;1;1;2;3;7;3;0;1;1;0;0;0;0;0;1;0;2;0;0;0;0;2;1;0;0;1;0;8;2;2;0;0;0;1;1;0;0;0;1;0;0;0;0;0;0;0;1;0;0;0;0;0;0;0;0;0;0;0;6
"060916";"gmina wiejska";"gm. Zakrzew";"lubelski";"lubelskie";2235;2433;995;1240;3;6;0;0;0;0;0;0;0;1240;0;0;1240;18;7;11;0;1222;45;27;1;7;0;0;2;0;1;1;1;1;0;0;2;0;0;1;0;0;1;0;0;0;0;0;0;0;0;0;0;48;29;1;1;5;0;2;1;2;0;0;1;1;0;1;0;1;2;0;0;0;0;0;1;0;0;0;0;0;150;110;6;11;0;0;10;0;1;0;0;1;1;1;0;0;2;1;0;1;0;1;0;0;0;1;0;0;0;1;2;941;212;285;85;29;21;6;3;4;1;87;10;21;8;9;66;7;1;1;6;2;2;38;1;1;4;2;0;0;7;22;33;13;5;0;2;0;0;1;1;2;0;0;0;3;0;1;0;1;0;0;2;0;1;0;0;0;0;0;0;0;1;5;0;1;1;0;0;0;1;0;0;0;1;0;0;0;0;0;0;0;0;0;0;0;0;0;0;0;0;0;0;1;4
"061001";"gmina wiejska";"gm. Cyców";"łęczyński";"lubelskie";5524;6083;2300;3224;5;15;0;0;0;0;0;0;0;3224;0;0;3224;41;31;10;0;3183;442;142;12;31;5;3;1;6;229;0;2;0;0;3;0;1;0;1;1;0;0;0;1;0;0;1;1;0;0;0;2;207;115;4;11;4;3;2;8;3;4;1;1;5;3;6;2;1;1;3;1;0;1;3;1;5;2;4;0;13;269;91;10;33;10;3;3;2;13;8;1;4;3;0;1;5;2;0;0;1;4;1;4;0;13;3;1;0;5;2;46;2084;273;600;97;676;50;14;12;9;8;14;66;20;11;25;25;15;23;4;18;8;6;8;1;8;11;4;6;6;27;39;145;71;15;3;6;3;4;2;2;8;3;0;1;4;2;3;0;0;4;3;3;0;0;0;0;0;0;0;1;1;6;36;2;0;0;1;0;1;4;7;1;1;2;0;0;0;2;0;0;1;1;2;1;4;0;0;1;1;1;2;0;1;12
"061002";"gmina wiejska";"gm. Ludwin";"łęczyński";"lubelskie";3904;4302;1538;2366;0;15;0;0;0;0;0;0;0;2366;0;0;2366;24;19;5;0;2342;361;114;5;23;1;3;3;4;190;2;2;1;0;2;0;0;0;0;1;1;0;0;0;0;1;0;0;0;1;2;5;168;103;1;3;7;2;1;10;4;6;2;2;1;2;2;1;0;2;0;3;0;1;0;1;6;0;1;1;6;214;39;5;97;7;2;2;1;4;4;1;3;4;2;2;1;1;4;1;0;1;0;1;0;16;1;1;0;1;1;12;1442;235;446;48;450;25;8;18;4;5;5;25;11;8;8;12;25;10;0;8;13;14;2;0;10;6;0;5;3;15;23;119;43;29;5;8;2;1;1;6;1;0;2;2;1;3;0;0;1;2;1;2;0;1;0;0;1;1;2;1;0;3;38;7;3;0;2;0;0;1;2;1;0;4;0;0;0;0;1;2;0;0;0;0;1;2;1;1;3;1;1;0;5;5
"061003";"gmina miejsko-wiejska";"gm. Łęczna";"łęczyński";"lubelskie";16766;17895;5680;11088;8;47;0;0;0;0;0;0;0;11086;0;0;11086;96;66;30;0;10990;2313;674;53;162;8;24;7;17;1299;1;1;8;2;6;2;3;0;2;3;5;1;4;2;4;3;0;2;0;2;8;10;909;557;38;48;19;10;15;29;12;11;11;6;13;5;12;10;7;10;10;1;5;1;0;6;26;0;7;8;32;750;225;35;79;13;12;25;5;9;11;15;8;16;12;6;6;4;7;5;2;8;2;4;3;72;2;5;0;11;2;146;6238;1159;1499;331;2019;126;16;16;27;16;23;159;62;31;28;59;143;18;9;20;68;39;22;5;14;10;12;4;12;45;246;627;251;138;24;15;18;9;26;22;18;8;1;5;9;8;8;2;7;11;6;1;3;5;7;1;2;3;2;3;0;14;153;22;11;1;5;5;5;10;20;0;2;13;1;3;0;0;1;0;2;2;4;5;2;2;4;2;1;2;1;1;26;16
"061004";"gmina wiejska";"gm. Milejów";"łęczyński";"lubelskie";6547;7138;2961;3585;5;14;0;0;0;0;0;0;0;3585;0;0;3585;61;37;24;0;3524;499;160;13;31;2;5;7;7;248;2;1;4;0;3;1;0;0;0;4;2;1;0;1;0;2;1;1;0;0;0;3;236;131;32;3;6;3;2;4;15;4;3;2;8;2;1;0;3;4;1;2;1;1;0;0;2;0;1;2;3;311;77;8;35;5;1;10;3;10;4;15;2;9;7;4;2;1;2;0;1;5;2;4;0;24;1;3;0;7;2;67;2210;368;458;46;921;33;9;13;8;7;12;38;22;16;5;22;11;23;6;10;6;11;20;0;3;44;5;4;3;24;62;213;106;39;7;6;8;2;2;3;5;2;1;1;3;1;1;0;1;3;0;2;3;4;4;0;0;0;0;1;2;6;55;8;5;0;3;3;1;4;1;2;0;3;3;1;1;1;1;0;0;1;6;1;1;3;1;1;1;1;0;0;2;9
"061005";"gmina wiejska";"gm. Puchaczów";"łęczyński";"lubelskie";4034;4381;1416;2618;4;10;0;0;0;0;0;0;0;2618;0;0;2618;33;21;12;0;2585;282;102;5;23;2;4;1;3;133;0;0;1;0;0;1;2;0;0;0;1;0;2;0;0;1;0;1;0;0;0;0;189;112;7;5;3;0;4;7;6;5;0;0;8;2;6;0;4;2;0;0;0;1;0;0;4;0;4;1;8;268;66;5;46;8;2;3;1;3;3;3;0;2;4;2;1;0;0;1;1;3;3;0;0;6;1;2;0;6;0;96;1709;217;380;76;754;24;7;7;9;3;4;41;14;5;11;11;17;23;1;10;9;1;4;1;2;2;3;6;0;13;54;108;51;16;4;2;5;2;1;4;6;2;1;0;0;0;1;1;1;5;0;1;0;0;1;0;1;0;0;0;0;3;29;4;2;0;1;0;1;2;3;0;1;0;0;0;0;1;0;0;0;1;1;3;0;0;0;0;0;0;0;0;9;6
"061006";"gmina wiejska";"gm. Spiczyn";"łęczyński";"lubelskie";4046;4466;1589;2457;0;7;0;0;0;0;0;0;0;2457;0;0;2457;31;16;15;0;2426;428;169;16;55;5;6;1;9;133;2;0;8;1;2;0;2;0;1;0;1;3;2;0;0;1;0;1;0;0;1;9;224;133;15;7;7;2;3;5;8;6;5;1;5;1;3;0;4;2;3;1;0;0;0;1;2;1;2;0;7;211;33;14;102;3;3;5;3;2;3;2;2;4;2;5;0;1;2;0;1;1;2;0;2;9;0;3;1;0;0;6;1378;330;453;41;230;57;6;11;8;2;7;36;19;26;3;6;24;4;3;3;5;19;7;2;0;0;5;8;3;8;52;144;55;29;5;2;7;2;4;4;10;1;0;1;5;0;1;0;3;4;0;3;0;0;1;0;2;0;0;1;0;4;41;9;4;0;1;0;2;9;1;0;0;1;1;0;0;0;0;1;0;0;0;1;2;0;1;1;0;0;0;1;6;5
"061101";"gmina miejska";"m. Łuków";"łukowski";"lubelskie";21530;22955;6787;14742;13;98;1;1;0;0;0;0;1;14742;1;0;14742;149;83;66;0;14593;2489;1550;194;56;11;144;9;15;8;5;10;5;84;11;11;5;311;5;2;4;1;9;2;3;2;4;3;0;5;6;14;1051;654;39;25;17;52;11;27;20;43;6;10;17;10;9;7;8;17;13;8;5;1;3;3;10;8;3;4;21;1291;149;37;117;21;388;16;6;6;366;11;8;19;18;6;5;10;6;8;2;6;3;2;2;9;2;7;3;32;6;20;8076;523;2273;156;108;52;42;2350;1910;32;34;59;28;52;7;38;18;21;51;23;5;24;6;6;34;3;26;6;7;54;128;1254;598;223;46;59;23;12;24;31;40;13;4;14;21;9;11;6;5;21;10;11;1;10;2;1;4;12;3;8;4;28;432;28;8;4;6;276;3;14;11;15;1;23;2;1;2;1;1;2;0;8;4;1;7;0;0;0;2;0;3;0;9;22
"061102";"gmina miejska";"m. Stoczek Łukowski";"łukowski";"lubelskie";1899;2057;624;1275;3;8;0;0;0;0;0;0;0;1275;0;0;1275;15;11;4;0;1260;186;144;6;1;2;0;2;1;3;0;1;0;5;1;3;1;4;1;3;1;0;0;0;2;0;0;0;2;1;0;2;67;35;2;1;3;0;1;2;3;3;0;0;2;1;1;2;0;2;1;1;0;0;0;1;0;0;4;0;2;129;30;1;5;3;16;0;2;3;24;3;0;2;8;0;0;2;0;1;0;3;1;0;1;1;11;2;0;6;0;4;763;70;113;19;13;7;9;88;344;2;5;34;4;4;0;6;3;0;2;2;1;3;0;1;3;0;4;0;0;12;14;96;39;22;3;3;5;2;0;2;4;1;0;0;3;0;0;0;1;4;0;2;0;0;0;0;0;0;0;1;0;4;19;3;0;0;0;2;1;0;1;1;1;6;0;0;0;1;0;0;0;1;0;0;0;0;0;0;0;0;0;0;2;2
"061103";"gmina wiejska";"gm. Adamów";"łukowski";"lubelskie";4078;4440;1530;2547;2;16;0;0;0;0;0;0;0;2547;0;0;2547;29;14;15;0;2518;201;127;18;8;1;2;6;2;0;1;2;1;6;3;2;2;9;0;1;0;0;2;0;0;2;1;1;0;2;1;1;131;83;8;2;2;3;3;2;2;3;0;2;6;1;2;0;0;4;5;1;0;0;0;0;1;0;0;0;1;192;36;2;13;8;11;6;3;1;66;1;1;6;3;2;2;2;0;1;0;1;1;0;1;11;0;1;0;12;1;0;1866;45;167;15;30;6;4;107;1399;10;6;5;8;18;1;5;1;0;7;6;0;1;0;1;2;0;1;1;1;4;15;105;47;16;3;5;3;5;1;4;3;0;0;6;1;2;5;0;0;0;0;0;0;1;0;0;1;0;0;0;0;2;23;3;0;0;0;5;1;2;2;0;0;0;0;1;0;2;0;0;0;1;1;0;1;1;0;0;1;0;0;0;2;7
"061104";"gmina wiejska";"gm. Krzywda";"łukowski";"lubelskie";7362;8021;3062;4300;7;16;0;0;0;0;0;0;0;4300;0;1;4299;70;44;26;0;4229;204;125;13;5;3;12;1;1;2;0;2;1;2;2;5;4;10;1;0;0;1;4;1;1;2;0;1;0;0;2;3;226;127;6;13;3;3;1;11;10;13;1;2;7;2;2;2;1;4;5;2;3;0;0;0;0;1;4;2;1;531;31;15;28;52;21;2;2;7;118;4;1;4;2;0;3;2;1;0;1;1;3;0;0;2;1;2;1;224;0;3;3038;161;374;42;62;19;27;156;1896;34;20;22;13;53;0;19;4;2;20;4;1;2;1;3;6;1;5;1;4;35;51;177;81;40;6;6;1;7;0;3;7;0;0;0;6;0;0;1;1;6;1;0;1;1;2;1;0;0;1;2;0;3;53;9;3;2;0;10;0;2;4;1;1;9;1;0;1;1;0;0;0;2;0;0;1;1;0;0;1;0;1;0;3;8
"061105";"gmina wiejska";"gm. Łuków";"łukowski";"lubelskie";12369;13582;4265;8105;5;25;0;0;0;0;0;0;0;8103;0;0;8103;88;64;24;0;8015;529;297;22;6;4;36;7;6;5;6;3;2;64;2;9;1;33;0;0;1;0;1;2;1;4;0;0;1;2;5;9;572;316;25;17;19;45;12;13;19;21;2;9;14;3;5;3;2;5;7;3;1;4;0;3;7;3;0;4;10;761;87;16;29;62;198;5;3;13;251;7;2;9;13;3;6;3;1;5;1;7;1;0;2;6;5;1;0;15;3;7;5721;344;982;210;84;26;33;2408;1240;19;32;34;28;30;5;15;5;13;13;21;5;12;2;3;11;5;12;5;7;54;63;295;126;58;8;17;2;6;7;8;12;3;2;2;5;3;4;3;4;5;0;3;0;1;2;0;0;2;4;1;2;5;137;14;8;2;0;56;1;2;11;2;3;11;0;2;1;2;1;0;2;4;2;0;0;0;2;0;0;0;1;0;10;15
"061106";"gmina wiejska";"gm. Serokomla";"łukowski";"lubelskie";2948;3210;1268;1680;5;6;0;0;0;0;0;0;0;1680;0;0;1680;20;14;6;0;1660;95;53;5;6;4;0;0;0;2;0;2;3;0;3;0;1;7;0;0;1;0;5;0;0;0;0;0;0;0;2;1;100;56;7;5;1;1;1;2;3;3;1;1;3;3;0;1;0;1;1;2;1;2;0;0;1;2;2;0;0;159;20;6;21;23;5;2;1;2;58;2;0;6;2;2;0;2;0;0;1;0;0;0;0;1;1;2;0;0;0;2;1239;64;251;30;36;14;6;85;659;3;3;11;3;17;0;6;6;2;9;2;3;3;1;0;0;0;1;0;1;9;14;58;26;6;1;5;1;3;0;2;2;0;0;1;0;1;1;0;0;2;1;1;0;0;0;0;0;0;2;0;0;3;9;2;0;0;0;1;0;1;0;0;0;0;0;1;0;1;0;0;0;2;0;0;1;0;0;0;0;0;0;0;0;5
"061107";"gmina wiejska";"gm. Stanin";"łukowski";"lubelskie";6892;7504;2467;4425;1;17;0;0;0;0;0;0;0;4425;0;0;4425;86;55;31;0;4339;128;80;7;4;2;3;1;0;3;0;5;1;10;0;2;1;5;1;0;0;0;0;0;0;0;0;0;0;1;1;1;188;130;10;5;3;5;0;3;1;11;0;2;1;2;1;0;1;4;2;0;0;0;1;0;2;1;1;1;1;972;9;4;7;32;27;3;1;5;848;1;0;2;3;1;2;3;0;2;2;1;1;1;0;2;1;1;0;10;1;2;2944;111;328;35;30;14;10;236;2028;15;9;12;8;9;5;14;7;4;9;5;3;2;0;1;1;0;4;1;1;18;24;81;42;7;4;4;0;2;4;0;6;0;0;0;0;0;0;2;3;2;0;2;2;0;0;0;0;0;0;1;0;0;26;3;3;0;1;4;0;1;2;1;1;0;0;0;0;0;0;0;0;1;0;1;1;0;2;0;0;2;0;1;2;9
"061108";"gmina wiejska";"gm. Stoczek Łukowski";"łukowski";"lubelskie";5681;6316;2038;3643;2;19;0;0;0;0;0;0;0;3640;0;0;3640;60;38;22;0;3580;164;106;10;3;0;3;3;0;2;0;3;0;10;2;3;2;9;0;0;0;0;2;0;2;1;0;0;0;0;2;1;155;80;3;6;4;3;0;6;9;5;0;2;7;1;2;2;1;5;8;3;2;0;1;0;0;0;2;1;2;315;56;19;28;13;30;3;3;11;79;6;2;10;3;2;3;3;3;4;0;10;0;1;1;2;10;1;0;6;1;5;2808;332;440;86;53;26;24;388;1142;22;19;41;15;25;4;33;4;8;11;10;6;13;2;7;5;2;10;3;11;32;34;92;34;18;2;4;1;0;2;1;8;0;1;2;1;2;1;0;1;6;1;1;0;0;0;0;0;0;1;1;1;3;46;5;1;0;0;12;1;0;4;3;0;6;0;3;1;0;0;0;0;1;1;2;2;1;0;0;1;0;1;0;1;10
"061109";"gmina wiejska";"gm. Trzebieszów";"łukowski";"lubelskie";5331;5831;1573;3758;3;14;0;0;0;0;0;0;0;3758;0;0;3758;34;19;15;0;3724;134;67;6;7;2;4;2;3;1;1;1;0;22;2;0;0;10;1;0;3;0;0;0;1;0;0;0;0;0;0;1;212;130;16;4;6;5;0;4;3;5;2;3;13;1;2;0;1;1;3;1;2;0;2;2;3;0;1;0;2;255;34;13;32;18;86;4;1;4;40;1;1;1;1;0;3;0;0;4;0;1;2;1;1;1;0;0;0;2;1;3;3004;317;814;53;40;19;15;1093;416;9;13;43;11;24;2;23;1;7;9;9;2;3;4;2;5;2;6;0;1;27;34;88;34;24;1;2;0;0;1;2;5;1;6;1;0;0;0;0;2;0;1;2;0;1;0;0;0;0;4;0;0;1;31;9;2;1;0;6;0;1;1;0;1;1;0;0;1;1;0;3;0;1;0;0;0;0;0;0;1;0;1;0;1;7
"061110";"gmina wiejska";"gm. Wojcieszków";"łukowski";"lubelskie";4911;5402;1984;2927;8;7;0;0;0;0;0;0;0;2926;0;0;2926;55;41;14;0;2871;132;86;4;10;0;2;0;3;0;0;0;1;4;2;7;1;7;0;1;1;0;0;2;1;0;0;0;0;0;0;0;126;60;4;6;6;3;6;6;6;1;3;5;4;2;0;1;0;3;5;0;0;1;1;1;1;0;0;0;1;306;32;12;13;5;13;3;3;1;191;1;1;3;2;1;1;1;1;1;1;5;1;2;0;1;0;0;0;10;0;1;2198;116;384;31;39;18;10;166;1285;11;6;12;1;24;0;21;4;3;14;3;0;5;2;1;1;2;4;2;1;18;14;75;31;12;1;8;3;1;0;1;2;3;0;0;0;1;2;0;1;1;0;6;0;0;0;1;0;0;0;0;1;0;34;5;2;2;0;3;0;5;1;2;1;4;0;0;0;0;0;0;1;0;0;1;1;0;1;1;1;0;0;0;3;8
"061111";"gmina wiejska";"gm. Wola Mysłowska";"łukowski";"lubelskie";3624;3908;1422;2202;4;10;0;0;0;0;0;0;0;2202;0;0;2202;35;26;9;0;2167;89;51;6;2;5;0;4;2;2;0;0;0;2;0;4;2;1;0;0;2;1;3;1;0;0;0;0;0;1;0;0;113;66;7;1;4;4;0;3;4;4;0;0;5;1;0;2;1;1;1;1;0;0;0;0;0;1;2;0;5;235;23;11;5;107;7;1;2;6;30;1;1;7;2;1;1;0;0;1;1;2;0;2;1;0;0;2;0;19;1;1;1644;151;200;41;31;11;14;132;892;15;14;12;7;23;2;20;3;5;3;5;2;8;6;0;3;2;3;0;0;16;23;63;28;16;2;3;3;1;1;1;0;0;1;0;0;0;0;1;1;1;0;2;0;0;0;1;0;1;0;0;0;0;23;3;1;0;0;2;0;1;2;4;1;2;0;0;0;0;0;0;0;1;0;2;0;0;0;0;1;1;0;0;2;4
"061201";"gmina wiejska";"gm. Chodel";"opolski";"lubelskie";4750;5263;2027;2723;6;13;0;0;0;0;0;0;0;2723;0;0;2723;37;25;12;0;2686;165;114;5;15;0;4;7;0;0;3;0;0;0;0;2;1;0;1;2;1;0;0;0;0;0;0;0;6;2;2;0;160;93;7;4;4;1;4;4;1;3;1;2;7;2;1;2;1;2;3;1;3;0;2;2;3;3;1;1;2;256;85;21;17;8;2;16;58;2;3;4;1;6;8;1;1;3;1;0;4;1;5;2;0;0;3;0;0;1;0;3;1928;529;633;90;126;39;14;10;5;8;9;20;23;15;67;69;7;3;6;11;6;6;12;3;9;2;4;0;109;17;76;145;63;25;6;3;2;2;1;5;1;3;0;1;5;0;17;0;0;1;1;3;0;0;1;0;0;0;1;0;1;3;32;2;4;2;0;0;1;0;8;0;0;1;1;1;0;1;2;1;0;1;0;1;1;1;0;0;1;0;0;0;3;5
"061202";"gmina miejsko-wiejska";"gm. Józefów nad Wisłą";"opolski";"lubelskie";4871;5356;2252;2619;0;17;0;0;0;0;0;0;0;2619;0;0;2619;30;14;16;0;2589;208;144;4;13;0;10;17;4;0;0;1;0;1;1;2;0;0;0;0;2;0;1;1;1;0;0;0;5;0;0;1;143;79;9;5;6;2;1;9;3;4;3;2;2;2;1;1;1;2;3;1;0;1;0;1;2;0;2;1;0;360;53;80;5;16;2;22;45;6;1;8;3;4;3;0;1;2;1;1;0;95;1;1;0;2;2;0;1;1;0;4;1673;480;322;90;76;29;30;22;8;5;23;41;24;20;177;46;2;3;6;16;5;5;42;2;3;0;11;3;98;21;63;165;72;26;4;7;1;3;6;7;3;1;1;0;9;1;4;1;0;1;1;2;0;0;0;0;0;0;4;0;2;9;40;7;2;2;2;0;1;4;4;0;1;1;0;0;0;1;0;0;1;1;0;5;2;0;0;0;1;0;1;0;4;6
"061203";"gmina wiejska";"gm. Karczmiska";"opolski";"lubelskie";4222;4576;1893;2329;7;30;0;0;0;0;0;0;0;2329;0;0;2329;51;41;10;0;2278;189;111;16;14;7;3;1;1;6;0;4;0;0;1;1;0;1;0;0;2;0;0;0;1;0;3;0;14;0;0;3;131;82;2;2;4;1;2;8;2;1;1;2;4;1;2;0;1;2;0;1;1;2;0;2;3;0;2;1;2;461;44;11;9;19;1;10;328;0;1;4;5;2;2;0;0;1;0;5;3;5;2;0;0;0;0;0;0;4;0;5;1344;269;404;91;80;14;57;6;14;7;16;10;21;15;8;24;5;3;22;99;10;5;5;2;7;0;5;2;47;8;88;115;42;30;1;3;2;3;0;4;3;1;1;0;6;3;1;1;2;1;0;1;0;0;4;1;0;0;1;0;1;3;38;9;2;1;3;0;0;4;1;0;0;2;1;1;2;0;2;0;0;0;2;1;2;0;1;0;1;0;0;0;3;6
"061204";"gmina wiejska";"gm. Łaziska";"opolski";"lubelskie";3612;3953;1656;1956;0;13;0;0;0;0;0;0;0;1956;0;0;1956;41;24;17;0;1915;134;103;1;6;3;1;1;0;0;2;0;0;1;1;1;0;0;0;0;0;0;0;2;0;1;0;0;11;0;0;0;111;64;5;3;2;1;2;5;3;0;3;0;4;1;0;5;2;2;1;1;0;0;1;3;2;0;0;0;1;280;85;19;7;16;1;10;81;1;2;6;2;7;4;0;3;4;0;2;2;14;0;0;0;2;5;1;0;3;0;3;1252;331;267;46;120;18;20;7;7;3;26;20;40;18;31;41;3;4;1;31;10;5;9;3;4;1;3;3;50;10;120;125;73;14;5;3;1;6;0;2;3;2;2;1;2;2;0;2;2;0;0;1;0;0;0;1;1;0;1;0;0;1;13;2;1;0;0;1;1;1;2;0;0;2;0;0;0;0;0;0;1;0;0;0;1;0;1;0;0;0;0;0;0;6
"061205";"gmina miejsko-wiejska";"gm. Opole Lubelskie";"opolski";"lubelskie";13273;14316;5831;7442;10;29;1;1;0;0;0;0;1;7443;1;1;7442;102;55;47;0;7340;1308;566;31;70;19;16;23;12;7;10;5;4;0;5;9;2;2;2;2;1;6;7;1;5;4;30;1;446;6;0;16;493;304;19;9;7;6;14;18;7;10;8;5;12;4;3;12;4;5;7;5;2;0;1;1;8;2;6;3;11;538;145;83;21;29;8;28;87;6;13;12;13;13;6;5;2;7;0;0;1;25;1;2;1;3;4;8;0;5;2;8;4271;974;807;198;407;60;37;20;49;15;21;79;77;25;100;52;13;8;47;37;16;9;17;3;8;4;20;14;744;39;371;623;305;103;26;25;12;8;7;10;7;7;1;6;17;6;11;3;8;5;4;4;4;7;8;0;3;2;1;2;4;17;107;19;6;3;5;2;1;6;11;4;2;10;1;2;0;7;1;0;1;2;1;5;5;1;3;0;2;0;0;1;6;18
"061206";"gmina miejsko-wiejska";"gm. Poniatowa";"opolski";"lubelskie";10511;11332;4150;6361;13;34;0;0;0;0;0;0;0;6360;0;0;6360;76;44;32;0;6284;956;716;27;62;11;22;23;8;8;3;4;6;1;3;4;4;1;2;2;1;1;4;3;3;0;3;1;27;1;1;4;347;190;18;14;5;3;6;10;10;11;7;3;12;6;4;5;3;6;5;3;1;1;1;0;6;4;1;3;9;563;142;46;13;21;9;36;199;2;7;3;2;12;4;1;2;8;5;3;1;7;2;2;1;1;3;6;1;8;2;14;3798;568;1371;820;267;36;52;18;17;12;19;65;33;22;48;64;13;10;23;33;6;10;11;3;12;5;12;3;79;34;132;538;260;104;9;41;2;8;6;20;15;5;1;2;12;2;4;3;7;5;4;1;0;2;3;4;2;2;3;2;2;7;82;18;3;2;2;0;2;0;1;5;1;11;3;2;0;1;0;1;2;4;4;1;3;4;3;0;3;0;2;1;3;13
"061207";"gmina wiejska";"gm. Wilków";"opolski";"lubelskie";3352;3659;1365;1987;0;7;0;0;0;0;0;0;0;1987;0;0;1987;23;16;7;0;1964;116;68;3;11;4;1;1;2;1;1;1;1;0;5;4;1;0;0;0;0;0;0;0;0;0;0;0;11;0;0;1;110;73;2;2;4;0;3;1;1;1;2;0;1;2;2;2;3;3;3;1;0;0;1;0;1;0;0;1;1;248;57;8;6;24;1;14;108;3;0;5;1;2;4;1;0;1;1;2;0;2;1;0;0;0;0;3;0;1;0;3;1399;271;371;81;81;33;52;10;9;5;14;13;13;7;31;21;4;6;39;240;5;3;4;1;2;3;1;2;30;9;38;72;34;12;2;4;1;1;0;0;2;1;2;1;1;1;2;0;0;1;2;2;0;0;0;0;0;0;2;0;0;1;19;5;2;1;1;0;0;0;2;1;0;3;1;0;0;0;0;0;0;2;0;0;0;0;1;0;0;0;0;0;0;8
"061401";"gmina miejska";"m. Puławy";"puławski";"lubelskie";35392;37709;11755;23631;46;134;6;6;0;0;1;0;5;23641;5;5;23636;197;94;103;0;23439;6674;2531;258;1188;2329;74;24;16;14;7;21;8;4;21;13;10;2;2;12;3;4;15;14;25;6;2;3;4;22;8;34;1916;1509;53;20;28;5;18;41;18;53;10;8;14;10;26;7;10;11;8;5;2;4;0;8;13;5;9;5;16;1315;380;98;53;124;16;187;29;25;17;16;19;35;42;14;10;21;8;10;3;11;8;7;20;11;11;22;9;12;63;34;10646;1819;1773;954;717;72;3112;76;175;82;41;138;66;74;21;86;42;26;90;64;16;26;17;194;23;10;23;7;19;66;817;2504;1065;515;92;73;41;31;37;65;69;19;7;17;242;21;15;14;6;25;13;10;8;13;13;3;7;2;13;10;11;47;384;53;12;9;96;5;17;23;18;5;3;21;2;4;6;6;8;1;4;8;5;15;7;6;0;1;9;4;0;6;30;24
"061402";"gmina wiejska";"gm. Baranów";"puławski";"lubelskie";3016;3240;1236;1780;17;8;0;0;0;0;0;0;0;1780;0;0;1780;37;17;20;0;1743;129;74;6;11;13;4;0;1;1;0;2;0;0;2;0;2;2;0;1;0;1;0;0;1;0;1;0;0;6;0;1;120;88;0;2;1;0;1;2;2;5;0;1;2;1;1;1;1;1;0;1;1;0;1;4;2;0;0;0;2;234;23;10;20;63;4;88;0;2;2;3;1;5;1;0;0;1;0;1;0;2;1;2;0;1;0;2;0;2;0;0;1154;192;212;50;46;27;337;15;30;18;5;9;5;65;2;28;4;1;6;6;6;5;15;6;10;0;3;1;2;5;43;90;30;20;6;2;3;1;2;4;8;1;0;1;2;3;0;0;0;3;0;1;0;1;0;0;0;1;0;0;0;1;16;2;4;0;0;1;2;0;3;0;0;1;0;0;1;0;0;0;0;1;0;1;0;0;0;0;0;0;0;0;0;7
"061403";"gmina wiejska";"gm. Janowiec";"puławski";"lubelskie";2826;3055;1021;1805;5;16;0;0;0;0;0;0;0;1805;0;0;1805;15;8;7;0;1790;328;108;5;38;149;3;5;2;1;0;1;0;0;3;2;0;1;0;1;0;0;0;0;3;0;0;1;1;2;1;1;109;78;3;1;6;0;0;3;0;3;1;0;1;0;0;1;1;1;2;1;1;0;0;3;1;0;1;0;1;141;40;26;11;9;0;8;4;0;8;3;1;1;5;2;3;0;3;3;0;1;0;1;3;1;1;1;0;1;3;2;1058;103;60;33;51;5;708;11;7;3;4;15;4;11;2;4;2;0;1;1;0;0;3;2;3;0;1;2;0;4;18;140;62;27;8;4;4;1;2;8;7;0;0;0;8;2;1;1;1;0;0;0;0;0;0;0;0;0;1;1;0;2;14;6;0;0;0;1;3;0;2;0;0;1;0;0;0;0;0;0;0;0;1;0;0;0;0;0;0;0;0;0;0;3
"061404";"gmina miejsko-wiejska";"gm. Kazimierz Dolny";"puławski";"lubelskie";5104;5711;1753;3351;5;303;0;0;0;0;0;0;0;3348;0;0;3348;49;23;26;0;3299;759;406;27;54;178;12;6;5;6;2;17;1;1;2;4;6;2;0;1;1;1;3;1;11;0;1;4;1;4;0;2;217;170;4;1;5;1;1;2;3;5;2;1;2;1;3;2;1;4;2;1;1;0;1;0;1;1;0;0;2;247;67;15;2;17;4;53;17;2;1;3;1;7;7;2;5;2;2;22;0;3;1;1;0;2;2;1;0;2;3;3;1801;365;513;112;57;20;417;14;28;7;11;35;13;14;3;33;5;2;6;22;0;7;4;12;7;0;7;0;3;12;72;235;92;49;14;10;6;4;3;10;12;3;1;1;7;0;3;1;1;4;1;0;0;1;0;0;0;1;2;2;2;5;40;7;0;2;2;0;2;3;3;0;0;1;0;0;1;0;2;0;0;0;1;2;1;2;1;0;6;0;0;1;3;5
"061405";"gmina wiejska";"gm. Końskowola";"puławski";"lubelskie";6583;7167;2239;4344;6;10;0;0;0;0;0;0;0;4344;0;1;4343;37;28;9;0;4306;624;265;26;74;179;16;11;4;4;0;1;7;1;4;2;5;1;0;0;1;0;3;3;5;0;0;1;0;1;1;9;352;242;15;4;7;4;5;10;5;11;3;4;4;4;3;0;7;4;1;1;0;2;0;1;4;2;4;1;4;449;141;15;27;51;7;76;11;9;10;6;3;19;12;7;4;4;2;8;2;6;1;1;3;1;1;4;0;4;5;9;2566;371;769;97;123;12;656;24;105;13;4;29;20;23;4;64;6;9;4;19;7;7;17;24;4;7;7;2;0;26;113;263;83;71;6;10;5;7;4;14;13;5;1;1;13;3;1;0;4;3;0;3;0;0;3;0;1;0;4;1;2;5;52;8;1;0;5;0;1;2;6;0;1;4;0;0;2;0;1;0;0;2;2;5;1;0;1;0;1;1;1;1;6;10
"061406";"gmina wiejska";"gm. Kurów";"puławski";"lubelskie";5713;6109;2187;3526;5;12;0;0;0;0;0;0;0;3526;0;0;3526;35;18;17;0;3491;392;242;21;49;32;15;3;4;1;0;1;1;0;3;2;1;1;0;1;3;1;1;0;2;0;0;1;2;2;0;3;342;150;5;6;2;2;5;5;2;125;2;3;4;1;1;1;1;4;3;3;0;1;0;2;4;0;3;0;7;316;104;23;30;28;5;32;7;17;3;13;2;10;2;2;0;4;1;13;0;3;0;0;1;2;5;1;0;3;3;2;2176;398;511;114;115;26;642;17;32;4;6;26;22;18;4;63;18;10;3;10;8;9;11;2;3;4;1;2;2;22;73;214;93;37;10;10;9;7;2;4;12;2;1;1;4;1;2;1;3;3;3;1;0;1;0;0;1;0;2;0;2;2;51;9;0;0;6;2;1;2;2;0;1;1;2;2;2;0;0;0;2;1;1;2;4;2;1;1;3;0;1;0;3;7
"061407";"gmina wiejska";"gm. Markuszów";"puławski";"lubelskie";2196;2400;761;1435;10;3;0;0;0;0;0;0;0;1435;0;0;1435;10;7;3;0;1425;163;94;6;32;10;3;3;5;1;1;0;2;0;1;1;1;0;0;0;0;0;0;0;0;0;0;1;0;1;0;1;106;67;1;1;2;1;3;1;1;20;0;2;0;0;2;0;0;0;0;0;0;0;0;0;3;1;0;1;0;137;32;3;37;5;1;19;1;15;4;0;2;1;2;1;1;0;0;0;0;1;1;0;0;1;0;3;0;2;2;3;922;129;286;35;32;16;227;6;7;4;5;26;44;11;2;24;4;1;4;3;12;0;9;1;0;0;1;1;1;6;25;72;29;10;2;4;3;0;3;3;5;1;0;0;2;0;1;0;2;0;0;3;0;0;0;1;1;0;0;0;1;1;25;10;0;1;0;0;1;4;0;0;0;2;1;0;0;0;0;0;0;1;0;0;1;0;1;0;0;0;0;1;2;4
"061408";"gmina miejsko-wiejska";"gm. Nałęczów";"puławski";"lubelskie";8156;8269;2792;5364;10;475;2;2;0;0;0;0;2;5365;2;0;5365;51;25;26;0;5314;911;642;39;88;49;10;6;10;4;0;3;7;0;3;7;3;1;1;8;0;1;5;1;3;1;0;1;3;3;2;10;373;228;22;17;6;1;3;8;7;12;7;2;6;2;2;2;2;9;2;1;1;4;1;3;7;1;6;6;5;628;143;22;23;15;2;37;9;5;5;5;4;9;7;1;5;6;3;6;0;2;0;1;1;5;1;299;2;1;2;7;2917;723;933;153;130;57;150;25;12;12;14;63;56;31;12;245;21;8;10;10;8;7;8;4;8;3;5;6;9;78;116;430;177;107;13;19;14;4;8;9;10;4;1;3;7;1;1;3;10;2;5;4;0;2;5;0;2;1;0;2;1;15;55;14;4;0;0;1;0;5;1;0;0;3;0;0;1;3;0;1;1;0;3;5;3;2;0;0;1;0;1;1;5;16
"061409";"gmina wiejska";"gm. Puławy";"puławski";"lubelskie";8929;9680;3257;5671;5;32;0;0;0;0;0;0;0;5672;0;0;5672;80;43;37;0;5592;954;350;37;111;367;14;6;5;2;0;6;5;0;2;3;5;2;1;1;1;5;5;3;0;5;0;2;0;10;2;4;412;294;9;8;11;4;7;4;5;14;5;4;5;4;2;5;2;4;4;4;2;0;2;3;3;1;1;1;4;421;103;20;26;70;10;48;10;4;21;4;3;13;8;6;5;5;1;6;0;2;11;2;7;2;0;9;1;4;13;7;3281;654;653;139;165;16;1006;31;64;25;11;46;31;55;1;29;16;8;31;17;0;12;1;53;9;3;8;4;10;27;156;433;160;68;10;26;6;6;8;17;23;7;3;0;49;16;4;3;2;4;2;2;3;1;0;0;2;2;1;3;1;4;91;11;1;2;12;2;7;6;5;0;1;4;1;1;1;3;3;1;1;1;5;5;3;0;1;0;2;1;0;1;10;9
"061410";"gmina wiejska";"gm. Wąwolnica";"puławski";"lubelskie";3395;3797;1290;2105;5;22;1;1;0;0;0;0;1;2106;1;0;2106;32;16;16;0;2074;164;96;11;14;19;2;2;3;1;1;0;0;0;1;1;2;0;0;2;0;0;1;2;0;1;0;1;1;0;0;3;197;137;9;4;6;1;1;9;3;6;1;1;1;0;5;0;2;1;1;0;2;0;0;0;2;1;0;1;3;233;40;8;6;7;2;21;3;4;8;0;2;2;3;1;1;0;1;106;0;4;0;0;2;1;0;9;1;1;0;0;1354;282;510;66;53;18;127;4;12;4;3;19;33;8;2;84;16;1;0;5;3;5;7;7;5;0;4;5;6;34;31;110;35;25;7;7;0;5;5;3;5;1;0;2;1;0;3;0;0;3;0;1;0;0;3;1;0;1;1;0;0;1;16;4;1;0;3;1;0;0;1;0;0;0;0;0;0;0;1;0;0;0;2;0;1;0;0;0;1;0;0;0;1;5
"061411";"gmina wiejska";"gm. Żyrzyn";"puławski";"lubelskie";4824;5212;1666;3158;5;11;0;0;0;0;0;0;0;3158;0;0;3158;41;27;14;0;3117;250;117;6;30;64;9;2;1;3;1;0;0;0;1;0;0;0;2;2;1;1;1;1;2;1;0;1;1;2;0;1;227;166;3;6;5;2;1;3;5;7;1;0;8;1;4;2;1;2;1;0;0;0;0;1;4;0;0;0;4;356;53;9;8;143;3;80;3;7;7;2;6;5;4;2;0;2;0;1;0;2;0;0;5;2;0;1;0;4;2;5;2096;307;494;130;94;27;453;33;78;40;6;24;18;122;6;35;8;6;9;18;2;5;17;22;8;1;9;2;2;15;105;143;60;22;5;7;0;2;4;2;4;2;1;1;8;3;1;2;2;3;1;2;0;1;0;0;1;1;0;0;1;7;45;13;1;2;6;0;3;2;4;1;0;1;1;2;2;0;1;0;0;1;1;0;1;0;0;1;0;0;1;0;1;9
"061601";"gmina miejska";"m. Dęblin";"rycki";"lubelskie";11692;12668;4037;7655;26;92;1;1;0;0;0;0;1;7656;1;0;7656;69;48;21;0;7587;1405;959;28;59;39;30;18;7;5;2;10;2;3;6;9;3;1;2;5;4;2;3;2;1;5;1;6;1;184;1;7;449;264;20;7;9;3;12;27;10;8;5;6;16;4;6;5;8;6;4;8;0;6;0;2;6;2;1;0;4;759;100;28;9;334;7;9;6;7;24;9;2;8;6;2;3;6;5;13;0;8;3;6;144;3;1;1;1;5;1;8;3716;871;640;217;130;47;181;27;52;608;30;48;56;411;6;26;16;9;36;21;12;11;17;7;14;3;14;4;14;44;144;1178;294;157;17;33;15;7;16;18;31;7;3;10;9;495;10;4;2;9;4;2;0;7;3;2;2;3;2;2;1;13;80;11;2;10;1;3;5;5;4;4;3;5;1;1;0;0;1;2;0;3;3;0;2;1;2;0;1;1;1;4;4;18
"061602";"gmina wiejska";"gm. Kłoczew";"rycki";"lubelskie";5196;5617;1823;3372;10;12;0;0;0;0;0;0;0;3371;0;0;3371;43;28;15;0;3328;103;61;5;7;5;4;0;1;1;0;2;1;0;1;2;1;0;1;1;1;0;0;0;2;2;0;0;0;4;0;1;162;115;2;4;1;1;0;2;2;4;1;3;3;3;3;1;3;5;0;0;0;0;1;4;0;2;0;1;1;348;13;4;25;242;4;0;1;2;4;0;0;32;3;1;2;1;1;0;0;2;1;5;1;1;1;0;0;0;0;2;2566;184;373;69;46;9;23;43;199;480;14;20;26;875;4;33;3;5;3;7;0;6;4;2;6;4;6;3;3;26;90;124;43;16;5;6;2;2;4;1;4;1;1;1;1;25;2;1;1;1;0;1;0;0;0;1;0;0;2;0;1;2;25;1;1;5;0;3;0;1;0;1;0;2;0;1;0;1;0;2;0;1;1;0;0;1;0;0;1;0;0;0;3;8
"061603";"gmina wiejska";"gm. Nowodwór";"rycki";"lubelskie";3019;3261;1069;1950;7;6;0;0;0;0;0;0;0;1950;0;0;1950;31;17;14;0;1919;38;21;2;3;2;0;1;1;1;0;0;0;0;1;0;0;0;0;0;0;0;0;0;0;1;1;0;0;1;2;1;76;42;2;1;1;3;3;2;3;3;0;3;1;0;1;0;1;3;4;0;1;0;0;0;0;1;0;1;0;308;13;1;4;258;1;0;0;4;5;4;1;5;1;2;0;0;0;0;1;1;1;1;1;2;0;0;0;2;0;0;1415;55;95;35;17;7;13;15;79;839;3;4;5;197;1;6;0;3;2;0;0;1;1;0;1;0;4;1;3;3;25;59;16;3;3;0;3;0;1;1;2;1;2;2;0;18;1;0;0;2;0;1;0;0;1;1;0;0;0;1;0;0;23;0;0;16;0;0;0;0;0;0;0;2;0;0;0;0;1;0;0;2;0;0;1;0;0;0;0;0;1;0;0;7
"061604";"gmina miejsko-wiejska";"gm. Ryki";"rycki";"lubelskie";15202;16395;5438;9763;17;46;1;1;0;0;0;0;1;9765;1;0;9765;99;65;34;0;9666;990;725;27;37;20;5;7;4;4;3;9;3;0;2;4;3;2;1;5;0;2;3;2;2;96;0;1;1;13;3;6;488;320;16;12;7;4;6;10;9;14;2;4;7;5;2;4;5;3;6;5;7;4;3;3;8;4;8;1;9;1609;37;10;18;1410;8;6;1;6;4;11;4;8;6;34;0;5;3;1;1;6;4;3;5;2;1;6;1;2;0;6;5812;301;612;116;74;11;28;18;73;2246;20;37;17;1948;5;17;6;3;9;12;4;11;3;3;5;4;5;3;12;16;193;619;240;126;8;21;11;10;10;21;9;7;6;5;8;91;3;1;2;5;1;5;1;2;1;2;4;3;5;3;1;7;148;10;6;83;1;0;1;6;2;2;1;6;2;0;1;1;1;1;0;1;2;2;1;3;1;2;0;3;0;2;7;21
"061605";"gmina wiejska";"gm. Stężyca";"rycki";"lubelskie";3633;4269;1182;2451;0;8;1;1;0;0;0;0;1;2452;1;0;2452;33;29;4;0;2419;169;110;5;4;5;5;0;2;1;1;3;0;0;3;1;0;0;1;0;2;3;0;1;1;1;0;2;0;15;3;0;115;75;4;3;5;1;1;10;4;2;1;0;0;1;0;1;1;1;1;0;0;0;1;0;0;0;1;0;2;365;18;4;39;273;4;0;0;3;1;0;0;4;1;1;0;0;1;1;2;2;1;2;4;0;1;2;0;1;0;0;1564;347;175;52;106;14;20;7;22;250;7;17;16;428;3;19;1;3;3;5;0;5;6;1;2;1;6;0;3;7;38;180;75;31;3;4;7;2;3;0;10;3;0;0;2;24;3;1;0;1;1;2;1;1;1;1;1;1;1;0;0;1;26;0;3;2;2;1;1;0;3;0;1;1;0;0;2;0;1;0;0;4;2;1;0;0;0;0;0;0;0;0;2;7
"061606";"gmina wiejska";"gm. Ułęż";"rycki";"lubelskie";2406;2658;894;1512;1;11;0;0;0;0;0;0;0;1512;0;0;1512;17;12;5;0;1495;115;56;5;6;1;2;2;0;0;0;1;0;1;0;0;2;0;1;0;0;1;0;1;1;1;1;2;0;30;0;1;66;34;4;2;3;0;0;3;1;1;0;3;2;4;1;1;0;0;1;1;0;0;0;2;1;0;0;2;0;282;10;4;9;204;1;23;0;6;3;2;3;4;0;1;1;0;2;0;2;0;1;2;0;0;0;0;0;2;0;2;918;62;175;36;19;4;17;3;24;330;3;5;8;194;0;2;2;0;4;2;1;1;0;1;0;0;0;0;3;3;19;98;42;11;2;5;5;1;0;2;3;1;0;1;0;10;0;0;2;4;1;1;0;1;0;1;0;0;0;0;3;2;16;1;2;2;2;1;0;2;0;0;0;1;0;0;0;0;0;0;0;0;0;2;0;0;0;1;1;0;0;0;1;7
"061701";"gmina miejska";"m. Świdnik";"świdnicki";"lubelskie";28505;30557;9204;19302;27;129;1;1;1;0;0;0;0;19302;0;3;19299;134;74;60;0;19165;4666;2199;340;393;33;141;17;54;32;8;3;1013;2;12;9;263;2;1;43;0;9;7;6;8;3;6;3;1;4;7;47;1351;736;56;46;46;5;43;34;130;14;19;7;10;10;7;11;12;26;7;11;5;5;4;30;7;4;16;8;42;1148;289;61;56;29;31;37;13;18;13;278;13;29;14;12;19;9;3;2;12;14;9;95;4;11;18;22;2;9;4;22;9896;744;1488;227;6551;94;22;11;20;6;13;139;54;25;9;25;50;26;23;14;22;20;22;9;10;18;12;9;9;32;192;1844;809;383;74;53;37;32;57;49;63;12;4;8;14;3;17;3;22;23;18;57;4;22;9;4;3;3;10;8;11;32;260;44;19;4;10;2;8;22;14;5;3;16;4;3;5;4;1;1;1;5;12;4;5;8;20;5;8;1;1;5;20;23
"061702";"gmina wiejska";"gm. Mełgiew";"świdnicki";"lubelskie";6954;7638;2294;4660;8;17;0;0;0;0;0;0;0;4660;0;0;4660;37;19;18;0;4623;662;342;32;90;2;20;4;9;5;2;3;92;0;4;1;26;0;0;4;2;1;1;3;2;2;0;0;0;1;3;11;263;138;14;7;9;2;8;18;18;3;4;2;4;0;2;2;5;6;1;1;0;3;0;3;0;2;2;3;6;509;72;10;53;12;3;13;2;5;1;254;9;9;4;0;3;6;2;0;2;6;3;7;2;2;3;5;0;7;1;13;2828;302;515;59;1635;29;4;9;8;3;8;33;14;9;2;12;24;7;2;3;5;3;12;2;6;30;2;1;2;15;72;304;100;94;22;9;2;14;4;7;15;4;0;1;1;2;1;1;1;1;2;3;1;3;0;2;1;3;0;4;2;4;57;13;4;1;0;2;0;5;6;0;0;3;0;0;1;2;0;0;1;0;9;2;0;4;0;0;0;0;0;1;3;7
"061703";"gmina miejsko-wiejska";"gm. Piaski";"świdnicki";"lubelskie";7710;8510;2916;4793;10;23;0;0;0;0;0;0;0;4794;0;0;4794;64;33;31;0;4730;422;284;20;51;4;5;1;11;4;1;0;12;2;2;1;3;1;0;2;1;3;1;3;2;1;0;0;0;3;2;2;258;177;10;4;9;1;4;7;10;5;5;7;2;3;0;1;2;1;0;2;0;0;0;0;0;0;3;2;3;1042;51;5;20;4;1;6;1;2;4;907;1;8;1;2;2;4;2;0;1;1;3;2;1;2;1;2;0;2;0;6;2724;483;616;65;930;54;6;9;8;6;8;33;21;5;9;9;66;43;2;4;3;8;8;4;2;227;2;2;0;17;74;241;93;58;14;8;5;19;3;2;5;1;1;0;2;0;4;1;1;8;0;1;3;0;1;0;1;0;3;1;0;6;43;3;4;0;3;0;1;4;1;1;1;3;0;0;3;1;0;0;1;5;0;1;2;0;0;0;2;0;0;2;5;12
"061704";"gmina wiejska";"gm. Rybczewice";"świdnicki";"lubelskie";2622;2889;1090;1532;0;5;0;0;0;0;0;0;0;1532;0;0;1532;15;9;6;0;1517;76;52;2;5;1;1;1;4;2;1;2;2;0;2;0;0;0;0;0;0;1;0;0;0;0;0;0;0;0;0;0;122;74;2;0;8;1;1;13;5;1;1;0;2;1;1;1;2;0;0;1;0;0;0;0;4;0;1;1;2;194;35;1;5;2;3;5;0;2;3;120;2;0;2;0;2;2;1;0;0;2;0;1;0;1;2;1;1;0;0;1;1078;190;244;16;386;16;6;1;1;1;2;14;15;9;0;11;18;14;0;4;1;4;9;0;0;80;4;0;0;2;30;41;18;8;1;0;0;3;0;2;2;1;0;1;2;0;0;0;1;2;0;0;0;0;0;0;0;0;0;0;0;0;6;0;0;1;0;0;0;0;0;0;0;0;1;0;0;1;0;0;0;0;0;0;0;1;0;1;0;0;0;0;1;5
"061705";"gmina wiejska";"gm. Trawniki";"świdnicki";"lubelskie";6516;7099;2968;3548;5;8;0;0;0;0;0;0;0;3548;0;0;3548;35;21;14;0;3513;311;181;16;32;2;9;4;4;15;3;2;14;0;3;5;4;1;1;2;1;0;2;3;1;0;0;0;1;0;1;4;210;98;14;5;4;4;2;14;8;7;4;6;4;1;3;2;0;5;3;1;4;0;0;3;5;4;4;2;3;411;33;3;7;15;1;5;2;2;6;304;0;5;3;3;4;4;3;1;0;2;1;2;1;1;1;0;0;0;1;1;2329;296;543;60;581;24;15;12;10;6;9;33;20;16;0;8;17;440;8;10;7;5;7;1;1;139;2;0;5;11;43;198;67;41;11;6;0;22;4;7;7;4;3;1;2;1;2;1;2;7;1;2;0;2;1;0;0;0;0;0;1;3;54;12;8;3;0;0;1;2;4;2;1;1;0;2;3;1;2;0;0;1;2;0;2;1;0;1;0;0;1;1;3;6
"066301";"gmina miejska";"m. Lublin";"Lublin";"lubelskie";240569;262775;66469;174097;240;2160;50;50;3;0;0;0;47;174088;47;15;174073;1028;502;526;0;173045;55194;30393;5814;9794;344;1590;272;2189;378;74;157;326;14;170;105;185;21;214;607;112;348;110;60;190;50;50;120;45;72;101;1289;13486;8939;586;375;423;116;178;492;219;139;238;133;208;124;105;68;101;147;72;61;49;48;37;37;104;40;137;80;230;9609;4002;897;835;289;270;454;91;126;143;169;205;248;172;231;112;122;91;34;69;89;58;57;81;88;147;101;59;97;48;224;73579;18603;28138;4287;4908;2998;245;142;194;103;182;2103;984;196;164;513;3349;115;183;149;768;223;168;34;204;62;149;104;99;259;3953;18719;7372;5098;1399;651;382;205;488;309;398;140;50;116;113;71;82;38;84;155;63;65;70;61;214;25;36;49;69;79;131;706;2458;546;209;60;38;55;97;262;101;35;38;131;30;23;34;50;44;44;21;50;45;21;60;45;78;32;42;43;25;45;154;206
