"Nr komisji";"Siedziba komisji";"TERYT Gminy";"Gmina";"Powiat";"Województwo";"Liczba komisji";"Liczba uwzględnionych komisji";"SZELIGA Sławomir Kazimierz - KW BEZPARTYJNI SAMORZĄDOWCY";"BOGDANOWICZ Mikołaj - KW PRAWO I SPRAWIEDLIWOŚĆ";"LATAWIEC Jarosław - KW KONFEDERACJA WOLNOŚĆ I NIEPODLEGŁOŚĆ";"BREJZA Ryszard Franciszek - KKW KOALICJA OBYWATELSKA PO .N IPL ZIELONI";"WEGNER Łukasz Mikołaj - KWW EUROPEJSKA LEWICA"
1;"Filia Nr 4 Biblioteki Miejskiej im. Jana Kasprowicza, ul. Poprzeczna 29, 88-100 Inowrocław";40701;"m. Inowrocław";"inowrocławski";"kujawsko-pomorskie";1;1;77;212;50;483;64
2;"Szkoła Podstawowa Nr 1 im. Św. Wojciecha, ul. Toruńska 46 - 48, 88-100 Inowrocław";40701;"m. Inowrocław";"inowrocławski";"kujawsko-pomorskie";1;1;53;245;41;503;34
3;"Szkoła Podstawowa Nr 1 im. Św. Wojciecha, ul. Toruńska 46 - 48, 88-100 Inowrocław";40701;"m. Inowrocław";"inowrocławski";"kujawsko-pomorskie";1;1;30;173;39;277;40
4;"Przedszkole Nr 14 ""Muzyczna Kraina"", ul. Marii Curie-Skłodowskiej 41, 88-100 Inowrocław";40701;"m. Inowrocław";"inowrocławski";"kujawsko-pomorskie";1;1;80;296;76;464;57
5;"Biuro Administracji Kujawskiej Spółdzielni Mieszkaniowej, ul. Toruńska 60, 88-100 Inowrocław";40701;"m. Inowrocław";"inowrocławski";"kujawsko-pomorskie";1;1;56;179;30;388;56
6;"Środowiskowy Dom Samopomocy, ul. Świętego Ducha 90, 88-100 Inowrocław";40701;"m. Inowrocław";"inowrocławski";"kujawsko-pomorskie";1;1;53;176;39;474;50
7;"I Liceum Ogólnokształcące im. Jana Kasprowicza z Oddziałami Dwujęzycznymi, ul. 3 Maja 11, 88-100 Inowrocław";40701;"m. Inowrocław";"inowrocławski";"kujawsko-pomorskie";1;1;46;180;31;303;56
8;"Kujawskie Centrum Kultury, ul. Kasztelańska 22, 88-100 Inowrocław";40701;"m. Inowrocław";"inowrocławski";"kujawsko-pomorskie";1;1;57;190;49;380;64
9;"Biblioteka Miejska im. Jana Kasprowicza, ul. Jana Kilińskiego 16, 88-100 Inowrocław";40701;"m. Inowrocław";"inowrocławski";"kujawsko-pomorskie";1;1;64;210;39;324;63
10;"Przedsiębiorstwo Gospodarki Komunalnej i Mieszkaniowej sp. z o. o., ul. ks. Piotra Wawrzyniaka 33, 88-100 Inowrocław";40701;"m. Inowrocław";"inowrocławski";"kujawsko-pomorskie";1;1;49;205;48;385;51
11;"Przedsiębiorstwo Gospodarki Komunalnej i Mieszkaniowej sp. z o. o., ul. ks. Piotra Wawrzyniaka 33, 88-100 Inowrocław";40701;"m. Inowrocław";"inowrocławski";"kujawsko-pomorskie";1;1;35;173;25;255;37
12;"Przedszkole Nr 14 ""Muzyczna Kraina"", ul. Świętego Ducha 86, 88-100 Inowrocław";40701;"m. Inowrocław";"inowrocławski";"kujawsko-pomorskie";1;1;70;218;42;424;41
13;"Miejski Ośrodek Pomocy Społecznej, ul. Świętego Ducha 90, 88-100 Inowrocław";40701;"m. Inowrocław";"inowrocławski";"kujawsko-pomorskie";1;1;60;251;47;532;73
14;"Administracja Osiedla Piastowskiego Kujawskiej Spółdzielni Mieszkaniowej, ul. Bolesława Krzywoustego 23, 88-100 Inowrocław";40701;"m. Inowrocław";"inowrocławski";"kujawsko-pomorskie";1;1;52;301;44;617;77
15;"Szkoła Podstawowa Nr 8 im. 4. Kujawskiego Pułku Artylerii Lekkiej, ul. Władysława Łokietka 3, 88-100 Inowrocław";40701;"m. Inowrocław";"inowrocławski";"kujawsko-pomorskie";1;1;39;161;42;407;38
16;"Szkoła Podstawowa Nr 8 im. 4. Kujawskiego Pułku Artylerii Lekkiej, ul. Władysława Łokietka 3, 88-100 Inowrocław";40701;"m. Inowrocław";"inowrocławski";"kujawsko-pomorskie";1;1;50;227;46;399;48
17;"Przedszkole Niepubliczne ""Pod Tęczą"", ul. Władysława Łokietka 2, 88-100 Inowrocław";40701;"m. Inowrocław";"inowrocławski";"kujawsko-pomorskie";1;1;43;175;41;391;40
18;"Drukarnia POZKAL Spółka z o. o. Spółka komandytowa, ul. Cegielna 10/12, 88-100 Inowrocław";40701;"m. Inowrocław";"inowrocławski";"kujawsko-pomorskie";1;1;40;182;27;324;46
19;"Szkoła Podstawowa Nr 11 im. Stefana Batorego, ul. Jana III Sobieskiego 5/7, 88-100 Inowrocław";40701;"m. Inowrocław";"inowrocławski";"kujawsko-pomorskie";1;1;99;318;69;833;69
20;"Szkoła Podstawowa Nr 11 im. Stefana Batorego, ul. Jana III Sobieskiego 5/7, 88-100 Inowrocław";40701;"m. Inowrocław";"inowrocławski";"kujawsko-pomorskie";1;1;110;342;59;882;75
21;"Szkoła Podstawowa Nr 10 im. Jana Kasprowicza, ul. Stanisława Przybyszewskiego 119, 88-100 Inowrocław";40701;"m. Inowrocław";"inowrocławski";"kujawsko-pomorskie";1;1;51;163;29;313;51
22;"Zespół Szkół Chemiczno-Elektronicznych im. Jana Pawła II, ul. Poznańska 345, 88-100 Inowrocław";40701;"m. Inowrocław";"inowrocławski";"kujawsko-pomorskie";1;1;88;266;46;377;56
23;"Szkoła Podstawowa Nr 9 z Oddziałami Przedszkolnymi im. Marii Skłodowskiej-Curie, ul. Chemiczna 9, 88-100 Inowrocław";40701;"m. Inowrocław";"inowrocławski";"kujawsko-pomorskie";1;1;55;227;50;298;52
24;"Szkoła Podstawowa Nr 14 z Oddziałami Dwujęzycznymi im. Zygmunta Wilkońskiego, ul. Ignacego Daszyńskiego 29, 88-100 Inowrocław";40701;"m. Inowrocław";"inowrocławski";"kujawsko-pomorskie";1;1;45;149;35;448;58
25;"Szkoła Podstawowa Nr 14 z Oddziałami Dwujęzycznymi im. Zygmunta Wilkońskiego, ul. Ignacego Daszyńskiego 29, 88-100 Inowrocław";40701;"m. Inowrocław";"inowrocławski";"kujawsko-pomorskie";1;1;59;194;43;478;57
26;"Kujawska Spółdzielnia Mieszkaniowa, ul. Aleje Mikołaja Kopernika 7, 88-100 Inowrocław";40701;"m. Inowrocław";"inowrocławski";"kujawsko-pomorskie";1;1;55;267;53;564;75
27;"Zespół Szkół im. Marka Kotańskiego, ul. Solankowa 21, 88-100 Inowrocław";40701;"m. Inowrocław";"inowrocławski";"kujawsko-pomorskie";1;1;33;221;30;409;41
28;"Filia Nr 1 Biblioteki Miejskiej im. Jana Kasprowicza, ul. Zygmunta Wilkońskiego 32, 88-100 Inowrocław";40701;"m. Inowrocław";"inowrocławski";"kujawsko-pomorskie";1;1;60;252;29;503;62
29;"Szkoła Podstawowa Integracyjna im. Powstańców Wielkopolskich, ul. Józefa Krzymińskiego 4, 88-100 Inowrocław";40701;"m. Inowrocław";"inowrocławski";"kujawsko-pomorskie";1;1;58;163;27;535;66
30;"Szkoła Podstawowa Integracyjna im. Powstańców Wielkopolskich, ul. Józefa Krzymińskiego 4, 88-100 Inowrocław";40701;"m. Inowrocław";"inowrocławski";"kujawsko-pomorskie";1;1;56;200;33;427;42
31;"Zespół Szkół Ekonomiczno-Logistycznych, ul. Józefa Krzymińskiego 8, 88-100 Inowrocław";40701;"m. Inowrocław";"inowrocławski";"kujawsko-pomorskie";1;1;26;126;21;273;23
32;"Przedszkole Nr 20 ""Kujawskie dzieci"", ul. Wojska Polskiego 13a, 88-100 Inowrocław";40701;"m. Inowrocław";"inowrocławski";"kujawsko-pomorskie";1;1;58;196;40;452;46
33;"Zakład Robót Publicznych, ul. Marszałka Józefa Piłsudskiego 15, 88-100 Inowrocław";40701;"m. Inowrocław";"inowrocławski";"kujawsko-pomorskie";1;1;80;288;56;628;75
34;"Przedszkole Nr 4 „Słoneczko” z Oddziałami Integracyjnymi, ul. Janusza Kusocińskiego 24, 88-100 Inowrocław";40701;"m. Inowrocław";"inowrocławski";"kujawsko-pomorskie";1;1;24;120;20;317;38
35;"Budynek Starostwa Powiatowego, ul. Poznańska 133A, 88-100 Inowrocław";40701;"m. Inowrocław";"inowrocławski";"kujawsko-pomorskie";1;1;37;227;24;394;41
36;"Przedszkole Nr 4 „Słoneczko” z Oddziałami Integracyjnymi, ul. Janusza Kusocińskiego 24, 88-100 Inowrocław";40701;"m. Inowrocław";"inowrocławski";"kujawsko-pomorskie";1;1;49;194;37;433;52
37;"Przedszkole Nr 4 „Słoneczko” z Oddziałami Integracyjnymi, ul. Janusza Kusocińskiego 11, 88-100 Inowrocław";40701;"m. Inowrocław";"inowrocławski";"kujawsko-pomorskie";1;1;54;226;23;496;47
38;"Szkoła Podstawowa Nr 4 im. Janusza Kusocińskiego, ul. Szarych Szeregów 1, 88-100 Inowrocław";40701;"m. Inowrocław";"inowrocławski";"kujawsko-pomorskie";1;1;53;242;39;405;53
39;"Szkoła Podstawowa Nr 4 im. Janusza Kusocińskiego, ul. Szarych Szeregów 1, 88-100 Inowrocław";40701;"m. Inowrocław";"inowrocławski";"kujawsko-pomorskie";1;1;57;208;27;481;47
40;"Szkoła Podstawowa Nr 5 im. dra Józefa Krzymińskiego, ul. Stanisława Kiełbasiewicza 7, 88-100 Inowrocław";40701;"m. Inowrocław";"inowrocławski";"kujawsko-pomorskie";1;1;64;230;39;468;70
41;"Szkoła Podstawowa Nr 5 im. dra Józefa Krzymińskiego, ul. Stanisława Kiełbasiewicza 7, 88-100 Inowrocław";40701;"m. Inowrocław";"inowrocławski";"kujawsko-pomorskie";1;1;47;207;35;400;52
42;"Przedszkole Nr 20 ""Kujawskie dzieci"", ul. Tadeusza Chęsego 13, 88-100 Inowrocław";40701;"m. Inowrocław";"inowrocławski";"kujawsko-pomorskie";1;1;52;225;40;492;60
43;"Warsztat Terapii Zajęciowej ""Razem"" przy Stowarzyszeniu Pomocy Upośledzonym Umysłowo, ul. Emilii Plater 3, 88-100 Inowrocław";40701;"m. Inowrocław";"inowrocławski";"kujawsko-pomorskie";1;1;109;332;52;720;96
44;"Szkoła Podstawowa Nr 5 im. dra Józefa Krzymińskiego, ul. Stanisława Kiełbasiewicza 7, 88-100 Inowrocław";40701;"m. Inowrocław";"inowrocławski";"kujawsko-pomorskie";1;1;62;283;39;495;58
45;"Warsztat Terapii Zajęciowej ""Razem"" przy Stowarzyszeniu Pomocy Upośledzonym Umysłowo, ul. Emilii Plater 3, 88-100 Inowrocław";40701;"m. Inowrocław";"inowrocławski";"kujawsko-pomorskie";1;1;73;282;75;662;92
46;"Dom Pomocy Społecznej w Inowrocławiu, ul. Macieja Wierzbińskiego 49, 88-100 Inowrocław";40701;"m. Inowrocław";"inowrocławski";"kujawsko-pomorskie";1;1;2;16;0;22;0
47;"Szpital Wielospecjalistyczny im. dr. Ludwika Błażka, ul. Poznańska 97, 88-100 Inowrocław";40701;"m. Inowrocław";"inowrocławski";"kujawsko-pomorskie";1;1;5;19;2;35;8
48;"Zakład Karny w Inowrocławiu, ul. Prezydenta Gabriela Narutowicza 46, 88-100 Inowrocław";40701;"m. Inowrocław";"inowrocławski";"kujawsko-pomorskie";1;1;7;26;17;118;10
49;"""Solanki"" Uzdrowisko Inowrocław sp. z o. o. Zespół Sanatoryjno-Szpitalny ""Kujawiak"", ul. Zygmunta Wilkońskiego 23, 88-100 Inowrocław";40701;"m. Inowrocław";"inowrocławski";"kujawsko-pomorskie";1;1;28;280;13;334;40
50;"Sanatorium Uzdrowiskowe ""Przy Tężni"" im. dr. Józefa Krzymińskiego SPZOZ, ul. Przy Stawku 12, 88-100 Inowrocław";40701;"m. Inowrocław";"inowrocławski";"kujawsko-pomorskie";1;1;16;187;12;202;24
51;"Sanatorium Uzdrowiskowe Modrzew sp. z o. o., ul. Macieja Wierzbińskiego 50A, 88-100 Inowrocław";40701;"m. Inowrocław";"inowrocławski";"kujawsko-pomorskie";1;1;7;67;2;92;10
1;"Gminny Ośrodek Kultury, Sportu i Rekreacji, ul. Długa 48, 88-133 Dąbrowa Biskupia";40702;"gm. Dąbrowa Biskupia";"inowrocławski";"kujawsko-pomorskie";1;1;34;228;36;236;35
2;"Szkoła Podstawowa, Pieranie 7, 88-133 Dąbrowa Biskupia";40702;"gm. Dąbrowa Biskupia";"inowrocławski";"kujawsko-pomorskie";1;1;34;228;28;186;41
3;"Świetlica Wiejska, Mleczkowo 30, 88-133 Dąbrowa Biskupia";40702;"gm. Dąbrowa Biskupia";"inowrocławski";"kujawsko-pomorskie";1;1;19;149;17;100;24
4;"Szkoła Podstawowa, Ośniszczewko 1, 88-133 Dąbrowa Biskupia";40702;"gm. Dąbrowa Biskupia";"inowrocławski";"kujawsko-pomorskie";1;1;7;44;9;47;2
5;"Szkoła Podstawowa, Ośniszczewko 1, 88-133 Dąbrowa Biskupia";40702;"gm. Dąbrowa Biskupia";"inowrocławski";"kujawsko-pomorskie";1;1;1;55;8;36;4
6;"Szkoła Podstawowa, Parchanie 38, 88-110 Inowrocław";40702;"gm. Dąbrowa Biskupia";"inowrocławski";"kujawsko-pomorskie";1;1;38;193;30;142;27
7;"Centrum Aktywności Seniora, Stanomin 45, 88-133 Dąbrowa Biskupia";40702;"gm. Dąbrowa Biskupia";"inowrocławski";"kujawsko-pomorskie";1;1;9;68;13;74;6
8;"Środowiskowy Dom Samopomocy w Wonorzu, Wonorze 36, 88-133 Dąbrowa Biskupia";40702;"gm. Dąbrowa Biskupia";"inowrocławski";"kujawsko-pomorskie";1;1;15;85;13;75;8
1;"Przedszkole Bajkowa Kraina, ul. Stanisława Moniuszki 2, 88-140 Gniewkowo";40703;"gm. Gniewkowo";"inowrocławski";"kujawsko-pomorskie";1;1;31;199;29;295;27
2;"Urząd Stanu Cywilnego, ul. Dworcowa 17, 88-140 Gniewkowo";40703;"gm. Gniewkowo";"inowrocławski";"kujawsko-pomorskie";1;1;27;194;30;312;27
3;"Szkoła Podstawowa Nr 2, ul. Dworcowa 11, 88-140 Gniewkowo";40703;"gm. Gniewkowo";"inowrocławski";"kujawsko-pomorskie";1;1;26;137;35;119;22
4;"Szkoła Podstawowa Nr 1, ul. Toruńska 40, 88-140 Gniewkowo";40703;"gm. Gniewkowo";"inowrocławski";"kujawsko-pomorskie";1;1;31;208;66;262;49
5;"Miejsko-Gminna Biblioteka Publiczna, ul. Dworcowa 5, 88-140 Gniewkowo";40703;"gm. Gniewkowo";"inowrocławski";"kujawsko-pomorskie";1;1;56;248;62;275;28
6;"Branżowa Szkoła I Stopnia, ul. Powstańców Wielkopolskich 5, 88-140 Gniewkowo";40703;"gm. Gniewkowo";"inowrocławski";"kujawsko-pomorskie";1;1;44;240;52;316;45
7;"Środowiskowy Dom Samopomocy w Gniewkowie, ul. Powstańców Wielkopolskich 5a, 88-140 Gniewkowo";40703;"gm. Gniewkowo";"inowrocławski";"kujawsko-pomorskie";1;1;19;108;28;172;13
8;"Szkoła Podstawowa, Wierzchosławice 19, 88-140 Gniewkowo";40703;"gm. Gniewkowo";"inowrocławski";"kujawsko-pomorskie";1;1;38;221;32;195;40
9;"Szkoła Podstawowa, Szadłowice 36, 88-140 Gniewkowo";40703;"gm. Gniewkowo";"inowrocławski";"kujawsko-pomorskie";1;1;25;110;18;93;19
10;"Szkoła Podstawowa, Gąski 19, 88-140 Gniewkowo";40703;"gm. Gniewkowo";"inowrocławski";"kujawsko-pomorskie";1;1;38;122;17;97;10
11;"Świetlica wiejska, Ostrowo 24a, 88-140 Gniewkowo";40703;"gm. Gniewkowo";"inowrocławski";"kujawsko-pomorskie";1;1;34;147;30;175;27
12;"Świetlica wiejska, Suchatówka 24a, 88-140 Gniewkowo";40703;"gm. Gniewkowo";"inowrocławski";"kujawsko-pomorskie";1;1;19;115;27;143;24
13;"Szkoła Podstawowa, Kijewo 40, 88-140 Gniewkowo";40703;"gm. Gniewkowo";"inowrocławski";"kujawsko-pomorskie";1;1;7;71;7;65;2
14;"Szkoła Podstawowa, Murzynno 51, 88-140 Gniewkowo";40703;"gm. Gniewkowo";"inowrocławski";"kujawsko-pomorskie";1;1;18;110;26;103;21
15;"Świetlica wiejska, Więcławice 14a, 88-140 Gniewkowo";40703;"gm. Gniewkowo";"inowrocławski";"kujawsko-pomorskie";1;1;13;57;9;39;5
16;"Świetlica wiejska, Wierzbiczany 12a, 88-140 Gniewkowo";40703;"gm. Gniewkowo";"inowrocławski";"kujawsko-pomorskie";1;1;11;59;16;60;17
17;"Świetlica wiejska, Zajezierze 26b, 88-140 Gniewkowo";40703;"gm. Gniewkowo";"inowrocławski";"kujawsko-pomorskie";1;1;8;56;11;51;11
18;"Świetlica wiejska, Kawęczyn 6a, 88-140 Gniewkowo";40703;"gm. Gniewkowo";"inowrocławski";"kujawsko-pomorskie";1;1;16;100;9;51;5
19;"Świetlica wiejska, Markowo 1, 88-140 Gniewkowo";40703;"gm. Gniewkowo";"inowrocławski";"kujawsko-pomorskie";1;1;7;38;4;21;6
20;"Świetlica wiejska, Lipie 2/3, 88-140 Gniewkowo";40703;"gm. Gniewkowo";"inowrocławski";"kujawsko-pomorskie";1;1;15;89;18;66;15
21;"Dom Pomocy Społecznej w Warzynie, Warzyn 1, 88-140 Gniewkowo";40703;"gm. Gniewkowo";"inowrocławski";"kujawsko-pomorskie";1;1;1;20;1;4;2
1;"Świetlica w Tupadłach, Tupadły 20 B, 88-101 Tupadły";40704;"gm. Inowrocław";"inowrocławski";"kujawsko-pomorskie";1;1;35;146;18;153;29
2;"Świetlica w Orłowie, Orłowo 128, 88-110 Orłowo";40704;"gm. Inowrocław";"inowrocławski";"kujawsko-pomorskie";1;1;45;188;35;184;25
3;"Świetlica w Sławęcinku, Sławęcinek 101, 88-110 Sławęcinek";40704;"gm. Inowrocław";"inowrocławski";"kujawsko-pomorskie";1;1;26;92;23;111;10
4;"Budynek komunalny pn. ""Dom Kultury w Górze"", Góra 44, 88-101 Góra";40704;"gm. Inowrocław";"inowrocławski";"kujawsko-pomorskie";1;1;31;172;38;176;21
5;"Świetlica w Jacewie, ul. Świerkowa 40, 88-110 Jacewo";40704;"gm. Inowrocław";"inowrocławski";"kujawsko-pomorskie";1;1;33;109;16;256;28
6;"Świetlica w Jaksicach, ul. Dworcowa 10, 88-181 Jaksice";40704;"gm. Inowrocław";"inowrocławski";"kujawsko-pomorskie";1;1;74;341;60;380;55
7;"Świetlica w Komaszycach, Komaszyce 13, 88-110 Komaszyce";40704;"gm. Inowrocław";"inowrocławski";"kujawsko-pomorskie";1;1;32;160;41;216;32
8;"Świetlica w Kruszy Podlotowej, Krusza Podlotowa 30, 88-101 Krusza Podlotowa";40704;"gm. Inowrocław";"inowrocławski";"kujawsko-pomorskie";1;1;37;191;21;166;23
9;"Centrum Integracji Społecznej w Łojewie, Łojewo 21, 88-101 Łojewo";40704;"gm. Inowrocław";"inowrocławski";"kujawsko-pomorskie";1;1;14;88;15;108;9
10;"Szkoła Podstawowa w Turzanach, Turzany 6, 88-110 Turzany";40704;"gm. Inowrocław";"inowrocławski";"kujawsko-pomorskie";1;1;36;162;49;225;37
11;"Świetlica w Miechowicach, Miechowice 34, 88-101 Miechowice";40704;"gm. Inowrocław";"inowrocławski";"kujawsko-pomorskie";1;1;20;93;18;87;14
12;"Świetlica w Kłopocie, Kłopot 31, 88-110 Kłopot";40704;"gm. Inowrocław";"inowrocławski";"kujawsko-pomorskie";1;1;31;165;34;177;32
13;"Świetlica w Cieślinie, Cieślin 13, 88-110 Cieślin";40704;"gm. Inowrocław";"inowrocławski";"kujawsko-pomorskie";1;1;21;130;14;81;26
14;"Świetlica w Gnojnie, Gnojno 33, 88-110 Gnojno";40704;"gm. Inowrocław";"inowrocławski";"kujawsko-pomorskie";1;1;15;132;19;137;19
15;"Świetlica w Słońsku, Słońsko 29, 88-110 Słońsko";40704;"gm. Inowrocław";"inowrocławski";"kujawsko-pomorskie";1;1;29;129;25;217;22
16;"Świetlica w Sikorowie, Sikorowo 79, 88-101 Sikorowo";40704;"gm. Inowrocław";"inowrocławski";"kujawsko-pomorskie";1;1;30;63;22;84;18
1;"Szkoła Podstawowa, ul. Szkolna 1, 88-160 Janikowo";40705;"gm. Janikowo";"inowrocławski";"kujawsko-pomorskie";1;1;58;147;45;247;42
2;"Miejsko-Gminny Ośrodek Kultury, ul. Przemysłowa 26, 88-160 Janikowo";40705;"gm. Janikowo";"inowrocławski";"kujawsko-pomorskie";1;1;43;313;59;348;58
3;"Szkoła Podstawowa, ul. Główna 6, 88-160 Janikowo";40705;"gm. Janikowo";"inowrocławski";"kujawsko-pomorskie";1;1;55;282;55;300;64
4;"Przedszkole, ul. Słoneczna 31, 88-160 Janikowo";40705;"gm. Janikowo";"inowrocławski";"kujawsko-pomorskie";1;1;34;136;31;200;29
5;"Dzienny Dom ""Senior +"", ul. Dworcowa 1, 88-160 Janikowo";40705;"gm. Janikowo";"inowrocławski";"kujawsko-pomorskie";1;1;71;298;44;391;52
6;"Szkoła Podstawowa, ul. Biskupa Michała Kozala 3, 88-160 Janikowo";40705;"gm. Janikowo";"inowrocławski";"kujawsko-pomorskie";1;1;60;377;68;530;77
7;"Szkoła Podstawowa, Broniewice 3, 88-160 Janikowo";40705;"gm. Janikowo";"inowrocławski";"kujawsko-pomorskie";1;1;27;133;41;193;38
8;"Szkoła Podstawowa, Kołodziejewo ul. Szkolna 10, 88-160 Janikowo";40705;"gm. Janikowo";"inowrocławski";"kujawsko-pomorskie";1;1;50;266;43;219;43
9;"Szkoła Podstawowa, Ludzisko 10, 88-160 Janikowo";40705;"gm. Janikowo";"inowrocławski";"kujawsko-pomorskie";1;1;36;180;20;152;42
10;"Świetlica wiejska, Trląg 33, 88-160 Janikowo";40705;"gm. Janikowo";"inowrocławski";"kujawsko-pomorskie";1;1;18;116;22;89;15
11;"Świetlica wiejska, Kołuda Wielka ul. Główna 1, 88-160 Janikowo";40705;"gm. Janikowo";"inowrocławski";"kujawsko-pomorskie";1;1;50;153;25;142;27
1;"Zespół Szkół Ogólnokształcących w Kruszwicy, ul. Jana Kasprowicza 7, 88-150 Kruszwica";40706;"gm. Kruszwica";"inowrocławski";"kujawsko-pomorskie";1;1;27;225;25;169;23
2;"Środowiskowy Dom Samopomocy w Kruszwicy, ul. Rynek 22, 88-150 Kruszwica";40706;"gm. Kruszwica";"inowrocławski";"kujawsko-pomorskie";1;1;18;314;24;232;28
3;"Zespół Szkół Samorządowych Nr 1 w Kruszwicy, ul. Kujawska 22, 88-153 Kruszwica";40706;"gm. Kruszwica";"inowrocławski";"kujawsko-pomorskie";1;1;29;357;30;305;41
4;"Zespół Szkół Samorządowych Nr 1 w Kruszwicy, ul. Kujawska 22, 88-153 Kruszwica";40706;"gm. Kruszwica";"inowrocławski";"kujawsko-pomorskie";1;1;33;427;40;378;36
5;"Urząd Miejski w Kruszwicy, ul. Nadgoplańska 4, 88-150 Kruszwica";40706;"gm. Kruszwica";"inowrocławski";"kujawsko-pomorskie";1;1;38;450;49;437;53
6;"Niepubliczna Szkoła Podstawowa w Racicach, Racice 16, 88-150 Kruszwica";40706;"gm. Kruszwica";"inowrocławski";"kujawsko-pomorskie";1;1;10;155;10;51;11
7;"Szkoła Podstawowa w Chełmcach, Chełmce 51, 88-121 Chełmce";40706;"gm. Kruszwica";"inowrocławski";"kujawsko-pomorskie";1;1;22;164;15;141;17
8;"Remiza OSP w Witowicach, Witowice 26 B, 88-121 Chełmce";40706;"gm. Kruszwica";"inowrocławski";"kujawsko-pomorskie";1;1;6;119;11;62;11
9;"Świetlica wiejska w Janocinie, Janocin 19, 88-121 Chełmce";40706;"gm. Kruszwica";"inowrocławski";"kujawsko-pomorskie";1;1;9;179;14;88;13
10;"Szkoła Podstawowa w Polanowicach, Polanowice 27, 88-150 Kruszwica";40706;"gm. Kruszwica";"inowrocławski";"kujawsko-pomorskie";1;1;11;176;19;122;18
11;"Szkoła Podstawowa w Woli Wapowskiej, Bachorce 42, 88-153 Kruszwica";40706;"gm. Kruszwica";"inowrocławski";"kujawsko-pomorskie";1;1;21;174;12;88;13
12;"Świetlica wiejska w Sukowach, Sukowy 93 A, 88-150 Kruszwica";40706;"gm. Kruszwica";"inowrocławski";"kujawsko-pomorskie";1;1;13;212;31;108;11
13;"Świetlica wiejska w Szarleju, Szarlej 3 A, 88-150 Kruszwica";40706;"gm. Kruszwica";"inowrocławski";"kujawsko-pomorskie";1;1;4;116;10;68;13
14;"Świetlica wiejska w Ostrowie, Ostrowo 21 A, 88-121 Chełmce";40706;"gm. Kruszwica";"inowrocławski";"kujawsko-pomorskie";1;1;7;123;8;69;4
15;"Szkoła Podstawowa w Woli Wapowskiej, Wola Wapowska 6 A, 88-153 Kruszwica";40706;"gm. Kruszwica";"inowrocławski";"kujawsko-pomorskie";1;1;13;199;22;105;18
16;"Szkoła Podstawowa w Sławsku Wielkim, Sławsk Wielki 77, 88-150 Kruszwica";40706;"gm. Kruszwica";"inowrocławski";"kujawsko-pomorskie";1;1;15;271;40;112;17
17;"Świetlica wiejska w Kobylnikach, Kobylniki 26 C, 88-150 Kruszwica";40706;"gm. Kruszwica";"inowrocławski";"kujawsko-pomorskie";1;1;9;205;18;86;16
18;"Świetlica wiejska w Rzepowie, Rzepowo 18, 88-150 Kruszwica";40706;"gm. Kruszwica";"inowrocławski";"kujawsko-pomorskie";1;1;11;85;5;39;9
19;"Zespół Szkół w Kruszwicy, ul. Kujawska 20, 88-153 Kruszwica";40706;"gm. Kruszwica";"inowrocławski";"kujawsko-pomorskie";1;1;12;69;5;47;2
20;"Zespół Szkół Ogólnokształcących w Kruszwicy, ul. Jana Kasprowicza 7, 88-150 Kruszwica";40706;"gm. Kruszwica";"inowrocławski";"kujawsko-pomorskie";1;1;17;239;25;210;14
21;"Zespół Szkół Samorządowych Nr 1 w Kruszwicy, ul. Kujawska 22, 88-153 Kruszwica";40706;"gm. Kruszwica";"inowrocławski";"kujawsko-pomorskie";1;1;24;279;26;308;26
22;"Świetlica wiejska w Gocanowie, Gocanowo 7, 88-153 Kruszwica";40706;"gm. Kruszwica";"inowrocławski";"kujawsko-pomorskie";1;1;12;165;13;59;13
23;"Świetlica wiejska w Brześciu, Brześć 12, 88-121 Chełmce";40706;"gm. Kruszwica";"inowrocławski";"kujawsko-pomorskie";1;1;6;75;2;26;4
1;"Ośrodek Kultury i Turystyki, ul. św. Jana 12, 88-170 Pakość";40707;"gm. Pakość";"inowrocławski";"kujawsko-pomorskie";1;1;111;235;47;329;47
2;"Ośrodek Kultury i Turystyki, ul. św. Jana 12, 88-170 Pakość";40707;"gm. Pakość";"inowrocławski";"kujawsko-pomorskie";1;1;102;180;59;251;32
3;"Ośrodek Pomocy Społecznej, ul. Inowrocławska 14, 88-170 Pakość";40707;"gm. Pakość";"inowrocławski";"kujawsko-pomorskie";1;1;82;207;53;252;55
4;"Szkoła Podstawowa, ul. Szkolna 44, 88-170 Pakość";40707;"gm. Pakość";"inowrocławski";"kujawsko-pomorskie";1;1;63;147;33;168;27
5;"Szkoła Podstawowa, ul. Błonie 2, 88-170 Pakość";40707;"gm. Pakość";"inowrocławski";"kujawsko-pomorskie";1;1;25;40;14;68;8
6;"Szkoła Podstawowa, ul. Błonie 2, 88-170 Pakość";40707;"gm. Pakość";"inowrocławski";"kujawsko-pomorskie";1;1;41;68;30;92;7
7;"Centrum Informacji Turystycznej, ul. Barcińska 11, 88-170 Pakość";40707;"gm. Pakość";"inowrocławski";"kujawsko-pomorskie";1;1;68;228;59;304;46
8;"Zespół Placówek Oświatowych, Kościelec 14, 88-170 Pakość";40707;"gm. Pakość";"inowrocławski";"kujawsko-pomorskie";1;1;49;266;53;245;52
9;"Świetlica wiejska, Rycerzewo 26, 88-170 Pakość";40707;"gm. Pakość";"inowrocławski";"kujawsko-pomorskie";1;1;12;57;12;52;7
10;"Świetlica wiejska, Wielowieś 40A, 88-170 Pakość";40707;"gm. Pakość";"inowrocławski";"kujawsko-pomorskie";1;1;12;74;10;126;8
11;"Świetlica wiejska, Radłowo 30, 88-170 Pakość";40707;"gm. Pakość";"inowrocławski";"kujawsko-pomorskie";1;1;31;99;17;99;16
1;"Hala Sportowa, Rojewo 111, 88-111 Rojewo";40708;"gm. Rojewo";"inowrocławski";"kujawsko-pomorskie";1;1;29;164;16;101;25
2;"Szkoła Podstawowa imienia Błogosławionego Księdza Mariana Skrzypczaka, Rojewice 19, 88-111 Rojewo";40708;"gm. Rojewo";"inowrocławski";"kujawsko-pomorskie";1;1;10;97;43;146;28
3;"Zespół Szkolno-Przedszkolny Szkoła Podstawowa Rojewo-Filia Liszkowo, Liszkowo 82A, 88-180 Złotniki Kujawskie";40708;"gm. Rojewo";"inowrocławski";"kujawsko-pomorskie";1;1;18;137;31;100;16
4;"Świetlica wiejska, Płonkowo 29, 88-111 Rojewo";40708;"gm. Rojewo";"inowrocławski";"kujawsko-pomorskie";1;1;35;207;26;119;21
5;"Zespół Szkolno-Przedszkolny Szkoła Podstawowa Rojewo-Filia Ściborze, Ściborze 7A, 88-111 Rojewo";40708;"gm. Rojewo";"inowrocławski";"kujawsko-pomorskie";1;1;29;115;20;84;12
6;"Szkoła Podstawowa imienia Błogosławionego Księdza Mariana Skrzypczaka, Rojewice 19, 88-111 Rojewo";40708;"gm. Rojewo";"inowrocławski";"kujawsko-pomorskie";1;1;29;152;30;108;23
7;"Świetlica wiejska, Wybranowo 28, 88-181 Jaksice";40708;"gm. Rojewo";"inowrocławski";"kujawsko-pomorskie";1;1;11;64;27;42;5
8;"Świetlica wiejska, Topola 35, 88-111 Rojewo";40708;"gm. Rojewo";"inowrocławski";"kujawsko-pomorskie";1;1;14;71;7;42;12
1;"Szkoła Podstawowa im. Karola Urbańskiego, ul. Powstańców Wielkopolskich 3, 88-180 Złotniki Kujawskie";40709;"gm. Złotniki Kujawskie";"inowrocławski";"kujawsko-pomorskie";1;1;68;351;59;479;46
2;"Zespół Placówek Oświatowych w Tucznie, Tuczno ul. Pakoska 33, 88-180 Złotniki Kujawskie";40709;"gm. Złotniki Kujawskie";"inowrocławski";"kujawsko-pomorskie";1;1;75;300;81;301;49
3;"Świetlica wiejska, Gniewkówiec 25 A, 88-180 Złotniki Kujawskie";40709;"gm. Złotniki Kujawskie";"inowrocławski";"kujawsko-pomorskie";1;1;32;144;29;122;25
4;"Świetlica wiejska, Rucewo 37, 88-180 Złotniki Kujawskie";40709;"gm. Złotniki Kujawskie";"inowrocławski";"kujawsko-pomorskie";1;1;10;68;17;62;14
5;"Świetlica wiejska, Jordanowo 33/10, 88-180 Złotniki Kujawskie";40709;"gm. Złotniki Kujawskie";"inowrocławski";"kujawsko-pomorskie";1;1;21;113;37;89;35
6;"Szkoła Podstawowa im. Kardynała Stefana Wyszyńskiego Stowarzyszenia Przyjaciół Szkół Katolickich, Lisewo Kościelne 33, 88-180 Złotniki Kujawskie";40709;"gm. Złotniki Kujawskie";"inowrocławski";"kujawsko-pomorskie";1;1;21;112;29;128;20
7;"Świetlica wiejska, Niszczewice 17/1, 88-180 Złotniki Kujawskie";40709;"gm. Złotniki Kujawskie";"inowrocławski";"kujawsko-pomorskie";1;1;27;115;44;105;30
8;"Świetlica wiejska, Palczyn 6, 86-060 Nowa Wieś Wielka";40709;"gm. Złotniki Kujawskie";"inowrocławski";"kujawsko-pomorskie";1;1;75;26;78;33;30
9;"Świetlica wiejska, Będzitowo 4a, 88-180 Złotniki Kujawskie";40709;"gm. Złotniki Kujawskie";"inowrocławski";"kujawsko-pomorskie";1;1;12;58;17;72;4
10;"Szkoła Podstawowa im. Karola Urbańskiego, ul. Powstańców Wielkopolskich 3, 88-180 Złotniki Kujawskie";40709;"gm. Złotniki Kujawskie";"inowrocławski";"kujawsko-pomorskie";1;1;36;209;55;295;61
11;"Świetlica wiejska, Tarkowo Górne ul. Wspólna 5, 86-060 Nowa Wieś Wielka";40709;"gm. Złotniki Kujawskie";"inowrocławski";"kujawsko-pomorskie";1;1;4;35;10;59;10
12;"Świetlica wiejska, Dąbrówka Kujawska 9A, 88-180 Złotniki Kujawskie";40709;"gm. Złotniki Kujawskie";"inowrocławski";"kujawsko-pomorskie";1;1;10;74;17;90;9
1;"Zespół Szkół w Dąbrowie, ul. Szkolna 15, 88-306 Dąbrowa";40901;"gm. Dąbrowa";"mogileński";"kujawsko-pomorskie";1;1;26;171;26;171;41
2;"Zespół Szkół w Dąbrowie, ul. Szkolna 15, 88-306 Dąbrowa";40901;"gm. Dąbrowa";"mogileński";"kujawsko-pomorskie";1;1;18;127;29;124;28
3;"Świetlica Wiejska w Parlinie, Parlin 56A, 88-306 Dąbrowa";40901;"gm. Dąbrowa";"mogileński";"kujawsko-pomorskie";1;1;21;158;34;136;26
4;"Pałac w Słaboszewku, Słaboszewko 9, 88-306 Dąbrowa";40901;"gm. Dąbrowa";"mogileński";"kujawsko-pomorskie";1;1;24;108;20;110;25
5;"Świetlica Wiejska w Słaboszewie, Słaboszewo 36, 88-306 Dąbrowa";40901;"gm. Dąbrowa";"mogileński";"kujawsko-pomorskie";1;1;19;164;31;137;30
6;"Szkoła Podstawowa w Szczepanowie, Szczepanowo ul. Szkolna 1, 88-306 Dąbrowa";40901;"gm. Dąbrowa";"mogileński";"kujawsko-pomorskie";1;1;24;225;35;135;36
1;"Szkoła Podstawowa im. Kazimierza Woźnieckiego w Jeziorach Wielkich, Jeziora Wielkie 104, 88-324 Jeziora Wielkie";40902;"gm. Jeziora Wielkie";"mogileński";"kujawsko-pomorskie";1;1;33;173;24;163;30
2;"Szkoła Podstawowa im. Kazimierza Woźnieckiego w Jeziorach Wielkich, Jeziora Wielkie 104, 88-324 Jeziora Wielkie";40902;"gm. Jeziora Wielkie";"mogileński";"kujawsko-pomorskie";1;1;27;179;18;86;23
3;"Szkoła Podstawowa im. Powstańców Wielkopolskich w Wójcinie, Wójcin 59, 88-324 Jeziora Wielkie";40902;"gm. Jeziora Wielkie";"mogileński";"kujawsko-pomorskie";1;1;51;243;25;190;48
4;"Szkoła Podstawowa im. Powstańców Wielkopolskich w Wójcinie, Wójcin 59, 88-324 Jeziora Wielkie";40902;"gm. Jeziora Wielkie";"mogileński";"kujawsko-pomorskie";1;1;10;138;28;100;18
5;"Świetlica Wiejska w Kościeszkach, Kościeszki 39, 88-324 Jeziora Wielkie";40902;"gm. Jeziora Wielkie";"mogileński";"kujawsko-pomorskie";1;1;15;147;19;78;17
6;"Filia Szkoły Podstawowej im. Kazimierza Woźnieckiego w Jeziorach Wielkich, Rzeszynek 37, 88-324 Jeziora Wielkie";40902;"gm. Jeziora Wielkie";"mogileński";"kujawsko-pomorskie";1;1;6;134;19;70;15
7;"Świetlica Wiejska w Woli Kożuszkowej, Wola Kożuszkowa 70, 88-324 Jeziora Wielkie";40902;"gm. Jeziora Wielkie";"mogileński";"kujawsko-pomorskie";1;1;15;94;13;39;12
8;"Dom Pomocy Społecznej w Siemionkach, Siemionki 13, 88-324 Jeziora Wielkie";40902;"gm. Jeziora Wielkie";"mogileński";"kujawsko-pomorskie";1;1;0;3;0;4;0
1;"Zespół Szkolno-Przedszkolny w Mogilnie, ul. Powstańców Wlkp. 33, 88-300 Mogilno";40903;"gm. Mogilno";"mogileński";"kujawsko-pomorskie";1;1;70;255;63;503;80
2;"Mogileński Dom Kultury w Mogilnie, ul. Rynek 10, 88-300 Mogilno";40903;"gm. Mogilno";"mogileński";"kujawsko-pomorskie";1;1;66;262;72;386;58
3;"Szkoła Podstawowa nr 3 w Mogilnie, ul. Marszałka Piłsudskiego 18, 88-300 Mogilno";40903;"gm. Mogilno";"mogileński";"kujawsko-pomorskie";1;1;39;290;53;385;58
4;"Centrum Sportowo-Konferencyjne KS ""Pogoń Mogilno"", ul. Adama Mickiewicza 42, 88-300 Mogilno";40903;"gm. Mogilno";"mogileński";"kujawsko-pomorskie";1;1;43;255;50;452;54
5;"Zespół Szkół w Mogilnie, ul. Dworcowa 9, 88-300 Mogilno";40903;"gm. Mogilno";"mogileński";"kujawsko-pomorskie";1;1;50;326;55;437;89
6;"Starostwo Powiatowe w Mogilnie, ul. Ogrodowa 10, 88-300 Mogilno";40903;"gm. Mogilno";"mogileński";"kujawsko-pomorskie";1;1;54;317;75;510;94
7;"Przedszkole nr 3 w Mogilnie, ul. Marii Konopnickiej 15a, 88-300 Mogilno";40903;"gm. Mogilno";"mogileński";"kujawsko-pomorskie";1;1;72;357;91;560;88
8;"Szkoła Podstawowa w Wylatowie, Wylatowo 29, 88-342 Wylatowo";40903;"gm. Mogilno";"mogileński";"kujawsko-pomorskie";1;1;50;305;70;223;75
9;"Szkoła Podstawowa nr 3 w Mogilnie, ul. Marszałka Piłsudskiego 18, 88-300 Mogilno";40903;"gm. Mogilno";"mogileński";"kujawsko-pomorskie";1;1;47;213;67;251;50
10;"Świetlica wiejska w Dąbrówce, Dąbrówka 22, 88-300 Mogilno";40903;"gm. Mogilno";"mogileński";"kujawsko-pomorskie";1;1;29;119;20;104;22
11;"Szkoła Podstawowa we Wszedniu, Wszedzień 7, 88-300 Mogilno";40903;"gm. Mogilno";"mogileński";"kujawsko-pomorskie";1;1;39;198;38;240;70
12;"Świetlica wiejska w Józefowie, Józefowo 2A, 88-300 Mogilno";40903;"gm. Mogilno";"mogileński";"kujawsko-pomorskie";1;1;35;261;62;244;36
13;"Szkoła Podstawowa w Strzelcach, Strzelce 13, 88-300 Mogilno";40903;"gm. Mogilno";"mogileński";"kujawsko-pomorskie";1;1;25;183;35;160;19
14;"Świetlica wiejska w Gębicach, ul. Wolności 10, 88-330 Gębice";40903;"gm. Mogilno";"mogileński";"kujawsko-pomorskie";1;1;32;183;60;200;40
15;"Szkoła Podstawowa w Gębicach, Marcinkowo 72, 88-330 Gębice";40903;"gm. Mogilno";"mogileński";"kujawsko-pomorskie";1;1;55;291;61;263;62
16;"Szkoła Podstawowa w Kwieciszewie, Kwieciszewo 45, 88-321 Kwieciszewo";40903;"gm. Mogilno";"mogileński";"kujawsko-pomorskie";1;1;35;230;51;205;40
17;"Zespół Szkolno-Przedszkolny w Mogilnie, ul. Powstańców Wlkp. 33, 88-300 Mogilno";40903;"gm. Mogilno";"mogileński";"kujawsko-pomorskie";1;1;31;147;33;221;37
18;"Zespół Szkolno-Przedszkolny w Padniewie, Padniewo 55, 88-300 Mogilno";40903;"gm. Mogilno";"mogileński";"kujawsko-pomorskie";1;1;25;88;19;71;15
19;"Świetlica wiejska w Dzierzążnie, Dzierzążno 39, 88-330 Gębice";40903;"gm. Mogilno";"mogileński";"kujawsko-pomorskie";1;1;7;102;18;49;10
20;"Świetlica wiejska w Procyniu, Procyń 41, 88-330 Gębice";40903;"gm. Mogilno";"mogileński";"kujawsko-pomorskie";1;1;11;66;11;75;19
21;"Samodzielny Publiczny Zakład Opieki Zdrowotnej w Mogilnie, ul. Tadeusza Kościuszki 6, 88-300 Mogilno";40903;"gm. Mogilno";"mogileński";"kujawsko-pomorskie";1;1;1;5;1;6;1
1;"Zespół Szkół w Strzelnie, ul. Tadeusza Kościuszki 15, 88-320 Strzelno";40904;"gm. Strzelno";"mogileński";"kujawsko-pomorskie";1;1;55;315;53;418;41
2;"Zespół Szkolno-Przedszkolny nr 1, ul. Kardynała Wyszyńskiego 2, 88-320 Strzelno";40904;"gm. Strzelno";"mogileński";"kujawsko-pomorskie";1;1;37;256;50;368;44
3;"Zespół Szkolno-Przedszkolny nr 2, ul. Gimnazjalna 17, 88-320 Strzelno";40904;"gm. Strzelno";"mogileński";"kujawsko-pomorskie";1;1;45;294;39;398;40
4;"Zespół Szkół w Strzelnie, ul. Gimnazjalna 7, 88-320 Strzelno";40904;"gm. Strzelno";"mogileński";"kujawsko-pomorskie";1;1;11;91;14;83;8
5;"Szkoła Podstawowa im. Gustawa Zielińskiego w Markowicach, Markowice 28, 88-320 Strzelno";40904;"gm. Strzelno";"mogileński";"kujawsko-pomorskie";1;1;25;125;20;139;21
6;"Świetlica Wiejska w Ostrowie, Ostrowo 18, 88-320 Strzelno";40904;"gm. Strzelno";"mogileński";"kujawsko-pomorskie";1;1;26;178;33;123;22
7;"Budynek Gminy Strzelno, Stodoły 28, 88-320 Strzelno";40904;"gm. Strzelno";"mogileński";"kujawsko-pomorskie";1;1;18;134;15;100;19
8;"Świetlica Wiejska we Wronowach, Wronowy 85, 88-320 Strzelno";40904;"gm. Strzelno";"mogileński";"kujawsko-pomorskie";1;1;34;193;47;171;32
9;"Świetlica Wiejska w Ciechrzu, Ciechrz 7, 88-320 Strzelno";40904;"gm. Strzelno";"mogileński";"kujawsko-pomorskie";1;1;30;193;28;124;24
10;"Środowiskowy Dom Samopomocy w Strzelnie, ul. Kolejowa 5, 88-320 Strzelno";40904;"gm. Strzelno";"mogileński";"kujawsko-pomorskie";1;1;22;160;22;135;31
11;"Świetlica Wiejska w Bronisławiu, Bronisław 1/3, 88-320 Strzelno";40904;"gm. Strzelno";"mogileński";"kujawsko-pomorskie";1;1;8;92;12;38;19
12;"Świetlica Wiejska w Łąkiem, Łąkie 54/5, 88-320 Strzelno";40904;"gm. Strzelno";"mogileński";"kujawsko-pomorskie";1;1;15;136;36;154;41
13;"Świetlica Wiejska w Bożejewicach, Bożejewice 9A, 88-320 Strzelno";40904;"gm. Strzelno";"mogileński";"kujawsko-pomorskie";1;1;22;138;17;86;28
14;"SPZOZ w Mogilnie, Zakład Opiekuńczo-Leczniczy w Strzelnie, ul. Powstania Wielkopolskiego 8, 88-320 Strzelno";40904;"gm. Strzelno";"mogileński";"kujawsko-pomorskie";1;1;0;1;1;2;0
1;"Zespół Szkół Technicznych w Kcyni, ul. Emila Jurczyka 3, 89-240 Kcynia";41001;"gm. Kcynia";"nakielski";"kujawsko-pomorskie";1;1;59;291;63;408;68
2;"Szkoła Podstawowa im. Jana Czochralskiego w Kcyni, ul. Wyrzyska 12, 89-240 Kcynia";41001;"gm. Kcynia";"nakielski";"kujawsko-pomorskie";1;1;44;274;78;370;76
3;"Gminne Centrum Kultury i Biblioteki im. Klary Prillowej w Kcyni, ul. Libelta 27, 89-240 Kcynia";41001;"gm. Kcynia";"nakielski";"kujawsko-pomorskie";1;1;42;245;58;315;58
4;"Świetlica wiejska w Malicach, Malice 29, 89-240 Kcynia";41001;"gm. Kcynia";"nakielski";"kujawsko-pomorskie";1;1;32;101;37;82;16
5;"Świetlica wiejska w Kowalewku, Kowalewko 31A, 89-240 Kcynia";41001;"gm. Kcynia";"nakielski";"kujawsko-pomorskie";1;1;14;171;37;100;24
6;"Szkoła Podstawowa im. Bł. Marii Karłowskiej w Dobieszewie, Chwaliszewo 27, 89-240 Kcynia";41001;"gm. Kcynia";"nakielski";"kujawsko-pomorskie";1;1;28;208;42;101;37
7;"Szkoła Podstawowa im. ppor. Marka Uleryka w Dziewierzewie, Dziewierzewo 34, 89-240 Kcynia";41001;"gm. Kcynia";"nakielski";"kujawsko-pomorskie";1;1;31;241;60;250;56
8;"Świetlica wiejska w Górkach Zagajnych, Górki Zagajne 33a, 89-240 Kcynia";41001;"gm. Kcynia";"nakielski";"kujawsko-pomorskie";1;1;13;94;10;35;17
9;"budynek byłej Szkoły Podstawowej im. Pamięci Niepodległości w Sipiorach, Sipiory ul. Czterdziestka 51, 89-240 Kcynia";41001;"gm. Kcynia";"nakielski";"kujawsko-pomorskie";1;1;41;153;35;108;44
10;"Szkoła Podstawowa im. Jana Czochralskiego w Kcyni, ul. Bolesława Pobożnego 1, 89-240 Kcynia";41001;"gm. Kcynia";"nakielski";"kujawsko-pomorskie";1;1;14;73;17;49;13
11;"Świetlica wiejska w Laskownicy, Laskownica 16A, 89-240 Kcynia";41001;"gm. Kcynia";"nakielski";"kujawsko-pomorskie";1;1;22;136;43;69;22
12;"Świetlica wiejska w Grocholinie, Grocholin 30b, 89-240 Kcynia";41001;"gm. Kcynia";"nakielski";"kujawsko-pomorskie";1;1;15;140;21;84;15
13;"Szkoła Podstawowa im. Jana Czochralskiego w Kcyni, ul. Bolesława Pobożnego 1, 89-240 Kcynia";41001;"gm. Kcynia";"nakielski";"kujawsko-pomorskie";1;1;6;80;21;52;13
14;"Świetlica wiejska w Iwnie, Iwno 44a, 89-240 Kcynia";41001;"gm. Kcynia";"nakielski";"kujawsko-pomorskie";1;1;6;59;15;65;19
15;"Świetlica wiejska w Turzynie, Turzyn 5A, 89-240 Kcynia";41001;"gm. Kcynia";"nakielski";"kujawsko-pomorskie";1;1;12;59;16;56;15
16;"Szkoła Podstawowa im. Kazimierza Korka, Rozstrzębowo 14, 89-240 Kcynia";41001;"gm. Kcynia";"nakielski";"kujawsko-pomorskie";1;1;24;66;15;55;18
1;"Szkoła Podstawowa, ul. marsz. Józefa Piłsudskiego 4, 89-115 Mrocza";41002;"gm. Mrocza";"nakielski";"kujawsko-pomorskie";1;1;31;196;51;179;36
2;"Szkoła Podstawowa, ul. Sportowa 2, 89-115 Mrocza";41002;"gm. Mrocza";"nakielski";"kujawsko-pomorskie";1;1;18;71;17;96;13
3;"Miejsko-Gminny Ośrodek Kultury i Rekreacji, ul. Śluzowa 6, 89-115 Mrocza";41002;"gm. Mrocza";"nakielski";"kujawsko-pomorskie";1;1;40;196;64;269;52
4;"Remiza OSP, ul. Wodna 1, 89-115 Mrocza";41002;"gm. Mrocza";"nakielski";"kujawsko-pomorskie";1;1;53;165;64;320;52
5;"Świetlica Wiejska, Wiele 4, 89-115 Mrocza";41002;"gm. Mrocza";"nakielski";"kujawsko-pomorskie";1;1;26;168;24;98;33
6;"Świetlica Wiejska, Drążno 23, 89-115 Mrocza";41002;"gm. Mrocza";"nakielski";"kujawsko-pomorskie";1;1;16;55;22;63;24
7;"Świetlica Wiejska, Drzewianowo 18, 89-115 Mrocza";41002;"gm. Mrocza";"nakielski";"kujawsko-pomorskie";1;1;14;130;29;124;12
8;"Szkoła Podstawowa, Kosowo 20, 89-115 Mrocza";41002;"gm. Mrocza";"nakielski";"kujawsko-pomorskie";1;1;17;83;21;56;12
9;"Świetlica Wiejska, Matyldzin 41, 89-115 Mrocza";41002;"gm. Mrocza";"nakielski";"kujawsko-pomorskie";1;1;9;61;7;30;10
10;"Wiejski Dom Kultury, Witosław 33, 89-114 Witosław";41002;"gm. Mrocza";"nakielski";"kujawsko-pomorskie";1;1;23;150;22;116;25
11;"Szkoła Podstawowa, Witosław 9, 89-114 Witosław";41002;"gm. Mrocza";"nakielski";"kujawsko-pomorskie";1;1;12;117;27;56;16
12;"Świetlica Wiejska, Krukówko 39, 89-115 Mrocza";41002;"gm. Mrocza";"nakielski";"kujawsko-pomorskie";1;1;9;34;6;46;12
13;"Świetlica Wiejska, Samsieczynek 45A, 89-115 Mrocza";41002;"gm. Mrocza";"nakielski";"kujawsko-pomorskie";1;1;10;48;17;37;8
14;"Świetlica Wiejska, Wyrza 42, 89-115 Mrocza";41002;"gm. Mrocza";"nakielski";"kujawsko-pomorskie";1;1;13;74;13;46;23
15;"Świetlica Wiejska, Rościmin 48, 89-115 Mrocza";41002;"gm. Mrocza";"nakielski";"kujawsko-pomorskie";1;1;7;43;5;32;10
1;"Zespół Szkolno-Przedszkolny Nr 3, ul. Mrotecka 1A, 89-100 Nakło nad Notecią";41003;"gm. Nakło nad Notecią";"nakielski";"kujawsko-pomorskie";1;1;55;248;52;313;61
2;"Szkoła Podstawowa Nr 2, ul. Bydgoska 24, 89-100 Nakło nad Notecią";41003;"gm. Nakło nad Notecią";"nakielski";"kujawsko-pomorskie";1;1;40;312;67;496;72
3;"Muzeum Ziemi Krajeńskiej, ul. Pocztowa 14, 89-100 Nakło nad Notecią";41003;"gm. Nakło nad Notecią";"nakielski";"kujawsko-pomorskie";1;1;48;358;60;424;90
4;"Szkoła Podstawowa Nr 2, ul. Bydgoska 24, 89-100 Nakło nad Notecią";41003;"gm. Nakło nad Notecią";"nakielski";"kujawsko-pomorskie";1;1;45;280;50;282;50
5;"Zespół Szkół Żeglugi Śródlądowej, ul. gen. Henryka Dąbrowskiego 4, 89-100 Nakło nad Notecią";41003;"gm. Nakło nad Notecią";"nakielski";"kujawsko-pomorskie";1;1;37;125;31;166;35
6;"Urząd Stanu Cywilnego, ul. Gimnazjalna 2, 89-100 Nakło nad Notecią";41003;"gm. Nakło nad Notecią";"nakielski";"kujawsko-pomorskie";1;1;41;248;44;389;53
7;"Powiatowa i Miejska Biblioteka Publiczna, ul. gen. Henryka Dąbrowskiego 20, 89-100 Nakło nad Notecią";41003;"gm. Nakło nad Notecią";"nakielski";"kujawsko-pomorskie";1;1;25;165;37;173;30
8;"Urząd Skarbowy, ul. Sądowa 8, 89-100 Nakło nad Notecią";41003;"gm. Nakło nad Notecią";"nakielski";"kujawsko-pomorskie";1;1;49;305;67;292;67
9;"Zespół Szkół, ul. ks. Stanisława Staszica 18, 89-100 Nakło nad Notecią";41003;"gm. Nakło nad Notecią";"nakielski";"kujawsko-pomorskie";1;1;70;269;68;444;54
10;"Zespół Szkolno-Przedszkolny Nr 4, os. Osiedle Władysława Łokietka 15, 89-100 Nakło nad Notecią";41003;"gm. Nakło nad Notecią";"nakielski";"kujawsko-pomorskie";1;1;45;246;59;459;75
11;"Nakielski Ośrodek Kultury, ul. Adama Mickiewicza 3, 89-100 Nakło nad Notecią";41003;"gm. Nakło nad Notecią";"nakielski";"kujawsko-pomorskie";1;1;32;191;29;346;44
12;"Niepubliczna Szkoła Podstawowa, Olszewka 22, 89-100 Nakło nad Notecią";41003;"gm. Nakło nad Notecią";"nakielski";"kujawsko-pomorskie";1;1;25;76;29;119;26
13;"Zespół Szkolno-Przedszkolny, Paterek ul. Kcyńska 6a, 89-100 Nakło nad Notecią";41003;"gm. Nakło nad Notecią";"nakielski";"kujawsko-pomorskie";1;1;14;42;4;39;7
14;"Zespół Szkolno-Przedszkolny, Paterek ul. Kcyńska 6a, 89-100 Nakło nad Notecią";41003;"gm. Nakło nad Notecią";"nakielski";"kujawsko-pomorskie";1;1;93;489;92;628;110
15;"Zespół Szkolno-Przedszkolny, Występ ul. Wiejska 1, 89-100 Nakło nad Notecią";41003;"gm. Nakło nad Notecią";"nakielski";"kujawsko-pomorskie";1;1;60;273;95;494;73
16;"Zespół Szkolno-Przedszkolny, ul. Szkolna 4, 89-120 Potulice";41003;"gm. Nakło nad Notecią";"nakielski";"kujawsko-pomorskie";1;1;50;273;86;456;107
17;"Zespół Szkolno-Przedszkolny, ul. Dworcowa 9, 89-121 Ślesin";41003;"gm. Nakło nad Notecią";"nakielski";"kujawsko-pomorskie";1;1;67;279;76;325;60
18;"Zespół Szkolno-Przedszkolny, ul. Dworcowa 9, 89-121 Ślesin";41003;"gm. Nakło nad Notecią";"nakielski";"kujawsko-pomorskie";1;1;7;69;26;45;20
19;"Centrum Ekologiczno-Kulturalne, Trzeciewnica ul. Powstańców Wielkopolskich 25A, 89-100 Nakło nad Notecią";41003;"gm. Nakło nad Notecią";"nakielski";"kujawsko-pomorskie";1;1;24;164;36;157;23
20;"Świetlica wiejska, Chrząstowo 14A, 89-100 Nakło nad Notecią";41003;"gm. Nakło nad Notecią";"nakielski";"kujawsko-pomorskie";1;1;8;47;16;72;13
21;"Komunalne Przedsiębiorstwo Wodociągów i Kanalizacji, ul. Michała Drzymały 4a, 89-100 Nakło nad Notecią";41003;"gm. Nakło nad Notecią";"nakielski";"kujawsko-pomorskie";1;1;9;31;14;50;9
22;"Zespół Szkół, Lubaszcz 11a, 89-100 Nakło nad Notecią";41003;"gm. Nakło nad Notecią";"nakielski";"kujawsko-pomorskie";1;1;3;65;8;61;21
23;"Świetlica wiejska, Polichno 95, 89-100 Nakło nad Notecią";41003;"gm. Nakło nad Notecią";"nakielski";"kujawsko-pomorskie";1;1;19;60;17;84;13
24;"Świetlica wiejska, Rozwarzyn 22, 89-100 Nakło nad Notecią";41003;"gm. Nakło nad Notecią";"nakielski";"kujawsko-pomorskie";1;1;10;50;14;44;8
25;"Świetlica wiejska, Minikowo 26, 89-122 Minikowo";41003;"gm. Nakło nad Notecią";"nakielski";"kujawsko-pomorskie";1;1;16;58;19;93;9
26;"Świetlica wiejska, Suchary 36, 89-100 Nakło nad Notecią";41003;"gm. Nakło nad Notecią";"nakielski";"kujawsko-pomorskie";1;1;16;55;19;93;21
27;"Zespół Szkół Specjalnych, Karnowo 56, 89-100 Nakło nad Notecią";41003;"gm. Nakło nad Notecią";"nakielski";"kujawsko-pomorskie";1;1;33;120;34;156;40
28;"Świetlica wiejska, Małocin 31A, 89-100 Nakło nad Notecią";41003;"gm. Nakło nad Notecią";"nakielski";"kujawsko-pomorskie";1;1;18;59;8;46;12
29;"Zespół Szkolno-Przedszkolny Nr 3, ul. Mrotecka 1A, 89-100 Nakło nad Notecią";41003;"gm. Nakło nad Notecią";"nakielski";"kujawsko-pomorskie";1;1;41;223;45;341;43
30;"Zakład Karny w Potulicach, al. Aleja Parkowa 1, 89-120 Potulice";41003;"gm. Nakło nad Notecią";"nakielski";"kujawsko-pomorskie";1;1;71;98;99;678;60
31;"Nowy Szpital w Nakle i Szubinie sp. z o. o., ul. Adama Mickiewicza 7, 89-100 Nakło nad Notecią";41003;"gm. Nakło nad Notecią";"nakielski";"kujawsko-pomorskie";1;1;0;2;0;2;4
32;"Dom Pomocy Społecznej, ul. Parkowa 8, 89-100 Nakło nad Notecią";41003;"gm. Nakło nad Notecią";"nakielski";"kujawsko-pomorskie";1;1;3;16;2;5;2
1;"Urząd Gminy, ul. Strażacka 11, 89-110 Sadki";41004;"gm. Sadki";"nakielski";"kujawsko-pomorskie";1;1;38;198;45;206;51
2;"Szkoła Podstawowa im. mjra Henryka Sucharskiego w Sadkach, ul. Mickiewicza 1, 89-110 Sadki";41004;"gm. Sadki";"nakielski";"kujawsko-pomorskie";1;1;38;177;50;230;34
3;"Świetlica Wiejska, Samostrzel 29, 89-110 Sadki";41004;"gm. Sadki";"nakielski";"kujawsko-pomorskie";1;1;20;88;19;120;17
4;"Świetlica Wiejska, Bnin 29a, 89-110 Sadki";41004;"gm. Sadki";"nakielski";"kujawsko-pomorskie";1;1;18;137;28;49;13
5;"Świetlica Wiejska, Mrozowo 24, 89-110 Sadki";41004;"gm. Sadki";"nakielski";"kujawsko-pomorskie";1;1;9;109;23;66;17
6;"Świetlica Wiejska, Radzicz 38, 89-110 Sadki";41004;"gm. Sadki";"nakielski";"kujawsko-pomorskie";1;1;16;102;20;101;15
7;"Świetlica Wiejska, Dębionek 33, 89-110 Sadki";41004;"gm. Sadki";"nakielski";"kujawsko-pomorskie";1;1;13;131;26;69;14
8;"Szkoła Podstawowa im. mjra Henryka Sucharskiego w Sadkach-Szkoła Filialna w Dębowie, Dębowo ul. Bohaterów 9, 89-110 Sadki";41004;"gm. Sadki";"nakielski";"kujawsko-pomorskie";1;1;33;169;30;105;21
9;"Świetlica Wiejska, Śmielin ul. Główna 2, 89-110 Sadki";41004;"gm. Sadki";"nakielski";"kujawsko-pomorskie";1;1;32;110;29;147;39
10;"Świetlica Wiejska, Anieliny 45A, 89-110 Sadki";41004;"gm. Sadki";"nakielski";"kujawsko-pomorskie";1;1;15;95;32;62;18
11;"Świetlica Wiejska, Broniewo 27A, 89-110 Sadki";41004;"gm. Sadki";"nakielski";"kujawsko-pomorskie";1;1;12;50;9;43;6
12;"Świetlica Wiejska, Łodzia 26A, 89-110 Sadki";41004;"gm. Sadki";"nakielski";"kujawsko-pomorskie";1;1;13;69;10;43;17
1;"Zespół Szkół, ul. Jana Kochanowskiego 1, 89-200 Szubin";41005;"gm. Szubin";"nakielski";"kujawsko-pomorskie";1;1;43;238;68;299;49
2;"Szkoła Podstawowa Nr 1, ul. gen. Kazimierza Grudzielskiego 21, 89-200 Szubin";41005;"gm. Szubin";"nakielski";"kujawsko-pomorskie";1;1;45;220;68;351;41
3;"Przedszkole Samorządowe Nr 2, ul. gen. Jarosława Dąbrowskiego 16, 89-200 Szubin";41005;"gm. Szubin";"nakielski";"kujawsko-pomorskie";1;1;34;149;34;269;36
4;"Medyk sp. z o. o. Przychodnia, ul. gen. Józefa Bema 6, 89-200 Szubin";41005;"gm. Szubin";"nakielski";"kujawsko-pomorskie";1;1;30;170;56;373;34
5;"Spółdzielnia Mieszkaniowa, ul. gen. Józefa Bema 1, 89-200 Szubin";41005;"gm. Szubin";"nakielski";"kujawsko-pomorskie";1;1;38;133;41;299;42
6;"Szkoła Podstawowa Nr 1, ul. św. Marcina 11, 89-200 Szubin";41005;"gm. Szubin";"nakielski";"kujawsko-pomorskie";1;1;37;132;46;199;26
7;"Szubiński Dom Kultury, ul. Kcyńska 13, 89-200 Szubin";41005;"gm. Szubin";"nakielski";"kujawsko-pomorskie";1;1;34;143;45;223;38
8;"Szkoła Podstawowa Nr 2, ul. Tysiąclecia 1, 89-200 Szubin";41005;"gm. Szubin";"nakielski";"kujawsko-pomorskie";1;1;52;209;69;504;63
9;"Szkoła Podstawowa, Kołaczkowo ul. Szkolna 6, 89-200 Szubin";41005;"gm. Szubin";"nakielski";"kujawsko-pomorskie";1;1;68;262;83;429;63
10;"Świetlica wiejska, Rynarzewo ul. Bydgoska 2, 89-200 Szubin";41005;"gm. Szubin";"nakielski";"kujawsko-pomorskie";1;1;100;390;155;781;109
11;"Świetlica wiejska, Zamość ul. Wierzbowa 1, 89-200 Szubin";41005;"gm. Szubin";"nakielski";"kujawsko-pomorskie";1;1;79;304;106;654;81
12;"Szkoła Podstawowa, Tur ul. Bydgoska 28, 89-200 Szubin";41005;"gm. Szubin";"nakielski";"kujawsko-pomorskie";1;1;38;141;62;240;60
13;"Świetlica wiejska, Samoklęski Duże 19a, 89-200 Szubin";41005;"gm. Szubin";"nakielski";"kujawsko-pomorskie";1;1;54;166;43;130;41
14;"Rejonowa Biblioteka Publiczna, ul. Kcyńska 11, 89-200 Szubin";41005;"gm. Szubin";"nakielski";"kujawsko-pomorskie";1;1;41;184;43;285;42
15;"Świetlica wiejska, Zalesie ul. Szubińska 3, 89-200 Szubin";41005;"gm. Szubin";"nakielski";"kujawsko-pomorskie";1;1;34;176;63;190;32
16;"Świetlica wiejska, Królikowo ul. Chraplewska 1, 89-200 Szubin";41005;"gm. Szubin";"nakielski";"kujawsko-pomorskie";1;1;18;162;23;100;23
17;"Świetlica wiejska, Ciężkowo 10, 89-200 Szubin";41005;"gm. Szubin";"nakielski";"kujawsko-pomorskie";1;1;8;83;15;88;17
18;"Świetlica wiejska, Chomętowo 25, 89-200 Szubin";41005;"gm. Szubin";"nakielski";"kujawsko-pomorskie";1;1;27;217;22;152;27
19;"Szkoła Podstawowa w Kowalewie, Kowalewo ul. Szkolna 5, 89-200 Szubin";41005;"gm. Szubin";"nakielski";"kujawsko-pomorskie";1;1;38;178;70;302;46
20;"Świetlica wiejska, Stary Jarużyn 43a, 89-200 Szubin";41005;"gm. Szubin";"nakielski";"kujawsko-pomorskie";1;1;14;57;7;79;12
21;"Świetlica wiejska, Retkowo 37a, 89-200 Szubin";41005;"gm. Szubin";"nakielski";"kujawsko-pomorskie";1;1;9;49;5;43;2
22;"Świetlica wiejska, Dąbrówka Słupska ul. Akacjowa 3, 89-200 Szubin";41005;"gm. Szubin";"nakielski";"kujawsko-pomorskie";1;1;16;56;20;36;20
23;"Świetlica wiejska, Wąsosz ul. Słoneczna 20, 89-200 Szubin";41005;"gm. Szubin";"nakielski";"kujawsko-pomorskie";1;1;8;78;7;56;8
24;"Nowy Szpital w Nakle i Szubinie sp. z. o. o., ul. Ogrodowa 9, 89-200 Szubin";41005;"gm. Szubin";"nakielski";"kujawsko-pomorskie";1;1;1;5;3;11;3
1;"Miejsko-Gminny Ośrodek Kultury, ul. Sępoleńska 4, 89-430 Kamień Krajeński";41301;"gm. Kamień Krajeński";"sępoleński";"kujawsko-pomorskie";1;1;52;177;44;282;44
2;"Miejsko-Gminny Ośrodek Kultury, ul. Sępoleńska 4, 89-430 Kamień Krajeński";41301;"gm. Kamień Krajeński";"sępoleński";"kujawsko-pomorskie";1;1;33;154;46;182;44
3;"Zespół Szkolno-Przedszkolny Szkoły Podstawowej i Przedszkola Samorządowego, ul. Szkolna 3, 89-430 Kamień Krajeński";41301;"gm. Kamień Krajeński";"sępoleński";"kujawsko-pomorskie";1;1;11;89;20;57;13
4;"Szkoła Podstawowa im. Władysława Broniewskiego, Duża Cerkwica 32, 89-430 Kamień Krajeński";41301;"gm. Kamień Krajeński";"sępoleński";"kujawsko-pomorskie";1;1;25;100;31;75;21
5;"Szkoła Podstawowa, Zamarte ul. Klasztorna 1, 89-430 Kamień Krajeński";41301;"gm. Kamień Krajeński";"sępoleński";"kujawsko-pomorskie";1;1;41;199;49;192;32
6;"Wiejski Dom Kultury, Płocicz 22, 89-430 Kamień Krajeński";41301;"gm. Kamień Krajeński";"sępoleński";"kujawsko-pomorskie";1;1;38;147;38;99;27
7;"Wiejski Dom Kultury, Dąbrówka ul. Główna 7, 89-430 Kamień Krajeński";41301;"gm. Kamień Krajeński";"sępoleński";"kujawsko-pomorskie";1;1;31;128;26;106;36
8;"Świetlica wiejska, Orzełek 23, 89-430 Kamień Krajeński";41301;"gm. Kamień Krajeński";"sępoleński";"kujawsko-pomorskie";1;1;42;94;15;91;29
9;"Świetlica wiejska, Mała Cerkwica 35, 89-430 Kamień Krajeński";41301;"gm. Kamień Krajeński";"sępoleński";"kujawsko-pomorskie";1;1;13;75;18;90;12
10;"Dom Pomocy Społecznej w Kamieniu Krajeńskim, ul. Podgórna 2, 89-430 Kamień Krajeński";41301;"gm. Kamień Krajeński";"sępoleński";"kujawsko-pomorskie";1;1;2;21;1;1;2
1;"Centrum Aktywności Społecznej, ul. Jeziorna 6, 89-400 Sępólno Krajeńskie";41302;"gm. Sępólno Krajeńskie";"sępoleński";"kujawsko-pomorskie";1;1;24;158;29;179;31
2;"Gminne Przedszkole Nr 1 z oddziałami integracyjnymi, ul. Nowy Rynek 2, 89-400 Sępólno Krajeńskie";41302;"gm. Sępólno Krajeńskie";"sępoleński";"kujawsko-pomorskie";1;1;38;159;50;270;40
3;"Szkoła Podstawowa Nr 1, ul. Wojska Polskiego 34, 89-400 Sępólno Krajeńskie";41302;"gm. Sępólno Krajeńskie";"sępoleński";"kujawsko-pomorskie";1;1;19;183;24;249;32
4;"Szkoła Podstawowa Nr 1, ul. Wojska Polskiego 34, 89-400 Sępólno Krajeńskie";41302;"gm. Sępólno Krajeńskie";"sępoleński";"kujawsko-pomorskie";1;1;68;236;79;392;54
5;"Centrum Sportu i Rekreacji, ul. Chojnicka 19, 89-400 Sępólno Krajeńskie";41302;"gm. Sępólno Krajeńskie";"sępoleński";"kujawsko-pomorskie";1;1;39;181;43;315;40
6;"Szkoła Podstawowa Nr 3, ul. Szkolna 1, 89-400 Sępólno Krajeńskie";41302;"gm. Sępólno Krajeńskie";"sępoleński";"kujawsko-pomorskie";1;1;17;158;29;309;29
7;"Ośrodek Pomocy Społecznej, ul. Szkolna 8, 89-400 Sępólno Krajeńskie";41302;"gm. Sępólno Krajeńskie";"sępoleński";"kujawsko-pomorskie";1;1;24;101;27;182;23
8;"Centrum Kultury i Sztuki, ul. Tadeusza Kościuszki 4, 89-400 Sępólno Krajeńskie";41302;"gm. Sępólno Krajeńskie";"sępoleński";"kujawsko-pomorskie";1;1;25;108;25;233;29
9;"Liceum Ogólnokształcące, ul. Młyńska 42, 89-400 Sępólno Krajeńskie";41302;"gm. Sępólno Krajeńskie";"sępoleński";"kujawsko-pomorskie";1;1;17;150;22;206;23
10;"Świetlica wiejska, Świdwie 10, 89-400 Sępólno Krajeńskie";41302;"gm. Sępólno Krajeńskie";"sępoleński";"kujawsko-pomorskie";1;1;21;139;37;90;23
11;"Świetlica wiejska, Radońsk 14, 89-400 Sępólno Krajeńskie";41302;"gm. Sępólno Krajeńskie";"sępoleński";"kujawsko-pomorskie";1;1;24;160;29;172;31
12;"Wiejski Ośrodek Kultury, Lutowo 65, 89-400 Lutowo";41302;"gm. Sępólno Krajeńskie";"sępoleński";"kujawsko-pomorskie";1;1;51;171;43;155;39
13;"Świetlica wiejska, Piaseczno 32, 89-400 Sępólno Krajeńskie";41302;"gm. Sępólno Krajeńskie";"sępoleński";"kujawsko-pomorskie";1;1;31;186;49;249;30
14;"Świetlica wiejska, Skarpa 4, 89-400 Sępólno Krajeńskie";41302;"gm. Sępólno Krajeńskie";"sępoleński";"kujawsko-pomorskie";1;1;27;122;26;90;32
15;"Wiejski Ośrodek Kultury, Wałdowo 20, 89-405 Wałdowo";41302;"gm. Sępólno Krajeńskie";"sępoleński";"kujawsko-pomorskie";1;1;30;184;35;156;27
16;"Świetlica wiejska, Niechorz 20A, 89-400 Sępólno Krajeńskie";41302;"gm. Sępólno Krajeńskie";"sępoleński";"kujawsko-pomorskie";1;1;13;95;24;81;16
17;"Świetlica wiejska, Włościbórz 66, 89-400 Sępólno Krajeńskie";41302;"gm. Sępólno Krajeńskie";"sępoleński";"kujawsko-pomorskie";1;1;33;90;19;57;16
18;"Świetlica wiejska, Komierowo 21, 89-400 Sępólno Krajeńskie";41302;"gm. Sępólno Krajeńskie";"sępoleński";"kujawsko-pomorskie";1;1;15;44;10;43;9
1;"Szkoła Podstawowa w Przepałkowie, Przepałkowo 7, 89-412 Sośno";41303;"gm. Sośno";"sępoleński";"kujawsko-pomorskie";1;1;20;121;28;100;20
2;"Sala wiejska w Wielowiczu, Wielowicz 26, 89-412 Sośno";41303;"gm. Sośno";"sępoleński";"kujawsko-pomorskie";1;1;27;117;25;96;18
3;"Szkoła Podstawowa im. Janusza Korczaka w Sośnie, ul. Kamińskiego 1, 89-412 Sośno";41303;"gm. Sośno";"sępoleński";"kujawsko-pomorskie";1;1;32;161;39;156;36
4;"Szkoła Podstawowa im. Mieczysława Droboszewskiego w Wąwelnie, Wąwelno ul. Szkolna 1, 89-413 Sośno";41303;"gm. Sośno";"sępoleński";"kujawsko-pomorskie";1;1;28;237;37;103;47
5;"Sala Wiejska w Skoraczewie, Skoraczewo 36, 89-413 Sośno";41303;"gm. Sośno";"sępoleński";"kujawsko-pomorskie";1;1;27;115;24;69;13
6;"Sala wiejska w Dziednie, Dziedno 11A, 89-412 Sośno";41303;"gm. Sośno";"sępoleński";"kujawsko-pomorskie";1;1;14;64;12;27;6
7;"Sala wiejska w Rogalinie, Rogalin 40, 89-412 Sośno";41303;"gm. Sośno";"sępoleński";"kujawsko-pomorskie";1;1;13;121;15;54;14
8;"Sala wiejska w Mierucinie, Mierucin 36, 89-413 Sośno";41303;"gm. Sośno";"sępoleński";"kujawsko-pomorskie";1;1;10;80;17;31;11
1;"Przedszkole Gminne Niezapominajka, ul. Gdańska 13, 89-410 Więcbork";41304;"gm. Więcbork";"sępoleński";"kujawsko-pomorskie";1;1;58;261;58;410;38
2;"Szkoła Podstawowa Nr 1 im. Polskich Noblistów, ul. Aleja 600-lecia 4, 89-410 Więcbork";41304;"gm. Więcbork";"sępoleński";"kujawsko-pomorskie";1;1;30;254;36;293;35
3;"Szkoła Podstawowa Nr 2 im. Kornela Makuszyńskiego, ul. Wyzwolenia 19, 89-410 Więcbork";41304;"gm. Więcbork";"sępoleński";"kujawsko-pomorskie";1;1;26;157;33;166;33
4;"Szkoła Podstawowa Nr 2 im. Kornela Makuszyńskiego, ul. Wyzwolenia 19, 89-410 Więcbork";41304;"gm. Więcbork";"sępoleński";"kujawsko-pomorskie";1;1;23;144;29;200;24
5;"Szkoła Podstawowa Nr 1 im. Polskich Noblistów, ul. Aleja 600-lecia 4, 89-410 Więcbork";41304;"gm. Więcbork";"sępoleński";"kujawsko-pomorskie";1;1;36;158;23;163;17
6;"Szkoła Podstawowa im. Marii Konopnickiej, Pęperzyn 33, 89-410 Więcbork";41304;"gm. Więcbork";"sępoleński";"kujawsko-pomorskie";1;1;16;215;34;120;8
7;"Szkoła Podstawowa z Oddziałami Integracyjnymi im. ks. J. Twardowskiego w Jastrzębcu, Jastrzębiec 17, 89-410 Więcbork";41304;"gm. Więcbork";"sępoleński";"kujawsko-pomorskie";1;1;18;77;21;78;18
8;"Szkoła Podstawowa im. E. J. Orzelskich, Runowo Krajeńskie 58, 89-421 Runowo Krajeńskie";41304;"gm. Więcbork";"sępoleński";"kujawsko-pomorskie";1;1;48;289;74;221;54
9;"Świetlica Wiejska, Witunia ul. Wincentego Witosa 13, 89-410 Więcbork";41304;"gm. Więcbork";"sępoleński";"kujawsko-pomorskie";1;1;34;177;58;217;47
10;"Szkoła Podstawowa, Zakrzewek 25, 89-410 Więcbork";41304;"gm. Więcbork";"sępoleński";"kujawsko-pomorskie";1;1;9;97;15;45;14
11;"Szkoła Podstawowa im. Ziemi Krajeńskiej, ul. Szkolna 1, 89-422 Sypniewo";41304;"gm. Więcbork";"sępoleński";"kujawsko-pomorskie";1;1;21;126;32;88;13
12;"OSP, ul. Strażacka 6, 89-422 Sypniewo";41304;"gm. Więcbork";"sępoleński";"kujawsko-pomorskie";1;1;64;175;47;262;43
13;"Świetlica Wiejska, Suchorączek 20, 89-410 Więcbork";41304;"gm. Więcbork";"sępoleński";"kujawsko-pomorskie";1;1;15;53;8;49;7
14;"Świetlica Wiejska, Nowy Dwór 10, 89-410 Więcbork";41304;"gm. Więcbork";"sępoleński";"kujawsko-pomorskie";1;1;6;62;16;56;13
15;"Świetlica Wiejska, Lubcza 15, 89-410 Więcbork";41304;"gm. Więcbork";"sępoleński";"kujawsko-pomorskie";1;1;27;79;20;62;10
16;"Dom Pomocy Społecznej w Suchorączku, Suchorączek 51, 89-410 Więcbork";41304;"gm. Więcbork";"sępoleński";"kujawsko-pomorskie";1;1;1;8;3;1;1
17;"NOVUM-MED sp. z o. o. w Więcborku, ul. Mickiewicza 26, 89-410 Więcbork";41304;"gm. Więcbork";"sępoleński";"kujawsko-pomorskie";1;1;0;12;0;8;0
1;"Szkoła Podstawowa Nr 1, ul. Plac 1 Maja 8, 88-190 Barcin";41901;"gm. Barcin";"żniński";"kujawsko-pomorskie";1;1;56;173;44;324;30
2;"Zespół Szkół, ul. Polna 1, 88-190 Barcin";41901;"gm. Barcin";"żniński";"kujawsko-pomorskie";1;1;45;143;31;369;33
3;"Miejsko-Gminny Ośrodek Pomocy Społecznej, ul. Mogileńska 3, 88-190 Barcin";41901;"gm. Barcin";"żniński";"kujawsko-pomorskie";1;1;20;92;21;179;25
4;"Biblioteka Publiczna Miasta i Gminy Barcin, ul. Wojska Polskiego 4a, 88-190 Barcin";41901;"gm. Barcin";"żniński";"kujawsko-pomorskie";1;1;32;114;18;245;24
5;"Zespół Szkół, ul. Polna 1, 88-190 Barcin";41901;"gm. Barcin";"żniński";"kujawsko-pomorskie";1;1;22;123;25;218;20
6;"Przedszkole Nr 2, ul. Artylerzystów 3, 88-190 Barcin";41901;"gm. Barcin";"żniński";"kujawsko-pomorskie";1;1;30;100;23;236;24
7;"Zespół Szkół, ul. Artylerzystów 13, 88-190 Barcin";41901;"gm. Barcin";"żniński";"kujawsko-pomorskie";1;1;24;108;22;215;28
8;"Zespół Szkół, ul. Artylerzystów 13, 88-190 Barcin";41901;"gm. Barcin";"żniński";"kujawsko-pomorskie";1;1;34;139;13;267;35
9;"Szkoła Podstawowa, ul. 11 Listopada 5, 88-192 Piechcin";41901;"gm. Barcin";"żniński";"kujawsko-pomorskie";1;1;34;119;31;189;33
10;"Szkoła Podstawowa, ul. 11 Listopada 5, 88-192 Piechcin";41901;"gm. Barcin";"żniński";"kujawsko-pomorskie";1;1;32;133;27;220;22
11;"Biblioteka Publiczna Miasta i Gminy Barcin Filia w Piechcinie, ul. 11 Listopada 1c, 88-192 Piechcin";41901;"gm. Barcin";"żniński";"kujawsko-pomorskie";1;1;40;148;53;147;28
12;"Świetlica wiejska, Krotoszyn 61, 88-190 Barcin";41901;"gm. Barcin";"żniński";"kujawsko-pomorskie";1;1;8;76;16;76;19
13;"Świetlica wiejska, Knieja 125, 88-190 Barcin";41901;"gm. Barcin";"żniński";"kujawsko-pomorskie";1;1;18;93;22;121;21
14;"Świetlica wiejska, Barcin-Wieś 106, 88-190 Barcin";41901;"gm. Barcin";"żniński";"kujawsko-pomorskie";1;1;51;145;38;231;32
15;"Szkoła Podstawowa, Mamlicz 72, 88-190 Barcin";41901;"gm. Barcin";"żniński";"kujawsko-pomorskie";1;1;36;115;29;140;24
16;"Świetlica wiejska, Sadłogoszcz 58, 88-192 Piechcin";41901;"gm. Barcin";"żniński";"kujawsko-pomorskie";1;1;16;50;16;95;12
17;"Świetlica wiejska, Młodocin 57, 88-190 Barcin";41901;"gm. Barcin";"żniński";"kujawsko-pomorskie";1;1;10;60;11;41;9
18;"Świetlica wiejska, Wolice 31, 88-190 Barcin";41901;"gm. Barcin";"żniński";"kujawsko-pomorskie";1;1;26;94;36;234;21
19;"Świetlica wiejska, Kania 27, 88-190 Barcin";41901;"gm. Barcin";"żniński";"kujawsko-pomorskie";1;1;28;102;21;91;22
20;"Świetlica wiejska, Złotowo 6, 88-190 Barcin";41901;"gm. Barcin";"żniński";"kujawsko-pomorskie";1;1;19;37;4;51;11
1;"Szkoła Podstawowa, ul. Leszka Białego 6, 88-410 Gąsawa";41902;"gm. Gąsawa";"żniński";"kujawsko-pomorskie";1;1;26;235;43;236;37
2;"Gminny Ośrodek Kultury, ul. Żnińska 19, 88-410 Gąsawa";41902;"gm. Gąsawa";"żniński";"kujawsko-pomorskie";1;1;17;136;35;168;13
3;"Budynek Muzeum Archeologicznego, Biskupin 26, 88-410 Gąsawa";41902;"gm. Gąsawa";"żniński";"kujawsko-pomorskie";1;1;12;69;14;49;19
4;"Świetlica Wiejska, Pniewy 4A, 88-410 Gąsawa";41902;"gm. Gąsawa";"żniński";"kujawsko-pomorskie";1;1;8;70;12;90;17
5;"Szkoła Podstawowa, Laski Wielkie 25, 88-410 Gąsawa";41902;"gm. Gąsawa";"żniński";"kujawsko-pomorskie";1;1;32;170;46;181;22
6;"Oddział Zamiejscowy Szkoły Podstawowej w Gąsawie, Szelejewo 19, 88-410 Gąsawa";41902;"gm. Gąsawa";"żniński";"kujawsko-pomorskie";1;1;35;179;33;112;14
7;"Świetlica Wiejska, Łysinin 31A, 88-410 Gąsawa";41902;"gm. Gąsawa";"żniński";"kujawsko-pomorskie";1;1;18;78;6;76;11
8;"Świetlica Wiejska, Gogółkowo 11A, 88-410 Gąsawa";41902;"gm. Gąsawa";"żniński";"kujawsko-pomorskie";1;1;5;94;20;67;9
9;"Świetlica Wiejska, Godawy 13A, 88-410 Gąsawa";41902;"gm. Gąsawa";"żniński";"kujawsko-pomorskie";1;1;9;95;13;36;9
10;"Świetlica Wiejska, Obudno 30, 88-410 Gąsawa";41902;"gm. Gąsawa";"żniński";"kujawsko-pomorskie";1;1;7;87;14;45;9
1;"Szkoła Podstawowa, ul. Szkolna 8, 88-430 Janowiec Wielkopolski";41903;"gm. Janowiec Wielkopolski";"żniński";"kujawsko-pomorskie";1;1;40;219;41;256;39
2;"Miejsko-Gminny Ośrodek Kultury, ul. Powstańców Wielkopolskich 16, 88-430 Janowiec Wielkopolski";41903;"gm. Janowiec Wielkopolski";"żniński";"kujawsko-pomorskie";1;1;30;207;30;243;42
3;"Miejsko-Gminny Ośrodek Kultury, ul. Powstańców Wielkopolskich 16, 88-430 Janowiec Wielkopolski";41903;"gm. Janowiec Wielkopolski";"żniński";"kujawsko-pomorskie";1;1;5;120;28;118;26
4;"Zespół Szkół Niepublicznych, ul. 3 Maja 30, 88-430 Janowiec Wielkopolski";41903;"gm. Janowiec Wielkopolski";"żniński";"kujawsko-pomorskie";1;1;36;240;53;254;35
5;"Budynek Gminy Janowiec Wielkopolski (Świetlica wiejska), Juncewo 27, 88-430 Janowiec Wielkopolski";41903;"gm. Janowiec Wielkopolski";"żniński";"kujawsko-pomorskie";1;1;15;124;41;100;18
6;"Szkoła Podstawowa, Świątkowo 59, 88-430 Janowiec Wielkopolski";41903;"gm. Janowiec Wielkopolski";"żniński";"kujawsko-pomorskie";1;1;10;126;28;85;14
7;"Szkoła Podstawowa, Żerniki 32, 88-430 Janowiec Wielkopolski";41903;"gm. Janowiec Wielkopolski";"żniński";"kujawsko-pomorskie";1;1;5;59;5;52;8
8;"Szkoła Podstawowa, Żerniki 32, 88-430 Janowiec Wielkopolski";41903;"gm. Janowiec Wielkopolski";"żniński";"kujawsko-pomorskie";1;1;9;66;6;28;4
9;"Biblioteka Publiczna im. Stefanii Popiołek, ul. Gnieźnieńska 3a, 88-430 Janowiec Wielkopolski";41903;"gm. Janowiec Wielkopolski";"żniński";"kujawsko-pomorskie";1;1;10;45;16;66;11
10;"Zespół Szkół Niepublicznych (sala gimnastyczna), ul. 3 Maja 30, 88-430 Janowiec Wielkopolski";41903;"gm. Janowiec Wielkopolski";"żniński";"kujawsko-pomorskie";1;1;12;58;22;69;16
11;"Szkoła Podstawowa (sala gimnastyczna), ul. Szkolna 8, 88-430 Janowiec Wielkopolski";41903;"gm. Janowiec Wielkopolski";"żniński";"kujawsko-pomorskie";1;1;26;103;22;145;24
12;"Budynek Gminy Janowiec Wielkopolski Niepubliczna Szkoła Podstawowa, Sarbinowo Drugie 11, 88-430 Janowiec Wielkopolski";41903;"gm. Janowiec Wielkopolski";"żniński";"kujawsko-pomorskie";1;1;14;117;25;118;20
13;"Budynek Gminy Janowiec Wielkopolski Niepubliczna Szkoła Podstawowa, Laskowo 26, 88-430 Janowiec Wielkopolski";41903;"gm. Janowiec Wielkopolski";"żniński";"kujawsko-pomorskie";1;1;33;109;37;101;27
14;"Świetlica wiejska w Tonowie, Tonowo 39B, 88-430 Janowiec Wielkopolski";41903;"gm. Janowiec Wielkopolski";"żniński";"kujawsko-pomorskie";1;1;10;65;5;32;14
15;"Świetlica wiejska w Brudzyniu, Brudzyń 11, 88-430 Janowiec Wielkopolski";41903;"gm. Janowiec Wielkopolski";"żniński";"kujawsko-pomorskie";1;1;12;78;18;42;24
16;"Dom Pomocy Społecznej w Tonowie, Tonowo 52, 88-430 Janowiec Wielkopolski";41903;"gm. Janowiec Wielkopolski";"żniński";"kujawsko-pomorskie";1;1;1;10;4;5;0
1;"Zespół Szkół w Łabiszynie, ul. Nadnotecka 2, 89-210 Łabiszyn";41904;"gm. Łabiszyn";"żniński";"kujawsko-pomorskie";1;1;34;183;46;281;50
2;"Zespół Szkół w Łabiszynie, ul. Poznańska 12, 89-210 Łabiszyn";41904;"gm. Łabiszyn";"żniński";"kujawsko-pomorskie";1;1;40;215;42;283;57
3;"Zespół Szkół w Łabiszynie, ul. Poznańska 9, 89-210 Łabiszyn";41904;"gm. Łabiszyn";"żniński";"kujawsko-pomorskie";1;1;69;223;47;335;41
4;"Łabiszyński Dom Kultury, ul. Parkowa 1, 89-210 Łabiszyn";41904;"gm. Łabiszyn";"żniński";"kujawsko-pomorskie";1;1;19;115;22;148;12
5;"Zespół Szkół w Lubostroniu, Lubostroń 13A, 89-210 Łabiszyn";41904;"gm. Łabiszyn";"żniński";"kujawsko-pomorskie";1;1;27;163;34;155;38
6;"Świetlica Środowiskowa, Jabłówko 17A, 89-210 Łabiszyn";41904;"gm. Łabiszyn";"żniński";"kujawsko-pomorskie";1;1;14;149;31;83;18
7;"Niepubliczna Szkoła Podstawowa, Nowe Dąbie 56, 89-210 Łabiszyn";41904;"gm. Łabiszyn";"żniński";"kujawsko-pomorskie";1;1;48;188;73;249;46
8;"Świetlica Środowiskowa, Władysławowo 45, 89-210 Łabiszyn";41904;"gm. Łabiszyn";"żniński";"kujawsko-pomorskie";1;1;46;144;56;257;29
9;"Świetlica Środowiskowa, Jeżewo 26A, 89-210 Łabiszyn";41904;"gm. Łabiszyn";"żniński";"kujawsko-pomorskie";1;1;12;67;16;86;13
10;"Szkoła Filialna, Ojrzanowo 40, 89-210 Łabiszyn";41904;"gm. Łabiszyn";"żniński";"kujawsko-pomorskie";1;1;45;127;41;121;29
11;"Świetlica Środowiskowa, Załachowo 14, 89-210 Łabiszyn";41904;"gm. Łabiszyn";"żniński";"kujawsko-pomorskie";1;1;35;125;24;132;23
12;"Łabiszyński Dom Kultury, ul. Parkowa 1, 89-210 Łabiszyn";41904;"gm. Łabiszyn";"żniński";"kujawsko-pomorskie";1;1;19;76;24;97;12
13;"Świetlica Środowiskowa, Smogorzewo 100A, 89-210 Łabiszyn";41904;"gm. Łabiszyn";"żniński";"kujawsko-pomorskie";1;1;14;30;18;54;7
1;"Gminny Dom Kultury w Rogowie, ul. Kościelna 4a, 88-420 Rogowo";41905;"gm. Rogowo";"żniński";"kujawsko-pomorskie";1;1;25;229;42;390;39
2;"Szkoła Podstawowa w Rogowie, ul. Szkolna 7, 88-420 Rogowo";41905;"gm. Rogowo";"żniński";"kujawsko-pomorskie";1;1;22;173;43;302;37
3;"Świetlica Kółka Rolniczego w Czewujewie, Czewujewo 44, 88-420 Rogowo";41905;"gm. Rogowo";"żniński";"kujawsko-pomorskie";1;1;18;179;43;150;25
4;"Świetlica wiejska w Lubczu, Lubcz 22, 88-420 Rogowo";41905;"gm. Rogowo";"żniński";"kujawsko-pomorskie";1;1;16;96;14;90;17
5;"Szkoła Podstawowa z Oddziałami Integracyjnymi w Gościeszynie, Gościeszyn 20, 88-420 Rogowo";41905;"gm. Rogowo";"żniński";"kujawsko-pomorskie";1;1;17;112;20;59;15
6;"Świetlica wiejska w Złotnikach, Złotniki 14, 88-420 Rogowo";41905;"gm. Rogowo";"żniński";"kujawsko-pomorskie";1;1;16;94;16;113;14
7;"Świetlica wiejska w Skórkach, Skórki 12, 88-420 Rogowo";41905;"gm. Rogowo";"żniński";"kujawsko-pomorskie";1;1;6;84;5;58;8
8;"Świetlica wiejska w Mięcierzynie, Mięcierzyn 49A, 88-420 Rogowo";41905;"gm. Rogowo";"żniński";"kujawsko-pomorskie";1;1;19;134;25;105;14
9;"Świetlica wiejska w Cegielni, Cegielnia 23A, 88-420 Rogowo";41905;"gm. Rogowo";"żniński";"kujawsko-pomorskie";1;1;18;113;20;96;20
10;"Świetlica wiejska w Grochowiskach Szlacheckich, Grochowiska Szlacheckie 9A, 88-420 Rogowo";41905;"gm. Rogowo";"żniński";"kujawsko-pomorskie";1;1;18;115;23;69;9
11;"Świetlica wiejska w Niedźwiadach, Niedźwiady 20, 88-420 Rogowo";41905;"gm. Rogowo";"żniński";"kujawsko-pomorskie";1;1;18;101;14;62;8
1;"Szkoła Podstawowa Nr 5, ul. 1 Stycznia 17, 88-400 Żnin";41906;"gm. Żnin";"żniński";"kujawsko-pomorskie";1;1;30;161;41;297;52
2;"Przedszkole Miejskie Nr 1, ul. Browarowa 16, 88-400 Żnin";41906;"gm. Żnin";"żniński";"kujawsko-pomorskie";1;1;26;277;32;308;37
3;"Zespół Szkół Technicznych, ul. Browarowa 14, 88-400 Żnin";41906;"gm. Żnin";"żniński";"kujawsko-pomorskie";1;1;25;228;38;305;32
4;"Spółdzielnia Mieszkaniowa, ul. Kopernika 5A, 88-400 Żnin";41906;"gm. Żnin";"żniński";"kujawsko-pomorskie";1;1;16;162;37;245;24
5;"Szkoła Podstawowa Nr 2, ul. Wandy Pieniężnej 19, 88-400 Żnin";41906;"gm. Żnin";"żniński";"kujawsko-pomorskie";1;1;19;194;27;208;31
6;"Szkoła Podstawowa Nr 2, ul. Wandy Pieniężnej 19, 88-400 Żnin";41906;"gm. Żnin";"żniński";"kujawsko-pomorskie";1;1;38;218;55;342;42
7;"Zespół Szkół Specjalnych, ul. Mickiewicza 32, 88-400 Żnin";41906;"gm. Żnin";"żniński";"kujawsko-pomorskie";1;1;31;220;65;361;51
8;"Zespół Szkół Ekonomiczno-Handlowych, ul. Śniadeckich 18, 88-400 Żnin";41906;"gm. Żnin";"żniński";"kujawsko-pomorskie";1;1;31;185;33;228;35
9;"Szkoła Podstawowa Nr 1, ul. Szkolna 4, 88-400 Żnin";41906;"gm. Żnin";"żniński";"kujawsko-pomorskie";1;1;25;168;26;229;31
10;"Przedszkole Miejskie Nr 2, Budynek A, ul. Klemensa Janickiego 10, 88-400 Żnin";41906;"gm. Żnin";"żniński";"kujawsko-pomorskie";1;1;42;242;56;339;57
11;"Przedszkole Miejskie Nr 2, Budynek B, ul. Jasna 5, 88-400 Żnin";41906;"gm. Żnin";"żniński";"kujawsko-pomorskie";1;1;28;197;49;320;32
12;"Miejski Ośrodek Sportu, ul. Gnieźnieńska 7, 88-400 Żnin";41906;"gm. Żnin";"żniński";"kujawsko-pomorskie";1;1;60;239;78;367;45
13;"Budynek Gminy Żnin, Niepubliczna Szkoła Podstawowa, Gorzyce 60, 88-400 Żnin";41906;"gm. Żnin";"żniński";"kujawsko-pomorskie";1;1;41;208;46;136;34
14;"Budynek Gminy Żnin (świetlica wiejska), Brzyskorzystewko 10, 88-400 Żnin";41906;"gm. Żnin";"żniński";"kujawsko-pomorskie";1;1;14;179;32;115;17
15;"Miejska i Powiatowa Biblioteka Publiczna, ul. Sienkiewicza 4, 88-400 Żnin";41906;"gm. Żnin";"żniński";"kujawsko-pomorskie";1;1;32;217;27;149;43
16;"Szkoła Podstawowa, Januszkowo 20, 88-400 Żnin";41906;"gm. Żnin";"żniński";"kujawsko-pomorskie";1;1;41;295;89;216;47
17;"Budynek Gminy Żnin (świetlica wiejska), Jadowniki Rycerskie 18A, 88-400 Żnin";41906;"gm. Żnin";"żniński";"kujawsko-pomorskie";1;1;29;183;31;160;29
18;"Budynek Gminy Żnin (świetlica wiejska), Podgórzyn 5, 88-400 Żnin";41906;"gm. Żnin";"żniński";"kujawsko-pomorskie";1;1;30;138;25;134;17
19;"I Liceum Ogólnokształcące, ul. Sienkiewicza 1, 88-400 Żnin";41906;"gm. Żnin";"żniński";"kujawsko-pomorskie";1;1;7;52;18;35;3
20;"Budynek Gminy Żnin (świetlica wiejska), Cerekwica 6B, 88-400 Żnin";41906;"gm. Żnin";"żniński";"kujawsko-pomorskie";1;1;24;251;33;197;22
21;"Szkoła Podstawowa, Słębowo 1, 88-400 Żnin";41906;"gm. Żnin";"żniński";"kujawsko-pomorskie";1;1;37;252;46;162;34
22;"Budynek Gminy Żnin, Niepubliczna Szkoła Podstawowa, Brzyskorzystew 61A, 88-400 Żnin";41906;"gm. Żnin";"żniński";"kujawsko-pomorskie";1;1;15;68;14;56;14
23;"Budynek Gminy Żnin (świetlica wiejska), Białożewin 7, 88-400 Żnin";41906;"gm. Żnin";"żniński";"kujawsko-pomorskie";1;1;17;134;26;86;11
24;"Budynek Gminy Żnin, Niepubliczna Szkoła Podstawowa, Bożejewice 22, 88-400 Żnin";41906;"gm. Żnin";"żniński";"kujawsko-pomorskie";1;1;31;159;39;169;23
25;"Świetlica wiejska, Wenecja 26, 88-400 Żnin";41906;"gm. Żnin";"żniński";"kujawsko-pomorskie";1;1;12;81;16;111;6
26;"Pałuckie Centrum Zdrowia sp. z o. o. w Żninie, ul. Szpitalna 30, 88-400 Żnin";41906;"gm. Żnin";"żniński";"kujawsko-pomorskie";1;1;1;17;2;13;3
27;"Dom Pomocy Społecznej w Podobowicach, Podobowice 49, 88-400 Żnin";41906;"gm. Żnin";"żniński";"kujawsko-pomorskie";1;1;1;32;2;11;4
