"TERYT Powiatu";"Powiat";"Województwo";"Liczba komisji";"Liczba uwzględnionych komisji";"WOJCIECHOWSKI Mateusz Sławomir - KW BEZPARTYJNI SAMORZĄDOWCY";"WOJTCZAK Anna Danuta - KW BEZPARTYJNI SAMORZĄDOWCY";"CISZAK Mariusz - KW BEZPARTYJNI SAMORZĄDOWCY";"BARYŁA Ewa Franciszka - KW BEZPARTYJNI SAMORZĄDOWCY";"PRENTCZYŃSKI Sławomir Piotr - KW BEZPARTYJNI SAMORZĄDOWCY";"KANABUS-KOSZAL Ewa - KW BEZPARTYJNI SAMORZĄDOWCY";"WOJEWODA Katarzyna - KW BEZPARTYJNI SAMORZĄDOWCY";"FILIPIAK Artur - KW BEZPARTYJNI SAMORZĄDOWCY";"MĄDRA-MAKOWSKA Lidia - KW BEZPARTYJNI SAMORZĄDOWCY";"RAJEWICZ Zygmunt Władysław - KW BEZPARTYJNI SAMORZĄDOWCY";"WEBER Dorota Izabela - KW BEZPARTYJNI SAMORZĄDOWCY";"MILISZEWSKA Edyta Kinga - KW BEZPARTYJNI SAMORZĄDOWCY";"BUGAJ Agata - KW BEZPARTYJNI SAMORZĄDOWCY";"GĄSIOROWSKI Tomasz Michał - KW BEZPARTYJNI SAMORZĄDOWCY";"BIESIEDIN Waldemar Marcin - KW BEZPARTYJNI SAMORZĄDOWCY";"DURKIEWICZ Konrad Tadeusz - KW BEZPARTYJNI SAMORZĄDOWCY";"AUGUSTYNIAK Damian Marek - KW BEZPARTYJNI SAMORZĄDOWCY";"SIWIŃSKA Maria - KW BEZPARTYJNI SAMORZĄDOWCY";"HENNIG-KLOSKA Paulina - KKW TRZECIA DROGA PSL-PL2050 SZYMONA HOŁOWNI";"PYRZYK Michał - KKW TRZECIA DROGA PSL-PL2050 SZYMONA HOŁOWNI";"ADAMÓW Paweł Grzegorz - KKW TRZECIA DROGA PSL-PL2050 SZYMONA HOŁOWNI";"SEŃKO Mariusz Krzysztof - KKW TRZECIA DROGA PSL-PL2050 SZYMONA HOŁOWNI";"MUSIAŁOWSKI Mariusz - KKW TRZECIA DROGA PSL-PL2050 SZYMONA HOŁOWNI";"CZAJKOWSKI Krzysztof Grzegorz - KKW TRZECIA DROGA PSL-PL2050 SZYMONA HOŁOWNI";"ŁECHTAŃSKA Agnieszka - KKW TRZECIA DROGA PSL-PL2050 SZYMONA HOŁOWNI";"STAJKOWSKA Izabela - KKW TRZECIA DROGA PSL-PL2050 SZYMONA HOŁOWNI";"WASIELEWSKA Emilia - KKW TRZECIA DROGA PSL-PL2050 SZYMONA HOŁOWNI";"SROKA Paulina Katarzyna - KKW TRZECIA DROGA PSL-PL2050 SZYMONA HOŁOWNI";"KŁOPOT-WARTECKA Aneta Daria - KKW TRZECIA DROGA PSL-PL2050 SZYMONA HOŁOWNI";"ELTMAN Jakub - KKW TRZECIA DROGA PSL-PL2050 SZYMONA HOŁOWNI";"GAWRECKI Bartłomiej Mikołaj - KKW TRZECIA DROGA PSL-PL2050 SZYMONA HOŁOWNI";"STĘPA Teodor - KKW TRZECIA DROGA PSL-PL2050 SZYMONA HOŁOWNI";"TOMCZAK Michał Bartłomiej - KKW TRZECIA DROGA PSL-PL2050 SZYMONA HOŁOWNI";"BERLIK Jerzy Andrzej - KKW TRZECIA DROGA PSL-PL2050 SZYMONA HOŁOWNI";"MATUSZEWSKA Tatiana Maria - KKW TRZECIA DROGA PSL-PL2050 SZYMONA HOŁOWNI";"GAJDA Robert Marek - KKW TRZECIA DROGA PSL-PL2050 SZYMONA HOŁOWNI";"TOMASZEWSKI Tadeusz - KW NOWA LEWICA";"KASPRZAK-BARTKOWIAK Kamila - KW NOWA LEWICA";"CZERNIEJEWSKI Piotr - KW NOWA LEWICA";"MACIEJEWSKA Joanna Maria - KW NOWA LEWICA";"DZIAMARA Łukasz - KW NOWA LEWICA";"WNUK Andrzej Jacek - KW NOWA LEWICA";"NOWAK Tomasz Andrzej - KW NOWA LEWICA";"KUBICKA-SZTUL Krystyna - KW NOWA LEWICA";"ŁUCZYŃSKI Łukasz - KW NOWA LEWICA";"KOBIELSKA Ewa - KW NOWA LEWICA";"NIEKOCHAŃSKA Agnieszka - KW NOWA LEWICA";"GŁOWACKI Maciej Błażej - KW NOWA LEWICA";"PRZYBYLSKA Sylwia Anna - KW NOWA LEWICA";"JAŚKIEWICZ Marek - KW NOWA LEWICA";"MIEDZIAK Wiktoria - KW NOWA LEWICA";"LEWANDOWSKI Marcin - KW NOWA LEWICA";"MAŃKA Roman - KW NOWA LEWICA";"BĄK Anna - KW NOWA LEWICA";"HOFFMANN Zbigniew Grzegorz - KW PRAWO I SPRAWIEDLIWOŚĆ";"CZARNECKI Witold Wojciech - KW PRAWO I SPRAWIEDLIWOŚĆ";"NIESTRAWSKA Aneta - KW PRAWO I SPRAWIEDLIWOŚĆ";"DOLATA Zbigniew - KW PRAWO I SPRAWIEDLIWOŚĆ";"BARTOSIK Ryszard - KW PRAWO I SPRAWIEDLIWOŚĆ";"ITMAN Zofia Mariola - KW PRAWO I SPRAWIEDLIWOŚĆ";"POPKOWSKI Robert Adam - KW PRAWO I SPRAWIEDLIWOŚĆ";"KAŁUŻNY Dariusz - KW PRAWO I SPRAWIEDLIWOŚĆ";"PIORUN Radomir Tomasz - KW PRAWO I SPRAWIEDLIWOŚĆ";"WOŹNIAK Anna - KW PRAWO I SPRAWIEDLIWOŚĆ";"BARTKOWIAK Jacek Dariusz - KW PRAWO I SPRAWIEDLIWOŚĆ";"WIŚNIEWSKA-ZABŁOCKA Małgorzata - KW PRAWO I SPRAWIEDLIWOŚĆ";"TWARDOWSKA Monika - KW PRAWO I SPRAWIEDLIWOŚĆ";"WOJNA Paweł - KW PRAWO I SPRAWIEDLIWOŚĆ";"KOPEĆ Magdalena - KW PRAWO I SPRAWIEDLIWOŚĆ";"GRABOWSKI Łukasz - KW PRAWO I SPRAWIEDLIWOŚĆ";"SZYKOWNA Anita Aldona - KW PRAWO I SPRAWIEDLIWOŚĆ";"GAWEŁ Robert Kazimierz - KW PRAWO I SPRAWIEDLIWOŚĆ";"BRYŁKA Anna Mirosława - KW KONFEDERACJA WOLNOŚĆ I NIEPODLEGŁOŚĆ";"JÓŹWIAK Maciej - KW KONFEDERACJA WOLNOŚĆ I NIEPODLEGŁOŚĆ";"KOŁODZIEJCZAK Karol Hubert - KW KONFEDERACJA WOLNOŚĆ I NIEPODLEGŁOŚĆ";"TALENT-DOMINIAK Jakub Michał - KW KONFEDERACJA WOLNOŚĆ I NIEPODLEGŁOŚĆ";"KIEŁBOWICZ Andżelika - KW KONFEDERACJA WOLNOŚĆ I NIEPODLEGŁOŚĆ";"SZMYTKA Piotr Paweł - KW KONFEDERACJA WOLNOŚĆ I NIEPODLEGŁOŚĆ";"GRONEK Przemysław Tomasz - KW KONFEDERACJA WOLNOŚĆ I NIEPODLEGŁOŚĆ";"BANASZCZAK Tomasz Przemysław - KW KONFEDERACJA WOLNOŚĆ I NIEPODLEGŁOŚĆ";"WITASIAK Sebastian Paweł - KW KONFEDERACJA WOLNOŚĆ I NIEPODLEGŁOŚĆ";"JANKOWSKI Rafał - KW KONFEDERACJA WOLNOŚĆ I NIEPODLEGŁOŚĆ";"GĄSIOREK Paulina Grażyna - KW KONFEDERACJA WOLNOŚĆ I NIEPODLEGŁOŚĆ";"KIN Zbigniew - KW KONFEDERACJA WOLNOŚĆ I NIEPODLEGŁOŚĆ";"SKITEK Adrianna Katarzyna - KW KONFEDERACJA WOLNOŚĆ I NIEPODLEGŁOŚĆ";"KUJAWSKI Piotr Andrzej - KW KONFEDERACJA WOLNOŚĆ I NIEPODLEGŁOŚĆ";"DOGA Marta Agnieszka - KW KONFEDERACJA WOLNOŚĆ I NIEPODLEGŁOŚĆ";"RUSIN Paweł Rafał - KW KONFEDERACJA WOLNOŚĆ I NIEPODLEGŁOŚĆ";"PAWEŁCZAK Emilia Magdalena - KW KONFEDERACJA WOLNOŚĆ I NIEPODLEGŁOŚĆ";"MATUSZEWSKA Marta - KW KONFEDERACJA WOLNOŚĆ I NIEPODLEGŁOŚĆ";"KOŁODZIEJCZAK Michał - KKW KOALICJA OBYWATELSKA PO .N IPL ZIELONI";"NOWAK Tomasz Piotr - KKW KOALICJA OBYWATELSKA PO .N IPL ZIELONI";"NISZCZAK-SIERADZKA Inez Magdalena - KKW KOALICJA OBYWATELSKA PO .N IPL ZIELONI";"GRUSZCZYŃSKI Piotr Andrzej - KKW KOALICJA OBYWATELSKA PO .N IPL ZIELONI";"POLITAŃSKA Agnieszka Iwona - KKW KOALICJA OBYWATELSKA PO .N IPL ZIELONI";"RYBARSKI Piotr Tadeusz - KKW KOALICJA OBYWATELSKA PO .N IPL ZIELONI";"IWAŃCZUK Ernest Janusz - KKW KOALICJA OBYWATELSKA PO .N IPL ZIELONI";"REZGUI Agata - KKW KOALICJA OBYWATELSKA PO .N IPL ZIELONI";"PILARSKI Ryszard - KKW KOALICJA OBYWATELSKA PO .N IPL ZIELONI";"SARNOWSKA-CZAJKA Beata - KKW KOALICJA OBYWATELSKA PO .N IPL ZIELONI";"PRZYJEMSKI Marek Piotr - KKW KOALICJA OBYWATELSKA PO .N IPL ZIELONI";"MARCHLEWSKA Anna Danuta - KKW KOALICJA OBYWATELSKA PO .N IPL ZIELONI";"LISIECKI Marek Paweł - KKW KOALICJA OBYWATELSKA PO .N IPL ZIELONI";"NOWAK Anna - KKW KOALICJA OBYWATELSKA PO .N IPL ZIELONI";"MŁYNARCZYK Dariusz Janusz - KKW KOALICJA OBYWATELSKA PO .N IPL ZIELONI";"KACZMAREK Paulina Anna - KKW KOALICJA OBYWATELSKA PO .N IPL ZIELONI";"EJMA Marek Leon - KKW KOALICJA OBYWATELSKA PO .N IPL ZIELONI";"LEWANDOWSKI Krzysztof - KKW KOALICJA OBYWATELSKA PO .N IPL ZIELONI";"BĄKOWSKI Marek - KW POLSKA JEST JEDNA";"MAŁYSZ Józef Jerzy - KW POLSKA JEST JEDNA";"PIETROWSKI Szymon - KW POLSKA JEST JEDNA";"SZABELSKA Aneta - KW POLSKA JEST JEDNA";"MAZUR Patrycja Anna - KW POLSKA JEST JEDNA";"OCHOWIAK Jarosław Paweł - KW POLSKA JEST JEDNA";"CHOCIAJ Arkadiusz Krzysztof - KW POLSKA JEST JEDNA";"HENKE Anna Maria - KW POLSKA JEST JEDNA";"BOROWSKI Maciej Przemysław - KW POLSKA JEST JEDNA";"CIEŚLAK Mirosław Józef - KW POLSKA JEST JEDNA";"URBAN Irina - KW POLSKA JEST JEDNA";"KORDUS Maria - KW POLSKA JEST JEDNA";"SÓJKA Szymon - KW POLSKA JEST JEDNA";"TARNAWSKA Elżbieta Maria - KW POLSKA JEST JEDNA";"KLAMECKI Artur Stanisław - KWW RDIP";"NIWIŃSKI Grzegorz Henryk - KWW RDIP";"ZAWADZKA-PŁACZKIEWICZ Ewa Janina - KWW RDIP";"SIWIAK Paweł Hubert - KWW RDIP";"ANDRZEJAK Marcin Łukasz - KWW RDIP";"WOJTKOWIAK Kinga Arleta - KWW RDIP";"PRZYBYLAK Agata Maria - KWW RDIP";"ŁUKASZEWSKI Rafał Stanisław - KWW RDIP";"ANDRZEJEWSKI Grzegorz Antoni - KWW RDIP";"NOWAK Michał - KWW RDIP";"ŁYSIK Katarzyna Anna - KWW RDIP";"TAMBORSKA Natalia Anna - KWW RDIP";"KNAST Wojciech Kazimierz - KWW RDIP"
300300;"gnieźnieński";"wielkopolskie";127;127;348;91;45;66;13;34;69;60;159;14;51;31;85;24;13;11;25;86;11025;691;193;116;247;180;252;390;206;190;56;65;351;39;110;313;120;190;8781;1035;223;299;62;38;63;83;61;178;73;39;233;34;50;207;26;275;5427;1060;350;12148;308;146;115;265;103;444;136;182;262;76;197;812;159;2396;2978;529;471;68;139;113;169;97;56;96;110;39;58;250;64;59;69;143;8365;891;2489;6229;294;73;49;654;153;126;53;61;439;274;28;150;15;159;420;129;59;74;58;15;18;39;18;13;22;13;17;36;99;7;25;14;5;44;26;6;10;19;53;15;96
300900;"kolski";"wielkopolskie";68;68;215;88;34;182;11;16;54;33;25;8;22;16;83;6;4;23;25;63;2188;379;188;258;130;136;130;117;174;102;40;44;39;18;58;10;62;2180;978;327;252;236;67;26;111;47;178;86;70;27;111;41;33;34;67;165;6792;2832;4783;945;1756;168;872;376;1679;653;94;206;110;57;165;165;70;143;2003;228;251;51;78;64;42;44;35;74;37;28;18;25;18;200;27;100;4201;1495;538;50;1333;40;20;42;20;41;11;36;22;141;19;53;23;63;274;40;23;69;25;7;18;20;12;11;4;5;14;19;44;3;66;3;0;5;2;3;6;9;58;12;7
301000;"koniński";"wielkopolskie";111;111;603;116;91;62;29;51;81;100;68;23;47;28;225;33;8;249;41;218;3271;954;1314;405;1434;577;411;173;390;143;63;290;64;36;92;36;123;258;1091;545;946;307;901;27;243;67;38;154;215;19;170;65;44;60;13;259;10147;6300;1173;1690;5481;1096;3336;499;162;2031;253;229;182;92;305;185;193;229;2817;327;424;130;187;146;47;66;41;115;55;57;63;58;44;119;39;136;5851;3892;815;168;179;67;34;80;101;95;44;30;44;217;30;74;640;92;441;174;48;97;54;15;50;38;13;9;8;9;18;20;45;7;11;11;14;4;25;3;2;17;13;10;16
302300;"słupecki";"wielkopolskie";61;61;1172;41;12;15;10;31;189;48;24;9;12;11;21;8;9;12;27;31;1088;5032;75;32;71;48;331;40;59;49;13;21;15;8;39;6;21;34;1012;329;191;121;35;19;38;20;16;110;35;19;66;16;20;25;11;77;4550;1266;295;1441;855;120;439;202;63;305;1504;92;68;37;131;98;539;156;992;179;179;34;51;40;18;49;20;47;20;138;22;16;24;29;9;101;2974;836;680;174;105;23;26;47;430;49;26;23;21;90;11;34;9;59;141;250;24;19;9;6;9;9;9;1;5;2;8;10;24;2;6;5;7;9;3;1;0;12;2;4;16
302500;"średzki";"wielkopolskie";54;54;190;68;23;15;4;20;25;29;29;49;33;10;51;11;6;9;8;57;2516;656;99;69;92;88;150;101;135;115;1129;20;115;148;57;10;767;89;1017;456;110;202;23;231;39;395;30;82;68;37;112;14;80;41;21;164;3833;830;236;1936;266;65;71;159;58;318;97;1970;108;63;147;76;61;117;847;1170;163;25;49;72;36;28;21;38;32;20;15;16;90;22;15;93;4393;713;1853;233;132;63;1634;63;25;54;27;32;32;289;8;140;6;98;295;40;21;32;33;66;7;6;5;5;2;7;7;23;53;11;10;3;3;11;9;4;9;14;45;12;22
302600;"śremski";"wielkopolskie";47;47;179;61;23;42;7;17;22;35;22;16;24;17;54;52;3;12;13;53;3202;355;134;58;102;100;188;113;229;108;74;48;100;1068;71;18;108;84;1261;571;134;227;25;23;53;73;26;120;63;19;107;30;43;101;15;204;3176;508;220;3670;114;53;43;125;49;247;88;129;93;1447;102;52;57;97;1269;269;200;32;65;64;65;36;129;73;35;20;27;21;40;22;27;112;4489;816;1048;415;190;59;61;95;31;595;37;51;33;191;12;71;7;1396;294;35;75;26;31;4;4;17;24;21;6;11;60;15;80;57;11;9;6;13;18;15;35;10;51;8;47
302700;"turecki";"wielkopolskie";66;66;220;121;19;29;287;13;37;51;37;8;42;19;122;13;4;37;37;51;1611;230;207;3458;113;58;185;105;179;90;35;60;28;24;53;13;78;202;545;253;155;1652;201;17;75;26;42;89;64;13;79;29;32;32;20;118;2339;1179;341;294;14675;174;311;672;62;350;121;90;72;54;90;72;92;101;1742;251;257;63;76;76;36;52;31;71;104;34;20;28;30;48;18;110;4346;1218;368;92;110;1481;22;49;40;49;18;26;18;178;377;45;15;70;317;58;32;50;38;9;58;9;9;11;6;10;8;23;44;7;6;3;5;7;12;5;3;14;33;5;13
303000;"wrzesiński";"wielkopolskie";69;69;230;68;37;28;7;34;28;38;43;9;36;39;60;12;21;4;19;45;3249;1688;160;65;152;164;211;211;154;298;69;35;69;32;81;15;118;119;1734;476;221;187;31;400;46;61;23;125;60;242;113;27;35;27;19;125;6447;1157;400;3300;349;66;158;513;66;361;131;145;93;64;626;78;211;205;1498;420;341;31;73;69;46;109;37;59;62;37;39;22;34;39;22;118;4117;620;6485;344;119;24;41;74;41;80;1349;25;46;131;9;54;8;81;255;82;53;45;20;16;13;10;11;8;4;19;14;26;192;3;8;14;6;13;13;27;3;11;9;26;27
306200;"Konin";"wielkopolskie";47;47;179;62;34;30;9;13;31;45;24;9;30;12;172;10;2;37;19;51;2184;319;1397;151;168;200;195;61;242;49;33;363;34;18;39;3;48;98;762;393;1417;183;274;20;494;43;24;75;220;14;67;42;25;37;17;103;4883;2469;366;239;1567;754;2411;135;66;397;80;80;59;37;109;61;60;83;1358;133;154;114;45;53;12;31;21;75;23;20;25;16;13;25;7;52;5326;5014;936;116;144;28;29;52;65;66;23;23;21;153;11;42;185;64;195;68;18;25;21;7;26;14;8;8;4;0;7;21;27;5;6;3;16;6;39;4;4;20;7;5;12
