"Nr komisji";"Siedziba komisji";"TERYT Gminy";"Gmina";"Powiat";"Województwo";"Liczba komisji";"Liczba uwzględnionych komisji";"PAPROCKI Marek Jan - KW NOWA LEWICA";"PUPA Zdzisław Stanisław - KW PRAWO I SPRAWIEDLIWOŚĆ";"ĆWIĘKA Jacek Tomasz - KW KONFEDERACJA WOLNOŚĆ I NIEPODLEGŁOŚĆ"
1;"Dom Sportu i Rekreacji MOSIR, ul. Sportowa 26, 39-200 Dębica";180301;"m. Dębica";"dębicki";"podkarpackie";1;1;514;421;138
2;"Publiczna Szkoła Podstawowa Nr 5, ul. Paderewskiego 4, 39-200 Dębica";180301;"m. Dębica";"dębicki";"podkarpackie";1;1;391;445;178
3;"Przedszkole Miejskie Nr 8, ul. Szkolna 4, 39-200 Dębica";180301;"m. Dębica";"dębicki";"podkarpackie";1;1;443;451;150
4;"Miejskie Przedsiębiorstwo Energetyki Cieplnej Sp. z o. o., ul. Rzeczna 1A, 39-200 Dębica";180301;"m. Dębica";"dębicki";"podkarpackie";1;1;470;700;240
5;"Przedszkole Miejskie Nr 12, ul. Cmentarna 56, 39-200 Dębica";180301;"m. Dębica";"dębicki";"podkarpackie";1;1;321;445;139
6;"Przedszkole Miejskie Nr 9, ul. Sienkiewicza 6B, 39-200 Dębica";180301;"m. Dębica";"dębicki";"podkarpackie";1;1;334;444;138
7;"Szkoła Podstawowa Nr 4, ul. Wyrobka 11, 39-200 Dębica";180301;"m. Dębica";"dębicki";"podkarpackie";1;1;383;462;155
8;"Publiczna Szkoła Podstawowa Nr 9, ul. Grottgera 3, 39-200 Dębica";180301;"m. Dębica";"dębicki";"podkarpackie";1;1;334;533;136
9;"Miejski Zarząd Oświaty w Dębicy, ul. Cmentarna 1, 39-200 Dębica";180301;"m. Dębica";"dębicki";"podkarpackie";1;1;381;440;125
10;"I Liceum Ogólnokształcące, ul. Słowackiego 9, 39-200 Dębica";180301;"m. Dębica";"dębicki";"podkarpackie";1;1;398;463;143
11;"Przedszkole Miejskie Nr 2 Integracyjne, ul. Księdza Konarskiego 14, 39-200 Dębica";180301;"m. Dębica";"dębicki";"podkarpackie";1;1;373;520;135
12;"Publiczna Szkoła Podstawowa Nr 3, ul. Kraszewskiego 37, 39-200 Dębica";180301;"m. Dębica";"dębicki";"podkarpackie";1;1;252;365;79
13;"Przedszkole Miejskie Nr 10, ul. Księdza Kołłątaja 8, 39-200 Dębica";180301;"m. Dębica";"dębicki";"podkarpackie";1;1;309;451;137
14;"Szkoła Podstawowa Nr 10, ul. Huberta Wagnera 4, 39-200 Dębica";180301;"m. Dębica";"dębicki";"podkarpackie";1;1;520;737;289
15;"Szkoła Podstawowa Nr 12, ul. Gajowa 9, 39-200 Dębica";180301;"m. Dębica";"dębicki";"podkarpackie";1;1;604;738;259
16;"Przedszkole Miejskie nr 6, ul. Osiedle Matejki 19, 39-200 Dębica";180301;"m. Dębica";"dębicki";"podkarpackie";1;1;327;422;167
17;"Szkoła Podstawowa Nr 6, ul. Łysogórska 25, 39-200 Dębica";180301;"m. Dębica";"dębicki";"podkarpackie";1;1;444;584;168
18;"Szkoła Podstawowa Nr 2, ul. Ogrodowa 22, 39-200 Dębica";180301;"m. Dębica";"dębicki";"podkarpackie";1;1;641;693;285
19;"Publiczna Szkoła Podstawowa Nr 11 z Oddziałami Integracyjnymi, ul. Szkotnia 14, 39-200 Dębica";180301;"m. Dębica";"dębicki";"podkarpackie";1;1;458;596;184
20;"Zespół Szkół Zawodowych Nr 1, ul. Rzeszowska 78, 39-200 Dębica";180301;"m. Dębica";"dębicki";"podkarpackie";1;1;420;456;144
21;"Szkoła Podstawowa Nr 8, ul. Wielopolska 162, 39-200 Dębica";180301;"m. Dębica";"dębicki";"podkarpackie";1;1;465;826;318
22;"Dom Pomocy Społecznej w Dębicy, ul. 23 Sierpnia 3, 39-200 Dębica";180301;"m. Dębica";"dębicki";"podkarpackie";1;1;7;33;4
23;"Zespół Opieki Zdrowotnej w Dębicy, ul. Krakowska 91, 39-200 Dębica";180301;"m. Dębica";"dębicki";"podkarpackie";1;1;20;58;7
24;"Zakład Karny w Dębicy, ul. Sandomierska 41, 39-200 Dębica";180301;"m. Dębica";"dębicki";"podkarpackie";1;1;146;57;110
1;"Szkoła Podstawowa w Brzostku, ul. Szkolna 13/1, 39-230 Brzostek";180302;"gm. Brzostek";"dębicki";"podkarpackie";1;1;154;461;131
2;"Szkoła Podstawowa w Brzostku, ul. Szkolna 13/2, 39-230 Brzostek";180302;"gm. Brzostek";"dębicki";"podkarpackie";1;1;167;369;97
3;"Dom Ludowy w Kleciach, Klecie 126, 39-230 Brzostek";180302;"gm. Brzostek";"dębicki";"podkarpackie";1;1;71;221;59
4;"Dom Ludowy w Bukowej, Bukowa 114, 39-230 Brzostek";180302;"gm. Brzostek";"dębicki";"podkarpackie";1;1;46;138;49
5;"Dom Ludowy w Opacionce, Opacionka 61, 39-230 Brzostek";180302;"gm. Brzostek";"dębicki";"podkarpackie";1;1;20;163;20
6;"Szkoła Podstawowa w Nawsiu Brzosteckim, Nawsie Brzosteckie 206, 39-230 Brzostek";180302;"gm. Brzostek";"dębicki";"podkarpackie";1;1;65;265;71
7;"Szkoła Podstawowa w Kamienicy Górnej, Kamienica Górna 172, 39-232 Grudna Dolna";180302;"gm. Brzostek";"dębicki";"podkarpackie";1;1;38;286;46
8;"Szkoła Podstawowa w Grudnej Górnej, Grudna Górna 85, 39-232 Grudna Dolna";180302;"gm. Brzostek";"dębicki";"podkarpackie";1;1;25;198;34
9;"Dom Strażaka w Siedliskach-Bogusz, Siedliska-Bogusz 255A, 39-231 Siedliska-Bogusz";180302;"gm. Brzostek";"dębicki";"podkarpackie";1;1;65;318;76
10;"Dom Ludowy w Gorzejowej, Gorzejowa 21, 39-231 Siedliska-Bogusz";180302;"gm. Brzostek";"dębicki";"podkarpackie";1;1;47;258;40
11;"Szkoła Podstawowa w Kamienicy Dolnej, Kamienica Dolna 118, 39-230 Brzostek";180302;"gm. Brzostek";"dębicki";"podkarpackie";1;1;45;201;29
12;"Szkoła Podstawowa w Przeczycy, Przeczyca 84, 39-230 Brzostek";180302;"gm. Brzostek";"dębicki";"podkarpackie";1;1;50;253;60
13;"Dom Ludowy w Głobikówce, Głobikówka 69, 39-232 Grudna Dolna";180302;"gm. Brzostek";"dębicki";"podkarpackie";1;1;19;76;14
14;"Szkoła Podstawowa w Smarżowej, Smarżowa 59, 39-231 Siedliska-Bogusz";180302;"gm. Brzostek";"dębicki";"podkarpackie";1;1;37;250;46
15;"Remiza OSP w Grudnej Dolnej, Grudna Dolna 59, 39-232 Grudna Dolna";180302;"gm. Brzostek";"dębicki";"podkarpackie";1;1;26;153;19
16;"Dom Ludowy w Bączałce, Bączałka 1, 39-232 Grudna Dolna";180302;"gm. Brzostek";"dębicki";"podkarpackie";1;1;18;131;21
17;"Dom Ludowy w Woli Brzosteckiej, Wola Brzostecka 115, 39-230 Brzostek";180302;"gm. Brzostek";"dębicki";"podkarpackie";1;1;36;171;39
18;"Remiza OSP w Januszkowicach, Januszkowice 144, 39-230 Brzostek";180302;"gm. Brzostek";"dębicki";"podkarpackie";1;1;29;299;46
19;"Dom Ludowy w Skurowej, Skurowa 73A, 39-230 Brzostek";180302;"gm. Brzostek";"dębicki";"podkarpackie";1;1;18;149;23
20;"Dom Ludowy w Zawadce Brzosteckiej, Zawadka Brzostecka 67, 39-230 Brzostek";180302;"gm. Brzostek";"dębicki";"podkarpackie";1;1;32;113;29
1;"Publiczna Szkoła Podstawowa Czarna, ul. Konarskiego 23, 39-215 Czarna";180303;"gm. Czarna";"dębicki";"podkarpackie";1;1;155;320;101
2;"Publiczna Szkoła Podstawowa Czarna, ul. Konarskiego 23, 39-215 Czarna";180303;"gm. Czarna";"dębicki";"podkarpackie";1;1;170;331;112
3;"Publiczna Szkoła Podstawowa Czarna, ul. Konarskiego 23, 39-215 Czarna";180303;"gm. Czarna";"dębicki";"podkarpackie";1;1;182;325;86
4;"Wiejskie Centrum Kultury Jaźwiny, Jaźwiny 106B, 39-215 Czarna";180303;"gm. Czarna";"dębicki";"podkarpackie";1;1;36;280;35
5;"Publiczna Szkoła Podstawowa Stara Jastrząbka, Stara Jastrząbka 195, 39-216 Stara Jastrząbka";180303;"gm. Czarna";"dębicki";"podkarpackie";1;1;69;415;83
6;"Dom Kultury Podlesie, Podlesie 46, 39-216 Stara Jastrząbka";180303;"gm. Czarna";"dębicki";"podkarpackie";1;1;19;142;41
7;"Wiejskie Centrum Kultury Przeryty Bór, Przeryty Bór 13A, 39-216 Stara Jastrząbka";180303;"gm. Czarna";"dębicki";"podkarpackie";1;1;21;36;9
8;"Publiczna Szkoła Podstawowa Róża, Róża 69, 39-216 Stara Jastrząbka";180303;"gm. Czarna";"dębicki";"podkarpackie";1;1;103;416;113
9;"Wiejskie Centrum Kultury Borowa, Borowa 112A, 39-215 Czarna";180303;"gm. Czarna";"dębicki";"podkarpackie";1;1;74;270;66
10;"Wiejskie Centrum Kultury Głowaczowa, Głowaczowa 53C, 39-217 Grabiny";180303;"gm. Czarna";"dębicki";"podkarpackie";1;1;102;292;74
11;"Publiczna Szkoła Podstawowa Grabiny, Grabiny 52C, 39-217 Grabiny";180303;"gm. Czarna";"dębicki";"podkarpackie";1;1;294;712;180
12;"Osiedlowe Centrum Kultury Przyborów, Przyborów 141, 39-217 Grabiny";180303;"gm. Czarna";"dębicki";"podkarpackie";1;1;69;169;47
13;"Publiczna Szkoła Podstawowa Chotowa, Chotowa 59A, 39-217 Grabiny";180303;"gm. Czarna";"dębicki";"podkarpackie";1;1;100;238;97
14;"Wiejskie Centrum Kultury Żdżary, Żdżary 72A, 39-215 Czarna";180303;"gm. Czarna";"dębicki";"podkarpackie";1;1;100;321;98
1;"Zespół Szkół w Pustyni, Pustynia 160, 39-200 Dębica";180304;"gm. Dębica";"dębicki";"podkarpackie";1;1;227;491;140
2;"Zespół Szkół w Zawadzie, Zawada 154, 39-200 Dębica";180304;"gm. Dębica";"dębicki";"podkarpackie";1;1;183;428;153
3;"Publiczna Szkoła Podstawowa w Stasiówce, Stasiówka 130, 39-200 Dębica";180304;"gm. Dębica";"dębicki";"podkarpackie";1;1;91;487;106
4;"Publiczna Szkoła Podstawowa w Stobiernej, Stobierna 38, 39-200 Dębica";180304;"gm. Dębica";"dębicki";"podkarpackie";1;1;70;361;87
5;"Publiczna Szkoła Podstawowa w Gumniskach, Gumniska 120, 39-208 Gumniska";180304;"gm. Dębica";"dębicki";"podkarpackie";1;1;113;436;82
6;"Zespół Szkół w Latoszynie, Latoszyn 23, 39-200 Dębica";180304;"gm. Dębica";"dębicki";"podkarpackie";1;1;213;438;176
7;"Publiczna Szkoła Podstawowa w Gumniskach, Gumniska 120, 39-208 Gumniska";180304;"gm. Dębica";"dębicki";"podkarpackie";1;1;55;352;66
8;"Zespół Szkół w Głobikowej, Głobikowa 81, 39-208 Głobikowa";180304;"gm. Dębica";"dębicki";"podkarpackie";1;1;21;224;41
9;"Remiza OSP w Kozłowie, Kozłów 73B, 39-200 Dębica";180304;"gm. Dębica";"dębicki";"podkarpackie";1;1;143;334;105
10;"Zespół Szkół w Podgrodziu, Podgrodzie 56A, 39-200 Dębica";180304;"gm. Dębica";"dębicki";"podkarpackie";1;1;189;576;146
11;"Publiczna Szkoła Podstawowa w Paszczynie, Paszczyna 241, 39-207 Brzeźnica";180304;"gm. Dębica";"dębicki";"podkarpackie";1;1;177;392;135
12;"Zespół Szkół w Pustkowie-Osiedlu, Pustków-Osiedle 34/1, 39-206 Pustków-Osiedle";180304;"gm. Dębica";"dębicki";"podkarpackie";1;1;136;242;80
13;"Zespół Szkół w Pustkowie-Osiedlu, Pustków-Osiedle 34/2, 39-206 Pustków-Osiedle";180304;"gm. Dębica";"dębicki";"podkarpackie";1;1;199;260;63
14;"Dzienny Dom Pobytu dla osób starszych, Kochanówka 30, 39-206 Pustków-Osiedle";180304;"gm. Dębica";"dębicki";"podkarpackie";1;1;33;97;26
15;"Remiza OSP w Pustkowie, Pustków 449, 39-205 Pustków";180304;"gm. Dębica";"dębicki";"podkarpackie";1;1;72;168;49
16;"Zespół Szkół w Pustkowie, Pustków 94/1, 39-205 Pustków";180304;"gm. Dębica";"dębicki";"podkarpackie";1;1;79;267;60
17;"Zespół Szkół w Pustkowie, Pustków 94/2, 39-205 Pustków";180304;"gm. Dębica";"dębicki";"podkarpackie";1;1;135;486;104
18;"Publiczna Szkoła Podstawowa w Nagawczynie, Nagawczyna 109E/1, 39-200 Dębica";180304;"gm. Dębica";"dębicki";"podkarpackie";1;1;272;355;152
19;"Publiczna Szkoła Podstawowa w Nagawczynie, Nagawczyna 109E/2, 39-200 Dębica";180304;"gm. Dębica";"dębicki";"podkarpackie";1;1;173;427;140
20;"Centrum Kultury i Bibliotek Gminy Dębica z/s w Pustkowie-Osiedlu, Pustków-Osiedle 26A, 39-206 Pustków-Osiedle";180304;"gm. Dębica";"dębicki";"podkarpackie";1;1;190;266;102
21;"Publiczna Szkoła Podstawowa w Brzeźnicy, ul. Szkolna 1/1, 39-207 Brzeźnica";180304;"gm. Dębica";"dębicki";"podkarpackie";1;1;151;366;125
22;"Publiczna Szkoła Podstawowa w Brzeźnicy, ul. Szkolna 1/2, 39-207 Brzeźnica";180304;"gm. Dębica";"dębicki";"podkarpackie";1;1;246;332;165
1;"Sala Gimnastyczna w Jodłowej, Jodłowa 4, 39-225 Jodłowa";180305;"gm. Jodłowa";"dębicki";"podkarpackie";1;1;124;390;114
2;"Szkoła Podstawowa Nr 1 im. Ks. Franciszka Blachnickiego w Jodłowej, Jodłowa 5, 39-225 Jodłowa";180305;"gm. Jodłowa";"dębicki";"podkarpackie";1;1;72;351;91
3;"Szkoła Podstawowa Nr 2 im. Marii Konopnickiej w Jodłowej, Jodłowa 347, 39-225 Jodłowa";180305;"gm. Jodłowa";"dębicki";"podkarpackie";1;1;64;305;78
4;"Szkoła Podstawowa Nr 3 im. Zbyszka Cyganiewicza w Jodłowej, Jodłowa 798, 39-225 Jodłowa";180305;"gm. Jodłowa";"dębicki";"podkarpackie";1;1;40;103;45
5;"Szkoła Podstawowa w Dęborzynie, Dęborzyn 25, 39-225 Jodłowa";180305;"gm. Jodłowa";"dębicki";"podkarpackie";1;1;54;339;91
6;"Szkoła Podstawowa im. Partyzantów Armii Krajowej, Dębowa 81, 39-225 Jodłowa";180305;"gm. Jodłowa";"dębicki";"podkarpackie";1;1;35;163;39
1;"Publiczna Szkoła Podstawowa w Pilźnie, ul. Adama Mickiewicza 1, 39-220 Pilzno";180306;"gm. Pilzno";"dębicki";"podkarpackie";1;1;360;894;262
2;"Publiczna Szkoła Podstawowa w Pilźnie, ul. Adama Mickiewicza 1, 39-220 Pilzno";180306;"gm. Pilzno";"dębicki";"podkarpackie";1;1;289;634;80
3;"Remiza Ochotniczej Straży Pożarnej, Bielowy 55B, 39-223 Strzegocice";180306;"gm. Pilzno";"dębicki";"podkarpackie";1;1;29;209;25
4;"Publiczna Szkoła Podstawowa w Strzegocicach, Strzegocice 54, 39-223 Strzegocice";180306;"gm. Pilzno";"dębicki";"podkarpackie";1;1;108;365;99
5;"Publiczna Szkoła Podstawowa w Dobrkowie, Dobrków 68a, 39-220 Pilzno";180306;"gm. Pilzno";"dębicki";"podkarpackie";1;1;123;489;116
6;"Publiczna Szkoła Podstawowa w Dobrkowie, Dobrków 68a, 39-220 Pilzno";180306;"gm. Pilzno";"dębicki";"podkarpackie";1;1;25;112;26
7;"Centrum Edukacji Ekologicznej, Gębiczyna 78, 39-220 Pilzno";180306;"gm. Pilzno";"dębicki";"podkarpackie";1;1;22;145;29
8;"Publiczna Szkoła Podstawowa w Jaworzu Górnym, Jaworze Górne 81B, 39-223 Strzegocice";180306;"gm. Pilzno";"dębicki";"podkarpackie";1;1;38;261;52
9;"Publiczna Szkoła Podstawowa w Lipinach, Lipiny 1, 39-220 Pilzno";180306;"gm. Pilzno";"dębicki";"podkarpackie";1;1;112;571;125
10;"Publiczna Szkoła Podstawowa w Łękach Dolnych, Łęki Dolne 112a, 39-221 Łęki Górne";180306;"gm. Pilzno";"dębicki";"podkarpackie";1;1;176;553;129
11;"Dom Ludowy w Łękach Górnych, Łęki Górne 205 A, 39-221 Łęki Górne";180306;"gm. Pilzno";"dębicki";"podkarpackie";1;1;162;477;127
12;"Publiczna Szkoła Podstawowa w Machowej, Machowa 75, 39-220 Pilzno";180306;"gm. Pilzno";"dębicki";"podkarpackie";1;1;113;224;78
13;"Remiza Ochotniczej Straży Pożarnej, Podlesie 53, 39-221 Łęki Górne";180306;"gm. Pilzno";"dębicki";"podkarpackie";1;1;31;124;19
14;"Publiczna Szkoła Podstawowa w Parkoszu, Parkosz 60, 39-220 Pilzno";180306;"gm. Pilzno";"dębicki";"podkarpackie";1;1;125;374;81
15;"Dom Ludowy w Słotowej, Słotowa 182 B, 39-223 Strzegocice";180306;"gm. Pilzno";"dębicki";"podkarpackie";1;1;60;396;96
16;"Publiczna Szkoła Podstawowa w Zwierniku, Zwiernik 256, 39-223 Łęki Górne";180306;"gm. Pilzno";"dębicki";"podkarpackie";1;1;73;401;95
17;"Dom Pomocy Społecznej w Parkoszu, Parkosz 26, 39-220 Pilzno";180306;"gm. Pilzno";"dębicki";"podkarpackie";1;1;5;17;3
1;"Zespół Szkół w Żyrakowie, Żyraków 77, 39-204 Żyraków";180307;"gm. Żyraków";"dębicki";"podkarpackie";1;1;242;502;225
2;"Centrum Kultury i Promocji w Żyrakowie, Wola Żyrakowska 73A, 39-204 Żyraków";180307;"gm. Żyraków";"dębicki";"podkarpackie";1;1;92;252;94
3;"Zespół Szkół w Bobrowej, Bobrowa 131, 39-203 Nagoszyn";180307;"gm. Żyraków";"dębicki";"podkarpackie";1;1;164;513;137
4;"Szkoła Podstawowa w Korzeniowie, Korzeniów 77A, 39-203 Nagoszyn";180307;"gm. Żyraków";"dębicki";"podkarpackie";1;1;70;249;82
5;"Świetlica Wiejska w Bobrowej Woli, Bobrowa Wola 21, 39-203 Nagoszyn";180307;"gm. Żyraków";"dębicki";"podkarpackie";1;1;37;119;43
6;"Zespół Szkół w Nagoszynie, Nagoszyn 93, 39-203 Nagoszyn";180307;"gm. Żyraków";"dębicki";"podkarpackie";1;1;142;562;124
7;"Szkoła Podstawowa im. Adama Mickiewicza w Mokrem, Mokre 136, 39-209 Zasów";180307;"gm. Żyraków";"dębicki";"podkarpackie";1;1;29;260;50
8;"Szkoła Podstawowa im. Rodziny Łubieńskich w Zasowie, Zasów 207, 39-209 Zasów";180307;"gm. Żyraków";"dębicki";"podkarpackie";1;1;59;313;68
9;"Szkoła Podstawowa im. Stefana Żeromskiego w Wiewiórce, Wiewiórka 122, 39-209 Zasów";180307;"gm. Żyraków";"dębicki";"podkarpackie";1;1;60;363;85
10;"Szkoła Podstawowa im. Stanisława Mroczki w Górze Motycznej, Góra Motyczna 31, 39-204 Żyraków";180307;"gm. Żyraków";"dębicki";"podkarpackie";1;1;117;400;109
11;"Zespół Szkół w Straszęcinie, Straszęcin 115, 39-218 Straszęcin";180307;"gm. Żyraków";"dębicki";"podkarpackie";1;1;312;669;239
12;"Szkoła Podstawowa w Woli Wielkiej, Wola Wielka 31A, 39-218 Straszęcin";180307;"gm. Żyraków";"dębicki";"podkarpackie";1;1;69;258;58
13;"Budynek Kulturalno-Oświatowy w Zawierzbiu, Zawierzbie 62A, 39-204 Żyraków";180307;"gm. Żyraków";"dębicki";"podkarpackie";1;1;200;284;123
14;"Zespół Opieki Zdrowotnej w Dębicy-Oddziały w Straszęcinie, Straszęcin 295, 39-218 Straszęcin";180307;"gm. Żyraków";"dębicki";"podkarpackie";1;1;7;45;10
1;"Samorządowy Ośrodek Kultury w Cmolasie, Cmolas 212a, 36-105 Cmolas";180601;"gm. Cmolas";"kolbuszowski";"podkarpackie";1;1;86;397;123
2;"Szkoła Podstawowa w Cmolasie, Cmolas 269a, 36-105 Cmolas";180601;"gm. Cmolas";"kolbuszowski";"podkarpackie";1;1;185;550;191
3;"Szkoła Podstawowa w Trzęsówce, Trzęsówka 231, 36-106 Trzęsówka";180601;"gm. Cmolas";"kolbuszowski";"podkarpackie";1;1;120;528;116
4;"Centrum Edukacji Ekologicznej ""Puszcza Sandomierska"" w Ostrowach Tuszowskich, Ostrowy Tuszowskie 100a, 36-105 Cmolas";180601;"gm. Cmolas";"kolbuszowski";"podkarpackie";1;1;88;313;74
5;"Szkoła Podstawowa w Ostrowach Baranowskich, Ostrowy Baranowskie 106, 36-105 Cmolas";180601;"gm. Cmolas";"kolbuszowski";"podkarpackie";1;1;34;205;43
6;"Dom Strażaka w Jagodniku, Jagodnik 84b, 36-105 Cmolas";180601;"gm. Cmolas";"kolbuszowski";"podkarpackie";1;1;27;166;41
7;"Dom Strażaka w Hadykówce, Hadykówka 104, 36-105 Cmolas";180601;"gm. Cmolas";"kolbuszowski";"podkarpackie";1;1;38;264;78
8;"Szkoła Podstawowa w Porębach Dymarskich, Poręby Dymarskie 157b, 36-105 Cmolas";180601;"gm. Cmolas";"kolbuszowski";"podkarpackie";1;1;42;268;58
9;"Dom Pomocy Społecznej im. Ks. Wojciecha Borowiusza w Cmolasie, Cmolas 274, 36-105 Cmolas";180601;"gm. Cmolas";"kolbuszowski";"podkarpackie";1;1;0;36;0
1;"Miejski Dom Kultury w Kolbuszowej, ul. Obrońców Pokoju 66, 36-100 Kolbuszowa";180602;"gm. Kolbuszowa";"kolbuszowski";"podkarpackie";1;1;264;425;123
2;"Miejski Dom Kultury w Kolbuszowej, ul. Obrońców Pokoju 66, 36-100 Kolbuszowa";180602;"gm. Kolbuszowa";"kolbuszowski";"podkarpackie";1;1;287;354;117
3;"Zespół Szkół Technicznych w Kolbuszowej, ul. Janka Bytnara 2, 36-100 Kolbuszowa";180602;"gm. Kolbuszowa";"kolbuszowski";"podkarpackie";1;1;236;295;116
4;"Oddział Edukacji Kulturalnej i Regionalnej Miejskiej i Powiatowej Biblioteki Publicznej w Kolbuszowej, ul. Piekarska 17, 36-100 Kolbuszowa";180602;"gm. Kolbuszowa";"kolbuszowski";"podkarpackie";1;1;281;299;108
5;"Oddział Edukacji Kulturalnej i Regionalnej Miejskiej i Powiatowej Biblioteki Publicznej w Kolbuszowej, ul. Piekarska 17, 36-100 Kolbuszowa";180602;"gm. Kolbuszowa";"kolbuszowski";"podkarpackie";1;1;253;269;111
6;"Szkoła Podstawowa Nr 1 w Kolbuszowej, ul. Tadeusza Kościuszki 1, 36-100 Kolbuszowa";180602;"gm. Kolbuszowa";"kolbuszowski";"podkarpackie";1;1;253;371;121
7;"Szkoła Podstawowa Nr 1 w Kolbuszowej, ul. Tadeusza Kościuszki 1, 36-100 Kolbuszowa";180602;"gm. Kolbuszowa";"kolbuszowski";"podkarpackie";1;1;183;273;98
8;"Zespół Szkół Specjalnych w Kolbuszowej Dolnej, Kolbuszowa Dolna ul. Wiejska 90, 36-100 Kolbuszowa";180602;"gm. Kolbuszowa";"kolbuszowski";"podkarpackie";1;1;226;250;112
9;"Szkoła Podstawowa w Zarębkach, Zarębki 73, 36-100 Kolbuszowa";180602;"gm. Kolbuszowa";"kolbuszowski";"podkarpackie";1;1;64;311;72
10;"Dom Ludowy w Weryni, Werynia 105, 36-100 Kolbuszowa";180602;"gm. Kolbuszowa";"kolbuszowski";"podkarpackie";1;1;156;478;136
11;"Filia Miejskiego Domu Kultury w Kolbuszowej Górnej, Kolbuszowa Górna 380, 36-100 Kolbuszowa";180602;"gm. Kolbuszowa";"kolbuszowski";"podkarpackie";1;1;186;515;160
12;"Filia Miejskiego Domu Kultury w Kolbuszowej Górnej, Kolbuszowa Górna 380, 36-100 Kolbuszowa";180602;"gm. Kolbuszowa";"kolbuszowski";"podkarpackie";1;1;156;337;118
13;"Szkoła Podstawowa w Bukowcu, Bukowiec 37, 36-100 Kolbuszowa";180602;"gm. Kolbuszowa";"kolbuszowski";"podkarpackie";1;1;42;129;33
14;"Remiza OSP w Hucie Przedborskiej, Huta Przedborska 19, 36-100 Kolbuszowa";180602;"gm. Kolbuszowa";"kolbuszowski";"podkarpackie";1;1;19;117;24
15;"Budynek byłej Szkoły Podstawowej w Kłapówce, Kłapówka 41, 36-145 Widełka";180602;"gm. Kolbuszowa";"kolbuszowski";"podkarpackie";1;1;22;62;24
16;"Remiza OSP w Porębach Kupieńskich, Poręby Kupieńskie 47, 36-100 Kolbuszowa";180602;"gm. Kolbuszowa";"kolbuszowski";"podkarpackie";1;1;22;89;22
17;"Budynek byłej Szkoły Podstawowej w Świerczowie, Świerczów 39, 36-100 Kolbuszowa";180602;"gm. Kolbuszowa";"kolbuszowski";"podkarpackie";1;1;78;156;50
18;"Szkoła Podstawowa w Widełce, Widełka 191, 36-145 Widełka";180602;"gm. Kolbuszowa";"kolbuszowski";"podkarpackie";1;1;129;352;119
19;"Szkoła Podstawowa w Widełce, Widełka 191, 36-145 Widełka";180602;"gm. Kolbuszowa";"kolbuszowski";"podkarpackie";1;1;97;350;114
20;"Szkoła Podstawowa w Kupnie, Kupno 81, 36-145 Widełka";180602;"gm. Kolbuszowa";"kolbuszowski";"podkarpackie";1;1;111;491;123
21;"Szkoła Podstawowa w Domatkowie, Domatków 198, 36-100 Kolbuszowa";180602;"gm. Kolbuszowa";"kolbuszowski";"podkarpackie";1;1;72;357;88
22;"Szkoła Podstawowa w Przedborzu, Przedbórz 153, 36-100 Kolbuszowa";180602;"gm. Kolbuszowa";"kolbuszowski";"podkarpackie";1;1;54;307;63
23;"Remiza OSP w Nowej Wsi, Nowa Wieś 92, 36-100 Kolbuszowa";180602;"gm. Kolbuszowa";"kolbuszowski";"podkarpackie";1;1;148;166;78
24;"Samodzielny Publiczny Zespół Opieki Zdrowotnej, ul. Grunwaldzka 4, 36-100 Kolbuszowa";180602;"gm. Kolbuszowa";"kolbuszowski";"podkarpackie";1;1;7;32;3
1;"Gminny Ośrodek Kultury w Majdanie Królewskim, ul. Rzeszowska 8, 36-110 Majdan Królewski";180603;"gm. Majdan Królewski";"kolbuszowski";"podkarpackie";1;1;296;824;211
2;"Publiczna Szkoła Podstawowa w Krzątce, Krzątka 27, 36-110 Majdan Królewski";180603;"gm. Majdan Królewski";"kolbuszowski";"podkarpackie";1;1;76;474;116
3;"Publiczna Szkoła Podstawowa w Klatkach, Krzątka 202, 36-110 Majdan Królewski";180603;"gm. Majdan Królewski";"kolbuszowski";"podkarpackie";1;1;13;264;33
4;"Remiza OSP Rusinów, Rusinów 24A, 36-110 Majdan Królewski";180603;"gm. Majdan Królewski";"kolbuszowski";"podkarpackie";1;1;17;92;12
5;"Remiza OSP w Brzostowej Górze, Brzostowa Góra 111A, 36-110 Majdan Królewski";180603;"gm. Majdan Królewski";"kolbuszowski";"podkarpackie";1;1;49;298;76
6;"Publiczna Szkoła Podstawowa w Woli Rusinowskiej, Wola Rusinowska 69, 36-110 Majdan Królewski";180603;"gm. Majdan Królewski";"kolbuszowski";"podkarpackie";1;1;36;360;50
7;"Publiczna Szkoła Podstawowa w Komorowie, Komorów 116, 36-110 Majdan Królewski";180603;"gm. Majdan Królewski";"kolbuszowski";"podkarpackie";1;1;133;407;129
8;"Publiczna Szkoła Podstawowa w Hucie Komorowskiej, Huta Komorowska 102, 36-110 Majdan Królewski";180603;"gm. Majdan Królewski";"kolbuszowski";"podkarpackie";1;1;111;408;122
1;"Urząd Gminy Niwiska, Niwiska 430, 36-147 Niwiska";180604;"gm. Niwiska";"kolbuszowski";"podkarpackie";1;1;133;457;144
2;"Szkoła Podstawowa w Hucinie, Hucina ul. Wspólna 54, 36-147 Niwiska";180604;"gm. Niwiska";"kolbuszowski";"podkarpackie";1;1;46;163;47
3;"Szkoła Podstawowa w Przyłęku, Przyłęk 216, 36-107 Przyłęk";180604;"gm. Niwiska";"kolbuszowski";"podkarpackie";1;1;74;280;67
4;"Szkoła Podstawowa w Kosowach, Kosowy ul. Szkolna 108, 36-147 Przyłęk";180604;"gm. Niwiska";"kolbuszowski";"podkarpackie";1;1;62;276;75
5;"Szkoła Podstawowa w Siedlance, Siedlanka 72, 36-147 Niwiska";180604;"gm. Niwiska";"kolbuszowski";"podkarpackie";1;1;57;276;56
6;"Szkoła Podstawowa w Trześni, Trześń 173, 36-147 Niwiska";180604;"gm. Niwiska";"kolbuszowski";"podkarpackie";1;1;76;173;75
7;"Szkoła Podstawowa w Hucisku, Hucisko 51, 36-147 Niwiska";180604;"gm. Niwiska";"kolbuszowski";"podkarpackie";1;1;38;151;33
8;"Świetlica Wiejska w Leszczach, Leszcze 62A, 36-147 Niwiska";180604;"gm. Niwiska";"kolbuszowski";"podkarpackie";1;1;16;97;30
9;"Świetlica Wiejska w Zapolu, Zapole 24, 36-147 Niwiska";180604;"gm. Niwiska";"kolbuszowski";"podkarpackie";1;1;24;94;23
1;"Urząd Gminy Raniżów (sala kina), rynek Rynek 6, 36-130 Raniżów";180605;"gm. Raniżów";"kolbuszowski";"podkarpackie";1;1;306;708;211
2;"Szkoła Podstawowa w Woli Raniżowskiej, Wola Raniżowska 317, 36-125 Wola Raniżowska";180605;"gm. Raniżów";"kolbuszowski";"podkarpackie";1;1;96;632;125
3;"Szkoła Podstawowa w Mazurach, Mazury 128, 36-130 Raniżów";180605;"gm. Raniżów";"kolbuszowski";"podkarpackie";1;1;52;287;78
4;"Dom Ludowy w Zielonce, Zielonka 93, 36-130 Raniżów";180605;"gm. Raniżów";"kolbuszowski";"podkarpackie";1;1;46;245;34
5;"Dom Ludowy w Staniszewskiem, Staniszewskie 153, 36-130 Raniżów";180605;"gm. Raniżów";"kolbuszowski";"podkarpackie";1;1;42;201;33
6;"Remiza OSP w Korczowiskach, Korczowiska 97, 36-130 Raniżów";180605;"gm. Raniżów";"kolbuszowski";"podkarpackie";1;1;9;87;24
7;"Remiza OSP w Posuchach, Zielonka 161, 36-130 Raniżów";180605;"gm. Raniżów";"kolbuszowski";"podkarpackie";1;1;13;106;19
8;"Środowiskowy Dom Samopomocy w Porębach Wolskich, Wola Raniżowska 586, 36-130 Raniżów";180605;"gm. Raniżów";"kolbuszowski";"podkarpackie";1;1;34;98;25
1;"Samorządowe Centrum Kultury w Dzikowcu, ul. Księdza Stanisława Sudoła 11, 36-122 Dzikowiec";180606;"gm. Dzikowiec";"kolbuszowski";"podkarpackie";1;1;130;410;100
2;"Gminna Biblioteka Publiczna w Dzikowcu Filia w Mechowcu, Mechowiec 87, 36-122 Dzikowiec";180606;"gm. Dzikowiec";"kolbuszowski";"podkarpackie";1;1;41;203;47
3;"Szkoła Podstawowa w Kopciach, Kopcie 77, 36-121 Wilcza Wola";180606;"gm. Dzikowiec";"kolbuszowski";"podkarpackie";1;1;30;320;50
4;"Środowiskowy Dom Samopomocy w Spiach, Wilcza Wola 29A, 36-121 Wilcza Wola";180606;"gm. Dzikowiec";"kolbuszowski";"podkarpackie";1;1;34;237;30
5;"Szkoła Podstawowa im. Jana Pawła II w Wilczej Woli, ul. Rzeszowska 1, 36-121 Wilcza Wola";180606;"gm. Dzikowiec";"kolbuszowski";"podkarpackie";1;1;73;407;80
6;"Szkoła Podstawowa w Lipnicy, Lipnica 279, 36-123 Lipnica";180606;"gm. Dzikowiec";"kolbuszowski";"podkarpackie";1;1;88;312;76
7;"Budynek wielofunkcyjny, Nowy Dzikowiec ul. Świętego Jana Pawła II 28, 36-122 Dzikowiec";180606;"gm. Dzikowiec";"kolbuszowski";"podkarpackie";1;1;40;95;21
1;"Szkoła Podstawowa Nr 12, ul. Wandy 11, 39-300 Mielec";181101;"m. Mielec";"mielecki";"podkarpackie";1;1;158;304;104
2;"Polskie Stowarzyszenie na Rzecz Osób z Niepełnosprawnością Intelektualną Koło w Mielcu, ul. Wojsławska 278, 39-300 Mielec";181101;"m. Mielec";"mielecki";"podkarpackie";1;1;482;589;173
3;"Szkoła Podstawowa Nr 2, ul. Kościuszki 4, 39-300 Mielec";181101;"m. Mielec";"mielecki";"podkarpackie";1;1;525;465;195
4;"Budynek po dawnym AGH, ul. Skłodowskiej-Curie 4, 39-300 Mielec";181101;"m. Mielec";"mielecki";"podkarpackie";1;1;290;222;95
5;"Przedszkole Miejskie Nr 12, ul. Konopnickiej 4, 39-300 Mielec";181101;"m. Mielec";"mielecki";"podkarpackie";1;1;356;352;143
6;"Szkoła Podstawowa Nr 3, ul. Żeromskiego 30, 39-300 Mielec";181101;"m. Mielec";"mielecki";"podkarpackie";1;1;299;312;108
7;"Przedszkole Miejskie Nr 7, ul. Pułaskiego 3, 39-300 Mielec";181101;"m. Mielec";"mielecki";"podkarpackie";1;1;408;393;139
8;"Miejskie Przedsiębiorstwo Gospodarki Komunalnej Sp. z o. o., ul. Wolności 44, 39-300 Mielec";181101;"m. Mielec";"mielecki";"podkarpackie";1;1;811;675;261
9;"Szkoła Podstawowa Nr 1, ul. Kilińskiego 37, 39-300 Mielec";181101;"m. Mielec";"mielecki";"podkarpackie";1;1;770;563;206
10;"Zespół Szkół Ogólnokształcących Nr 1, ul. Tańskiego 3, 39-300 Mielec";181101;"m. Mielec";"mielecki";"podkarpackie";1;1;400;417;108
11;"Przedszkole Miejskie Nr 9, ul. Pisarka 23, 39-300 Mielec";181101;"m. Mielec";"mielecki";"podkarpackie";1;1;498;528;160
12;"Żłobek Miejski Nr 3, ul. Pisarka 9, 39-300 Mielec";181101;"m. Mielec";"mielecki";"podkarpackie";1;1;512;568;168
13;"Przedszkole Miejskie Nr 8, ul. Tańskiego 5, 39-300 Mielec";181101;"m. Mielec";"mielecki";"podkarpackie";1;1;676;537;220
14;"Warsztat Terapii Zajęciowej, ul. Kocjana 15, 39-300 Mielec";181101;"m. Mielec";"mielecki";"podkarpackie";1;1;568;523;155
15;"Szkoła Podstawowa Nr 9, ul. Drzewieckiego 11, 39-300 Mielec";181101;"m. Mielec";"mielecki";"podkarpackie";1;1;376;407;119
16;"Przedszkole Miejskie Nr 6, ul. Księdza Skargi 15, 39-300 Mielec";181101;"m. Mielec";"mielecki";"podkarpackie";1;1;374;369;94
17;"Przedszkole Miejskie Nr 4, ul. Spółdzielcza 2, 39-300 Mielec";181101;"m. Mielec";"mielecki";"podkarpackie";1;1;397;428;115
18;"Szkoła Podstawowa Nr 7, ul. Grunwaldzka 7, 39-300 Mielec";181101;"m. Mielec";"mielecki";"podkarpackie";1;1;310;403;105
19;"Samorządowe Centrum Kultury, ul. Aleja Niepodległości 7, 39-300 Mielec";181101;"m. Mielec";"mielecki";"podkarpackie";1;1;459;438;170
20;"Szkoła Podstawowa Nr 6, ul. Solskiego 8, 39-300 Mielec";181101;"m. Mielec";"mielecki";"podkarpackie";1;1;325;294;104
21;"Szkoła Podstawowa Nr 6 (dawne Gimnazjum Nr 1), ul. Biernackiego 6, 39-300 Mielec";181101;"m. Mielec";"mielecki";"podkarpackie";1;1;450;445;136
22;"Dom Strażaka, ul. Cyranowska 66, 39-300 Mielec";181101;"m. Mielec";"mielecki";"podkarpackie";1;1;233;304;108
23;"Klub Integracji Społecznej MOPS, ul. Pogodna 2, 39-300 Mielec";181101;"m. Mielec";"mielecki";"podkarpackie";1;1;62;76;31
24;"Przedszkole Miejskie Nr 16, ul. Chałubińskiego 1, 39-300 Mielec";181101;"m. Mielec";"mielecki";"podkarpackie";1;1;293;401;141
25;"Żłobek Miejski Nr 7, ul. Botaniczna 6, 39-300 Mielec";181101;"m. Mielec";"mielecki";"podkarpackie";1;1;370;497;155
26;"Szkoła Podstawowa Nr 13, ul. Łąkowa 6, 39-300 Mielec";181101;"m. Mielec";"mielecki";"podkarpackie";1;1;600;587;218
27;"Dom Pomocy Społecznej, ul. Kardynała Wyszyńskiego 16, 39-300 Mielec";181101;"m. Mielec";"mielecki";"podkarpackie";1;1;488;393;200
28;"Powiatowy Zespół Placówek Szkolno-Wychowawczych, ul. Królowej Jadwigi 1, 39-300 Mielec";181101;"m. Mielec";"mielecki";"podkarpackie";1;1;673;374;193
29;"Szkoła Podstawowa Nr 11, ul. Władysława Warneńczyka 2, 39-300 Mielec";181101;"m. Mielec";"mielecki";"podkarpackie";1;1;614;577;210
30;"Przedszkole Miejskie Nr 20, ul. Władysława Warneńczyka 4, 39-300 Mielec";181101;"m. Mielec";"mielecki";"podkarpackie";1;1;566;578;275
31;"Szpital Specjalistyczny im. Edmunda Biernackiego w Mielcu, ul. Żeromskiego 22, 39-300 Mielec";181101;"m. Mielec";"mielecki";"podkarpackie";1;1;39;69;22
32;"Dom Pomocy Społecznej w Mielcu, ul. Kardynała Wyszyńskiego 16, 39-300 Mielec";181101;"m. Mielec";"mielecki";"podkarpackie";1;1;12;43;8
1;"Zespół Szkolno-Przedszkolny w Borowej, Szkoła Podstawowa im. A. Mickiewicza w Borowej, Borowa 248, 39-305 Borowa";181102;"gm. Borowa";"mielecki";"podkarpackie";1;1;256;448;146
2;"Zespół Szkolno-Przedszkolny w Borowej, Przedszkole w Pławie, Pławo 73A, 39-305 Borowa";181102;"gm. Borowa";"mielecki";"podkarpackie";1;1;90;149;58
3;"Budynek szkoły w Woli Pławskiej, Wola Pławska 36, 39-305 Borowa";181102;"gm. Borowa";"mielecki";"podkarpackie";1;1;24;85;9
4;"Niepubliczny Zespół Szkół w Górkach, Górki 29, 39-306 Górki";181102;"gm. Borowa";"mielecki";"podkarpackie";1;1;64;169;48
5;"Budynek szkoły w Glinach Wielkich, Gliny Wielkie 47, 39-305 Borowa";181102;"gm. Borowa";"mielecki";"podkarpackie";1;1;52;96;38
6;"Dom Ludowy w Łysakówku, Łysakówek 62, 39-306 Górki";181102;"gm. Borowa";"mielecki";"podkarpackie";1;1;44;97;21
7;"Zespół Szkół Społecznych w Glinach Małych, Gliny Małe 99, 39-305 Borowa";181102;"gm. Borowa";"mielecki";"podkarpackie";1;1;89;159;71
8;"Dom Strażaka w Surowej, Surowa 44, 39-306 Górki";181102;"gm. Borowa";"mielecki";"podkarpackie";1;1;34;69;23
9;"Dom Wiejsko-Strażacki w Orłowie, Orłów 6A, 39-305 Borowa";181102;"gm. Borowa";"mielecki";"podkarpackie";1;1;39;56;25
10;"Dom Strażaka w Sadkowej Górze, Sadkowa Góra 154, 39-305 Borowa";181102;"gm. Borowa";"mielecki";"podkarpackie";1;1;140;234;47
1;"Szkoła Podstawowa w Czerminie, Czermin 454, 39-304 Czermin";181103;"gm. Czermin";"mielecki";"podkarpackie";1;1;316;588;181
2;"Szkoła Podstawowa w Trzcianie, Trzciana 289, 39-304 Czermin";181103;"gm. Czermin";"mielecki";"podkarpackie";1;1;106;423;136
3;"Szkoła Podstawowa w Brniu Osuchowskim, Breń Osuchowski 64, 39-304 Czermin";181103;"gm. Czermin";"mielecki";"podkarpackie";1;1;53;162;33
4;"Dom Strażaka w Ziempniowie, Ziempniów 95, 39-304 Czermin";181103;"gm. Czermin";"mielecki";"podkarpackie";1;1;42;157;53
5;"Szkoła Podstawowa w Otałęży, Otałęż 15, 39-305 Borowa";181103;"gm. Czermin";"mielecki";"podkarpackie";1;1;52;228;54
6;"Dom Strażaka w Łysakowie, Łysaków 210, 39-304 Czermin";181103;"gm. Czermin";"mielecki";"podkarpackie";1;1;84;267;56
7;"Dom Strażaka w Dąbrówce Osuchowskiej, Dąbrówka Osuchowska 66, 39-304 Czermin";181103;"gm. Czermin";"mielecki";"podkarpackie";1;1;52;133;39
8;"Dom Strażaka w Woli Otałęskiej, Wola Otałęska 20, 39-305 Borowa";181103;"gm. Czermin";"mielecki";"podkarpackie";1;1;47;155;45
9;"Dom Strażaka w Szafranowie, Szafranów 48, 39-304 Czermin";181103;"gm. Czermin";"mielecki";"podkarpackie";1;1;23;88;30
1;"Szkoła Podstawowa w Gawłuszowicach, Gawłuszowice 5, 39-307 Gawłuszowice";181104;"gm. Gawłuszowice";"mielecki";"podkarpackie";1;1;45;164;33
2;"Dom Strażaka w Krzemienicy, Krzemienica 76, 39-307 Gawłuszowice";181104;"gm. Gawłuszowice";"mielecki";"podkarpackie";1;1;27;145;27
3;"Dom Strażaka w Młodochowie, Młodochów 28, 39-307 Gawłuszowice";181104;"gm. Gawłuszowice";"mielecki";"podkarpackie";1;1;36;107;23
4;"Dom Strażaka w Brzyściu, Brzyście 120, 39-307 Gawłuszowice";181104;"gm. Gawłuszowice";"mielecki";"podkarpackie";1;1;31;103;19
5;"Dom Strażaka w Kliszowie, Kliszów 108, 39-307 Gawłuszowice";181104;"gm. Gawłuszowice";"mielecki";"podkarpackie";1;1;80;201;54
6;"Dom Strażaka w Woli Zdakowskiej, Wola Zdakowska 99, 39-307 Gawłuszowice";181104;"gm. Gawłuszowice";"mielecki";"podkarpackie";1;1;55;144;27
7;"Dom Strażaka w Ostrówku, Ostrówek 34A, 39-307 Gawłuszowice";181104;"gm. Gawłuszowice";"mielecki";"podkarpackie";1;1;15;59;13
1;"Zespół Szkół w Trześni, Trześń 87, 39-331 Chorzelów";181105;"gm. Mielec";"mielecki";"podkarpackie";1;1;357;615;139
2;"Samorządowy Ośrodek Kultury i Sportu Gminy Mielec z/s w Chorzelowie, Chorzelów 307, 39-331 Chorzelów";181105;"gm. Mielec";"mielecki";"podkarpackie";1;1;534;710;228
3;"Zespół Szkolno-Przedszkolny w Chrząstowie, Chrząstów 156, 39-331 Chorzelów";181105;"gm. Mielec";"mielecki";"podkarpackie";1;1;150;180;75
4;"Zespół Szkolno-Przedszkolny w Książnicach, Książnice 91, 39-300 Mielec";181105;"gm. Mielec";"mielecki";"podkarpackie";1;1;148;328;88
5;"Zespół Szkół w Podleszanach, Podleszany 127, 39-300 Mielec";181105;"gm. Mielec";"mielecki";"podkarpackie";1;1;300;474;173
6;"Zespół Szkół w Woli Mieleckiej, Wola Mielecka 406, 39-300 Mielec";181105;"gm. Mielec";"mielecki";"podkarpackie";1;1;400;592;216
7;"Zespół Szkolno-Przedszkolny w Rzędzianowicach, Rzędzianowice 186, 39-300 Mielec";181105;"gm. Mielec";"mielecki";"podkarpackie";1;1;238;364;119
8;"Społeczna Szkoła Podstawowa w Złotnikach, Złotniki 61, 39-300 Mielec";181105;"gm. Mielec";"mielecki";"podkarpackie";1;1;220;277;107
9;"Zespół Szkolno-Przedszkolny w Rydzowie, Rydzów 33, 39-300 Mielec";181105;"gm. Mielec";"mielecki";"podkarpackie";1;1;34;141;30
1;"Szkoła Podstawowa w Padwi Narodowej, ul. Jana Pawła II 2, 39-340 Padew Narodowa";181106;"gm. Padew Narodowa";"mielecki";"podkarpackie";1;1;174;428;100
2;"Budynek po byłej szkole filialnej w Zarówniu, Zarównie 43, 39-340 Padew Narodowa";181106;"gm. Padew Narodowa";"mielecki";"podkarpackie";1;1;52;203;34
3;"Budynek wiejski w Piechotach, Piechoty 49A, 39-340 Padew Narodowa";181106;"gm. Padew Narodowa";"mielecki";"podkarpackie";1;1;19;78;11
4;"Budynek wiejski w Babulach, Babule 36A, 39-340 Padew Narodowa";181106;"gm. Padew Narodowa";"mielecki";"podkarpackie";1;1;22;76;15
5;"Budynek wiejski w Rożniatach, Rożniaty 17B, 39-340 Padew Narodowa";181106;"gm. Padew Narodowa";"mielecki";"podkarpackie";1;1;30;134;18
6;"Świetlica wiejska w Przykopie, Przykop 102A, 39-340 Padew Narodowa";181106;"gm. Padew Narodowa";"mielecki";"podkarpackie";1;1;41;90;18
7;"Wiejski Dom Kultury w Wojkowie, Wojków 91A, 39-340 Padew Narodowa";181106;"gm. Padew Narodowa";"mielecki";"podkarpackie";1;1;41;135;24
8;"Budynek wiejski w Domacynach, Domacyny 33, 39-340 Padew Narodowa";181106;"gm. Padew Narodowa";"mielecki";"podkarpackie";1;1;21;78;20
9;"Szkoła Podstawowa w Padwi Narodowej, ul. Jana Pawła II 2, 39-340 Padew Narodowa";181106;"gm. Padew Narodowa";"mielecki";"podkarpackie";1;1;145;365;58
10;"Budynek wiejski w Kębłowie, Kębłów 62B, 39-340 Padew Narodowa";181106;"gm. Padew Narodowa";"mielecki";"podkarpackie";1;1;42;122;29
11;"Dom Wielofunkcyjny w Zadusznikach, Zaduszniki 11A, 39-340 Padew Narodowa";181106;"gm. Padew Narodowa";"mielecki";"podkarpackie";1;1;22;80;9
1;"Budynek Żłobka „Psotna Andzia” w Przecławiu, rynek Rynek 8, 39-320 Przecław";181107;"gm. Przecław";"mielecki";"podkarpackie";1;1;243;477;165
2;"Szkoła Podstawowa w Kiełkowie, Kiełków 57a, 39-320 Przecław";181107;"gm. Przecław";"mielecki";"podkarpackie";1;1;90;254;50
3;"Szkoła Podstawowa w Rzemieniu, Rzemień 257, 39-322 Rzemień";181107;"gm. Przecław";"mielecki";"podkarpackie";1;1;234;384;142
4;"Szkoła Podstawowa w Tuszymie, Tuszyma 482, 39-321 Tuszyma";181107;"gm. Przecław";"mielecki";"podkarpackie";1;1;344;799;202
5;"Szkoła Podstawowa w Łączkach Brzeskich, Łączki Brzeskie 136, 39-320 Przecław";181107;"gm. Przecław";"mielecki";"podkarpackie";1;1;62;416;55
6;"Szkoła Podstawowa w Dobryninie, Dobrynin 217, 39-322 Rzemień";181107;"gm. Przecław";"mielecki";"podkarpackie";1;1;93;335;59
7;"Białoborski Dom Kultury, Biały Bór 139, 39-321 Tuszyma";181107;"gm. Przecław";"mielecki";"podkarpackie";1;1;117;304;51
8;"Dom Ludowy w Podolu, Podole 147, 39-320 Przecław";181107;"gm. Przecław";"mielecki";"podkarpackie";1;1;88;373;77
9;"Budynek Komunalny Stadion-Przecław, ul. Wenecka 10, 39-320 Przecław";181107;"gm. Przecław";"mielecki";"podkarpackie";1;1;46;293;48
10;"Budynek po byłej Szkole Podstawowej w Zaborczu, Zaborcze 57, 39-320 Przecław";181107;"gm. Przecław";"mielecki";"podkarpackie";1;1;31;82;16
11;"Dom Kultury w Wylowie, Wylów 67, 39-320 Przecław";181107;"gm. Przecław";"mielecki";"podkarpackie";1;1;17;87;14
12;"Prywatny Dom Opieki Barbara Markulis, Kiełków 72A, 39-320 Przecław";181107;"gm. Przecław";"mielecki";"podkarpackie";1;1;2;2;0
1;"Szkoła Muzyczna I stopnia w Radomyślu Wielkim, ul. Ogrodowa 1, 39-310 Radomyśl Wielki";181108;"gm. Radomyśl Wielki";"mielecki";"podkarpackie";1;1;265;423;151
2;"Szkoła Podstawowa w Partyni, Partynia 66, 39-310 Partynia";181108;"gm. Radomyśl Wielki";"mielecki";"podkarpackie";1;1;116;395;120
3;"Szkoła Podstawowa w Podborzu, Podborze 101, 39-308 Podborze";181108;"gm. Radomyśl Wielki";"mielecki";"podkarpackie";1;1;48;276;49
4;"Szkoła Podstawowa w Rudzie, Ruda 124, 39-315 Ruda";181108;"gm. Radomyśl Wielki";"mielecki";"podkarpackie";1;1;142;470;116
5;"Szkoła Podstawowa w Dąbrówce Wisłockiej, Dąbrówka Wisłocka 115, 39-315 Dąbrówka Wisłocka";181108;"gm. Radomyśl Wielki";"mielecki";"podkarpackie";1;1;33;263;37
6;"Szkoła Podstawowa w Zdziarcu, Zdziarzec 116, 39-311 Zdziarzec";181108;"gm. Radomyśl Wielki";"mielecki";"podkarpackie";1;1;115;257;66
7;"Szkoła Podstawowa w Dąbiu, Dąbie 100, 39-311 Dąbie";181108;"gm. Radomyśl Wielki";"mielecki";"podkarpackie";1;1;89;237;104
8;"Szkoła Podstawowa w Żarówce, Żarówka 64, 39-312 Żarówka";181108;"gm. Radomyśl Wielki";"mielecki";"podkarpackie";1;1;117;249;68
9;"Szkoła Podstawowa w Janowcu, Janowiec 10, 39-312 Janowiec";181108;"gm. Radomyśl Wielki";"mielecki";"podkarpackie";1;1;74;191;57
10;"Szkoła Podstawowa w Dulczy Wielkiej, ul. ks. Kalinowskiego 212/1, 39-312 Dulcza Wielka";181108;"gm. Radomyśl Wielki";"mielecki";"podkarpackie";1;1;192;483;123
11;"Szkoła Podstawowa w Dulczy Małej, Dulcza Mała 40, 39-310 Dulcza Mała";181108;"gm. Radomyśl Wielki";"mielecki";"podkarpackie";1;1;93;268;40
12;"Agronomówka w Zgórsku, Zgórsko 41, 39-308 Zgórsko";181108;"gm. Radomyśl Wielki";"mielecki";"podkarpackie";1;1;84;137;46
13;"Szkoła Podstawowa w Radomyślu Wielkim, ul. Klonowa 2, 39-310 Radomyśl Wielki";181108;"gm. Radomyśl Wielki";"mielecki";"podkarpackie";1;1;285;497;192
14;"Dom Strażaka w Pniu, Pień 41a, 39-310 Pień";181108;"gm. Radomyśl Wielki";"mielecki";"podkarpackie";1;1;23;114;26
1;"Szkoła Podstawowa w Tuszowie Narodowym, Tuszów Narodowy 231, 39-332 Tuszów Narodowy";181109;"gm. Tuszów Narodowy";"mielecki";"podkarpackie";1;1;166;371;88
2;"Szkoła Podstawowa w Maliniu, Malinie 220, 39-331 Chorzelów";181109;"gm. Tuszów Narodowy";"mielecki";"podkarpackie";1;1;330;567;133
3;"Samorządowe Przedszkole w Ławnicy, Ławnica 118, 39-331 Chorzelów";181109;"gm. Tuszów Narodowy";"mielecki";"podkarpackie";1;1;92;222;78
4;"Szkoła Podstawowa w Borkach Nizińskich, Borki Nizińskie 18, 39-307 Gawłuszowice";181109;"gm. Tuszów Narodowy";"mielecki";"podkarpackie";1;1;70;297;52
5;"Dom Ludowy w Jaślanach, Jaślany 279, 39-332 Tuszów Narodowy";181109;"gm. Tuszów Narodowy";"mielecki";"podkarpackie";1;1;125;549;100
6;"Szkoła Podstawowa w Czajkowej, Czajkowa 60, 39-332 Tuszów Narodowy";181109;"gm. Tuszów Narodowy";"mielecki";"podkarpackie";1;1;58;227;54
7;"Dom Strażaka w Sarnowie, Sarnów 43, 39-333 Sarnów";181109;"gm. Tuszów Narodowy";"mielecki";"podkarpackie";1;1;40;256;47
8;"Gminny Ośrodek Kultury w Grochowem, Grochowe 87, 39-332 Tuszów Narodowy";181109;"gm. Tuszów Narodowy";"mielecki";"podkarpackie";1;1;142;370;78
1;"Zespół Szkolno-Przedszkolny w Wadowicach Górnych, Wadowice Górne 111, 39-308 Wadowice Górne";181110;"gm. Wadowice Górne";"mielecki";"podkarpackie";1;1;181;461;252
2;"Filia Gminnej Biblioteki Publicznej w Wadowicach Górnych, Wola Wadowska 44, 39-308 Wadowice Górne";181110;"gm. Wadowice Górne";"mielecki";"podkarpackie";1;1;39;280;46
3;"Szkoła Podstawowa w Jamach, Jamy 81, 39-308 Wadowice Górne";181110;"gm. Wadowice Górne";"mielecki";"podkarpackie";1;1;76;324;68
4;"Szkoła Podstawowa w Wadowicach Dolnych, Wadowice Dolne 65, 39-308 Wadowice Górne";181110;"gm. Wadowice Górne";"mielecki";"podkarpackie";1;1;89;245;82
5;"Szkoła Podstawowa w Wampierzowie, Wampierzów 81, 39-308 Wadowice Górne";181110;"gm. Wadowice Górne";"mielecki";"podkarpackie";1;1;70;246;88
6;"Szkoła Podstawowa w Izbiskach, Izbiska 71, 39-308 Wadowice Górne";181110;"gm. Wadowice Górne";"mielecki";"podkarpackie";1;1;52;239;45
7;"Dom Ludowy w Piątkowcu, Piątkowiec 50A, 39-308 Wadowice Górne";181110;"gm. Wadowice Górne";"mielecki";"podkarpackie";1;1;75;106;41
8;"Gminny Ośrodek Pomocy Społecznej w Wadowicach Górnych, Zabrnie 85, 39-308 Wadowice Górne";181110;"gm. Wadowice Górne";"mielecki";"podkarpackie";1;1;39;161;43
9;"Dom Strażaka w Grzybowie, Grzybów 18, 39-308 Wadowice Górne";181110;"gm. Wadowice Górne";"mielecki";"podkarpackie";1;1;23;84;21
10;"Dom Strażaka w Kawęczynie, Kawęczyn 35B, 39-308 Wadowice Górne";181110;"gm. Wadowice Górne";"mielecki";"podkarpackie";1;1;58;81;30
11;"Dom Ludowy w Wierzchowinach, Wierzchowiny 21B, 39-308 Wadowice Górne";181110;"gm. Wadowice Górne";"mielecki";"podkarpackie";1;1;36;134;37
1;"Były budynek Zespołu Szkół w Iwierzycach, Iwierzyce 188, 39-124 Iwierzyce";181501;"gm. Iwierzyce";"ropczycko-sędziszowski";"podkarpackie";1;1;108;328;130
2;"Zespół Szkół w Iwierzycach, Szkoła Filialna w Sielcu, Sielec 51 B, 39-120 Sędziszów Małopolski";181501;"gm. Iwierzyce";"ropczycko-sędziszowski";"podkarpackie";1;1;95;232;70
3;"Szkoła Podstawowa w Olchowej, Olchowa 3, 39-127 Będziemyśl";181501;"gm. Iwierzyce";"ropczycko-sędziszowski";"podkarpackie";1;1;205;412;120
4;"Szkoła Podstawowa w Nockowej, Nockowa 1, 39-124 Iwierzyce";181501;"gm. Iwierzyce";"ropczycko-sędziszowski";"podkarpackie";1;1;98;436;154
5;"Szkoła Podstawowa w Nockowej, Szkoła Filialna w Będzienicy, Będzienica 44, 39-124 Iwierzyce";181501;"gm. Iwierzyce";"ropczycko-sędziszowski";"podkarpackie";1;1;26;188;51
6;"Szkoła Podstawowa w Bystrzycy, Szkoła Filialna w Wiśniowej, Wiśniowa 69, 39-124 Iwierzyce";181501;"gm. Iwierzyce";"ropczycko-sędziszowski";"podkarpackie";1;1;35;248;52
7;"Szkoła Podstawowa w Bystrzycy, Bystrzyca 52 A, 39-124 Iwierzyce";181501;"gm. Iwierzyce";"ropczycko-sędziszowski";"podkarpackie";1;1;61;331;70
8;"Dom Strażaka w Olimpowie, Olimpów 57, 39-124 Iwierzyce";181501;"gm. Iwierzyce";"ropczycko-sędziszowski";"podkarpackie";1;1;46;252;49
9;"Szkoła Podstawowa w Wiercanach, Wiercany 73, 39-124 Iwierzyce";181501;"gm. Iwierzyce";"ropczycko-sędziszowski";"podkarpackie";1;1;61;273;76
1;"Dom Strażaka w Ostrowie, Ostrów 224, 39-103 Ostrów";181502;"gm. Ostrów";"ropczycko-sędziszowski";"podkarpackie";1;1;212;518;131
2;"Publiczna Szkoła Podstawowa w Skrzyszowie, Skrzyszów 190, 39-103 Ostrów";181502;"gm. Ostrów";"ropczycko-sędziszowski";"podkarpackie";1;1;110;324;98
3;"Publiczna Szkoła Podstawowa w Woli Ocieckiej, Wola Ociecka 114, 39-104 Ocieka";181502;"gm. Ostrów";"ropczycko-sędziszowski";"podkarpackie";1;1;46;265;59
4;"Publiczna Szkoła Podstawowa w Ociece, Ocieka 352, 39-104 Ocieka";181502;"gm. Ostrów";"ropczycko-sędziszowski";"podkarpackie";1;1;95;487;103
5;"Wiejski Ośrodek Kultury w Bliźnie, Blizna 68, 39-104 Ocieka";181502;"gm. Ostrów";"ropczycko-sędziszowski";"podkarpackie";1;1;25;74;20
6;"Publiczna Szkoła Podstawowa w Kamionce, Kamionka 206, 39-122 Kamionka";181502;"gm. Ostrów";"ropczycko-sędziszowski";"podkarpackie";1;1;77;358;65
7;"Żłobek ""Gwiazdeczka"" w Zdżarach, Zdżary 59, 39-104 Ocieka";181502;"gm. Ostrów";"ropczycko-sędziszowski";"podkarpackie";1;1;18;82;23
8;"Dom Ludowy w Borku Małym, Borek Mały 41, 39-120 Sędziszów Małopolski";181502;"gm. Ostrów";"ropczycko-sędziszowski";"podkarpackie";1;1;28;129;21
9;"Publiczna Szkoła Podstawowa w Kozodrzy, Kozodrza 175, 39-103 Ostrów";181502;"gm. Ostrów";"ropczycko-sędziszowski";"podkarpackie";1;1;66;283;54
1;"Dom Kultury w Brzezówce, Brzezówka 160, 39-102 Lubzina";181503;"gm. Ropczyce";"ropczycko-sędziszowski";"podkarpackie";1;1;97;359;125
2;"Szkoła Podstawowa im. Jana Brzechwy w Lubzinie, Lubzina 188, 39-102 Lubzina";181503;"gm. Ropczyce";"ropczycko-sędziszowski";"podkarpackie";1;1;250;649;213
3;"Dom Strażaka w Łączkach Kucharskich, Łączki Kucharskie 160, 39-106 Łączki Kucharskie";181503;"gm. Ropczyce";"ropczycko-sędziszowski";"podkarpackie";1;1;107;497;90
4;"Dom Strażaka w Okoninie, Okonin 29, 39-100 Ropczyce";181503;"gm. Ropczyce";"ropczycko-sędziszowski";"podkarpackie";1;1;40;156;63
5;"Szkoła Podstawowa im. Baśni Polskiej w Niedźwiadzie Dolnej, Niedźwiada 40, 39-107 Niedźwiada";181503;"gm. Ropczyce";"ropczycko-sędziszowski";"podkarpackie";1;1;51;304;63
6;"Dom Kultury w Niedźwiadzie, Niedźwiada 113, 39-107 Niedźwiada";181503;"gm. Ropczyce";"ropczycko-sędziszowski";"podkarpackie";1;1;65;402;114
7;"Szkoła Podstawowa im. Jana Twardowskiego w Niedźwiadzie Górnej, Niedźwiada 261, 39-107 Niedźwiada";181503;"gm. Ropczyce";"ropczycko-sędziszowski";"podkarpackie";1;1;42;366;86
8;"Szkoła Podstawowa im. Tadeusza Sinki w Małej, Mała 35, 39-107 Niedźwiada";181503;"gm. Ropczyce";"ropczycko-sędziszowski";"podkarpackie";1;1;124;469;79
9;"Zespół Szkół w Gnojnicy Dolnej, Gnojnica 268, 39-105 Gnojnica";181503;"gm. Ropczyce";"ropczycko-sędziszowski";"podkarpackie";1;1;94;453;115
10;"Szkoła Podstawowa im. ppłk. Łukasza Cieplińskiego w Gnojnicy Woli, Gnojnica 504, 39-105 Gnojnica";181503;"gm. Ropczyce";"ropczycko-sędziszowski";"podkarpackie";1;1;45;369;69
11;"Dom Strażaka w Ropczycach, ul. Ogrodnicza 36f, 39-100 Ropczyce";181503;"gm. Ropczyce";"ropczycko-sędziszowski";"podkarpackie";1;1;97;225;84
12;"Dom Strażaka w Ropczycach, ul. Leśna 88, 39-100 Ropczyce";181503;"gm. Ropczyce";"ropczycko-sędziszowski";"podkarpackie";1;1;64;331;75
13;"Środowiskowy Dom Samopomocy w Ropczycach, ul. Stanisława Konarskiego 4, 39-100 Ropczyce";181503;"gm. Ropczyce";"ropczycko-sędziszowski";"podkarpackie";1;1;163;256;94
14;"Zespół Szkół Nr 3 w Ropczycach, ul. Robotnicza 48, 39-100 Ropczyce";181503;"gm. Ropczyce";"ropczycko-sędziszowski";"podkarpackie";1;1;200;421;122
15;"Szkoła Podstawowa im. Jana Pawła II w Ropczycach, ul. 3 Maja 424, 39-100 Ropczyce";181503;"gm. Ropczyce";"ropczycko-sędziszowski";"podkarpackie";1;1;190;585;172
16;"Publiczne Przedszkole nr 3 w Ropczycach, ul. Szkolna 33A, 39-100 Ropczyce";181503;"gm. Ropczyce";"ropczycko-sędziszowski";"podkarpackie";1;1;113;306;77
17;"Dom Kultury w Ropczycach, ul. Majora Henryka Sucharskiego 101, 39-100 Ropczyce";181503;"gm. Ropczyce";"ropczycko-sędziszowski";"podkarpackie";1;1;262;565;171
18;"Szkoła Podstawowa Nr 5 im. Seweryna Udzieli w Ropczycach, ul. Stanisława Konarskiego 4, 39-100 Ropczyce";181503;"gm. Ropczyce";"ropczycko-sędziszowski";"podkarpackie";1;1;312;365;172
19;"Szkoła Podstawowa nr 5 im. Seweryna Udzieli w Ropczycach, ul. Stanisława Konarskiego 4, 39-100 Ropczyce";181503;"gm. Ropczyce";"ropczycko-sędziszowski";"podkarpackie";1;1;118;186;56
20;"Publiczne Przedszkole nr 2 w Ropczycach, ul. Armii Krajowej 6, 39-100 Ropczyce";181503;"gm. Ropczyce";"ropczycko-sędziszowski";"podkarpackie";1;1;262;444;124
21;"Szkoła Podstawowa nr 1 im. Mikołaja Kopernika w Ropczycach, ul. Wyspiańskiego 8, 39-100 Ropczyce";181503;"gm. Ropczyce";"ropczycko-sędziszowski";"podkarpackie";1;1;199;257;139
22;"Centrum Kultury im. Józefa Mehoffera w Ropczycach, ul. Władysława Bursztyna 1, 39-100 Ropczyce";181503;"gm. Ropczyce";"ropczycko-sędziszowski";"podkarpackie";1;1;100;198;61
23;"Miejska i Powiatowa Biblioteka Publiczna w Ropczycach, ul. Grunwaldzka 19, 39-100 Ropczyce";181503;"gm. Ropczyce";"ropczycko-sędziszowski";"podkarpackie";1;1;152;463;288
1;"Liceum Ogólnokształcące w Sędziszowie Małopolskim, ul. Fabryczna 5, 39-120 Sędziszów Małopolski";181504;"gm. Sędziszów Małopolski";"ropczycko-sędziszowski";"podkarpackie";1;1;149;283;108
2;"Szkoła Podstawowa Nr 3 w Sędziszowie Małopolskim, ul. Osiedle Młodych 20, 39-120 Sędziszów Małopolski";181504;"gm. Sędziszów Małopolski";"ropczycko-sędziszowski";"podkarpackie";1;1;172;264;90
3;"Szkoła Podstawowa Nr 3 w Sędziszowie Małopolskim, ul. Osiedle Młodych 20, 39-120 Sędziszów Małopolski";181504;"gm. Sędziszów Małopolski";"ropczycko-sędziszowski";"podkarpackie";1;1;142;252;73
4;"Budynek byłej Szkoły Podstawowej Nr 2 w Sędziszowie Małopolskim, ul. Rynek 9, 39-120 Sędziszów Małopolski";181504;"gm. Sędziszów Małopolski";"ropczycko-sędziszowski";"podkarpackie";1;1;344;459;171
5;"Szkoła Podstawowa Nr 2 w Sędziszowie Małopolskim, ul. ks. Stanisława Maciąga 3, 39-120 Sędziszów Małopolski";181504;"gm. Sędziszów Małopolski";"ropczycko-sędziszowski";"podkarpackie";1;1;213;393;144
6;"Szkoła Podstawowa Nr 2 w Sędziszowie Małopolskim, ul. ks. Stanisława Maciąga 3, 39-120 Sędziszów Małopolski";181504;"gm. Sędziszów Małopolski";"ropczycko-sędziszowski";"podkarpackie";1;1;287;513;156
7;"Szkoła Podstawowa Nr 1 w Sędziszowie Małopolskim, ul. Szkolna 13, 39-120 Sędziszów Małopolski";181504;"gm. Sędziszów Małopolski";"ropczycko-sędziszowski";"podkarpackie";1;1;162;626;157
8;"Szkoła Podstawowa Nr 5 w Sędziszowie Małopolskim, ul. Kawęczyn 70, 39-120 Sędziszów Małopolski";181504;"gm. Sędziszów Małopolski";"ropczycko-sędziszowski";"podkarpackie";1;1;96;328;109
9;"Świetlica przy Przedszkolu w Sędziszowie Małopolskim, ul. Legionów Polskich 17, 39-120 Sędziszów Małopolski";181504;"gm. Sędziszów Małopolski";"ropczycko-sędziszowski";"podkarpackie";1;1;66;248;56
10;"Szkoła Podstawowa Nr 4 w Sędziszowie Małopolskim, ul. Legionów Polskich 162, 39-120 Sędziszów Małopolski";181504;"gm. Sędziszów Małopolski";"ropczycko-sędziszowski";"podkarpackie";1;1;130;447;152
11;"Dom Ludowy w Będziemyślu, Będziemyśl 35, 39-127 Będziemyśl";181504;"gm. Sędziszów Małopolski";"ropczycko-sędziszowski";"podkarpackie";1;1;99;355;91
12;"Szkoła Podstawowa w Boreczku, Boreczek 46, 39-120 Sędziszów Małopolski";181504;"gm. Sędziszów Małopolski";"ropczycko-sędziszowski";"podkarpackie";1;1;32;158;39
13;"Dom Ludowy w Cierpiszu, Cierpisz 33, 39-123 Czarna Sędziszowska";181504;"gm. Sędziszów Małopolski";"ropczycko-sędziszowski";"podkarpackie";1;1;9;84;16
14;"Szkoła Podstawowa w Czarnej Sędziszowskiej, Czarna Sędziszowska 145, 39-123 Czarna Sędziszowska";181504;"gm. Sędziszów Małopolski";"ropczycko-sędziszowski";"podkarpackie";1;1;97;627;137
15;"Szkoła Podstawowa w Górze Ropczyckiej, Góra Ropczycka 2, 39-120 Sędziszów Małopolski";181504;"gm. Sędziszów Małopolski";"ropczycko-sędziszowski";"podkarpackie";1;1;75;441;78
16;"Dom Ludowy w Klęczanach, Klęczany 112, 39-127 Będziemyśl";181504;"gm. Sędziszów Małopolski";"ropczycko-sędziszowski";"podkarpackie";1;1;181;494;157
17;"Szkoła Podstawowa w Krzywej, Krzywa 121, 39-120 Sędziszów Małopolski";181504;"gm. Sędziszów Małopolski";"ropczycko-sędziszowski";"podkarpackie";1;1;111;415;129
18;"Dom Ludowy w Rudzie, Ruda 65, 39-122 Kamionka";181504;"gm. Sędziszów Małopolski";"ropczycko-sędziszowski";"podkarpackie";1;1;14;134;14
19;"Szkoła Podstawowa w Szkodnej, Szkodna 121, 39-126 Zagorzyce";181504;"gm. Sędziszów Małopolski";"ropczycko-sędziszowski";"podkarpackie";1;1;34;329;33
20;"Szkoła Podstawowa w Zagorzycach Dolnych, Zagorzyce 78, 39-126 Zagorzyce";181504;"gm. Sędziszów Małopolski";"ropczycko-sędziszowski";"podkarpackie";1;1;83;727;123
21;"Szkoła Podstawowa w Zagorzycach Górnych, Zagorzyce 175, 39-126 Zagorzyce";181504;"gm. Sędziszów Małopolski";"ropczycko-sędziszowski";"podkarpackie";1;1;45;689;101
22;"Dom Pomocy Społecznej w Rudzie, Ruda 102, 39-122 Kamionka";181504;"gm. Sędziszów Małopolski";"ropczycko-sędziszowski";"podkarpackie";1;1;3;38;1
23;"Szpital Powiatowy w Sędziszowie Małopolskim, Oddział Chorób Wewnętrznych, ul. Wyspiańskiego 14, 39-120 Sędziszów Małopolski";181504;"gm. Sędziszów Małopolski";"ropczycko-sędziszowski";"podkarpackie";1;1;10;18;3
1;"Filia GOKiW w Broniszowie, Broniszów 79, 39-106 Łączki Kucharskie";181505;"gm. Wielopole Skrzyńskie";"ropczycko-sędziszowski";"podkarpackie";1;1;47;343;48
2;"Budynek wielofunkcyjny w Gliniku, Glinik 133, 39-106 Łączki Kucharskie";181505;"gm. Wielopole Skrzyńskie";"ropczycko-sędziszowski";"podkarpackie";1;1;87;650;95
3;"GOKiW w Wielopolu Skrzyńskim, Wielopole Skrzyńskie 202, 39-110 Wielopole Skrzyńskie";181505;"gm. Wielopole Skrzyńskie";"ropczycko-sędziszowski";"podkarpackie";1;1;210;681;166
4;"Filia GOKiW w Brzezinach, Brzeziny 168, 39-111 Brzeziny";181505;"gm. Wielopole Skrzyńskie";"ropczycko-sędziszowski";"podkarpackie";1;1;145;810;141
5;"Filia GOKiW w Nawsiu, Nawsie 304, 39-110 Wielopole Skrzyńskie";181505;"gm. Wielopole Skrzyńskie";"ropczycko-sędziszowski";"podkarpackie";1;1;68;541;96
1;"Urząd Gminy w Czudcu-Sala Widowiskowa, ul. Starowiejska 6, 38-120 Czudec";181901;"gm. Czudec";"strzyżowski";"podkarpackie";1;1;444;944;323
2;"Gminna Biblioteka Publiczna w Czudcu, ul. Słoneczna 2, 38-120 Czudec";181901;"gm. Czudec";"strzyżowski";"podkarpackie";1;1;258;598;184
3;"Dom Ludowy w Babicy, Babica 97, 38-120 Czudec";181901;"gm. Czudec";"strzyżowski";"podkarpackie";1;1;214;381;109
4;"Zespół Szkół w Wyżnem, Wyżne 39, 38-120 Czudec";181901;"gm. Czudec";"strzyżowski";"podkarpackie";1;1;199;414;136
5;"Szkoła Podstawowa w Zaborowie, Zaborów 99, 38-100 Strzyżów";181901;"gm. Czudec";"strzyżowski";"podkarpackie";1;1;72;362;112
6;"Szkoła Podstawowa w Nowej Wsi, Nowa Wieś 152, 38-120 Czudec";181901;"gm. Czudec";"strzyżowski";"podkarpackie";1;1;94;292;74
7;"Zespół Szkół w Pstrągowej, Pstrągowa 105, 38-120 Czudec";181901;"gm. Czudec";"strzyżowski";"podkarpackie";1;1;165;659;175
8;"Dom Strażaka w Pstrągowej Woli, Pstrągowa 642, 38-120 Czudec";181901;"gm. Czudec";"strzyżowski";"podkarpackie";1;1;20;85;31
1;"Urząd Gminy we Frysztaku, ul. ks. Wojciecha Blajera 20, 38-130 Frysztak";181902;"gm. Frysztak";"strzyżowski";"podkarpackie";1;1;182;296;127
2;"Szkoła Podstawowa im. J. Wybickiego Nr 1 we Frysztaku, ul. Józefa Piętniewicza 7, 38-130 Frysztak";181902;"gm. Frysztak";"strzyżowski";"podkarpackie";1;1;136;415;152
3;"Szkoła Podstawowa w Gliniku Górnym, Glinik Górny 47, 38-131 Gogołów";181902;"gm. Frysztak";"strzyżowski";"podkarpackie";1;1;55;274;82
4;"Zespół Szkół w Gogołowie, Gogołów 316, 38-131 Gogołów";181902;"gm. Frysztak";"strzyżowski";"podkarpackie";1;1;99;325;87
5;"Budynek Wiejski w Hucie Gogołowskiej, Huta Gogołowska 69, 38-131 Gogołów";181902;"gm. Frysztak";"strzyżowski";"podkarpackie";1;1;8;107;19
6;"Zespół Szkół w Stępinie, Stępina 54, 38-125 Stępina";181902;"gm. Frysztak";"strzyżowski";"podkarpackie";1;1;48;221;63
7;"Szkoła Podstawowa w Cieszynie, Cieszyna 76, 38-125 Stępina";181902;"gm. Frysztak";"strzyżowski";"podkarpackie";1;1;151;281;96
8;"Budynek Wiejski w Pułankach, Pułanki 34, 38-130 Frysztak";181902;"gm. Frysztak";"strzyżowski";"podkarpackie";1;1;97;245;94
9;"Budynek Wiejski w Kobylu, Kobyle 1, 38-130 Frysztak";181902;"gm. Frysztak";"strzyżowski";"podkarpackie";1;1;50;167;69
10;"Gminny Ośrodek Kultury we Frysztaku, Twierdza 1, 38-130 Frysztak";181902;"gm. Frysztak";"strzyżowski";"podkarpackie";1;1;100;288;96
11;"Zespół Szkół w Lubli, Lubla 328, 38-130 Frysztak";181902;"gm. Frysztak";"strzyżowski";"podkarpackie";1;1;148;491;155
1;"Urząd Stanu Cywilnego Niebylec, Niebylec 183, 38-114 Niebylec";181903;"gm. Niebylec";"strzyżowski";"podkarpackie";1;1;81;189;42
2;"Szkoła Podstawowa im. Krzysztofa Kamila Baczyńskiego w Bliziance, Blizianka 72, 38-114 Niebylec";181903;"gm. Niebylec";"strzyżowski";"podkarpackie";1;1;24;141;31
3;"Dom Wiejski w Gwoździance, Gwoździanka 32, 38-114 Niebylec";181903;"gm. Niebylec";"strzyżowski";"podkarpackie";1;1;21;117;26
4;"Szkoła Podstawowa im. Jana Pawła II w Konieczkowej, Konieczkowa 58, 38-114 Niebylec";181903;"gm. Niebylec";"strzyżowski";"podkarpackie";1;1;95;519;100
5;"Dom Strażaka w Gwoźnicy Dolnej, Gwoźnica Dolna 91, 38-116 Gwoźnica Górna";181903;"gm. Niebylec";"strzyżowski";"podkarpackie";1;1;26;161;47
6;"Szkoła Podstawowa im. Juliana Przybosia w Gwoźnicy Górnej, Gwoźnica Górna 292, 38-116 Gwoźnica Górna";181903;"gm. Niebylec";"strzyżowski";"podkarpackie";1;1;114;462;117
7;"Zespół Szkół im. Św. Rodziny w Lutczy, Lutcza 614, 38-112 Lutcza";181903;"gm. Niebylec";"strzyżowski";"podkarpackie";1;1;159;771;304
8;"Szkoła Podstawowa im. św. Józefa Sebastiana Pelczara w Jaworniku, Jawornik 108, 38-114 Niebylec";181903;"gm. Niebylec";"strzyżowski";"podkarpackie";1;1;94;439;134
9;"Szkoła Podstawowa im. ks. kard. Stefana Wyszyńskiego w Połomi, Połomia 125, 38-115 Połomia";181903;"gm. Niebylec";"strzyżowski";"podkarpackie";1;1;167;518;161
10;"Szkoła Podstawowa im. bł. ks. Bronisława Markiewicza w Baryczce, Baryczka 213, 38-115 Połomia";181903;"gm. Niebylec";"strzyżowski";"podkarpackie";1;1;107;375;91
11;"Szkoła Podstawowa im. ks. Jana Twardowskiego w Niebylcu, Niebylec 11, 38-114 Niebylec";181903;"gm. Niebylec";"strzyżowski";"podkarpackie";1;1;21;94;15
1;"Szkoła Podstawowa Nr 1 w Strzyżowie, ul. gen. Wł. Andersa 4, 38-100 Strzyżów";181904;"gm. Strzyżów";"strzyżowski";"podkarpackie";1;1;350;389;169
2;"Zespół Szkół Technicznych w Strzyżowie, ul. Mickiewicza 11, 38-100 Strzyżów";181904;"gm. Strzyżów";"strzyżowski";"podkarpackie";1;1;423;524;203
3;"Szkoła Podstawowa Nr 2 z Oddziałami Dwujęzycznymi w Strzyżowie, ul. Daszyńskiego 4, 38-100 Strzyżów";181904;"gm. Strzyżów";"strzyżowski";"podkarpackie";1;1;283;458;169
4;"Przedszkole Samorządowe ""Michałki"" w Strzyżowie, ul. Zawale 11, 38-100 Strzyżów";181904;"gm. Strzyżów";"strzyżowski";"podkarpackie";1;1;127;200;57
5;"Dom Kultury ""Sokół"" w Strzyżowie, ul. Mostowa 2, 38-100 Strzyżów";181904;"gm. Strzyżów";"strzyżowski";"podkarpackie";1;1;378;445;182
6;"Szkoła Podstawowa w Brzeżance, Brzeżanka 50, 38-100 Strzyżów";181904;"gm. Strzyżów";"strzyżowski";"podkarpackie";1;1;37;83;35
7;"Remiza OSP w Gbiskach, Gbiska 25, 38-100 Strzyżów";181904;"gm. Strzyżów";"strzyżowski";"podkarpackie";1;1;39;65;42
8;"Budynek OSP w Tropii, Tropie 237, 38-100 Strzyżów";181904;"gm. Strzyżów";"strzyżowski";"podkarpackie";1;1;31;109;15
9;"Budynek OSP w Łętowni, Łętownia 34, 38-100 Strzyżów";181904;"gm. Strzyżów";"strzyżowski";"podkarpackie";1;1;20;57;23
10;"Szkoła Podstawowa w Gliniku Zaborowskim, Glinik Zaborowski 92, 38-100 Strzyżów";181904;"gm. Strzyżów";"strzyżowski";"podkarpackie";1;1;60;171;46
11;"Szkoła Podstawowa w Gliniku Charzewskim, Glinik Charzewski 91, 38-100 Strzyżów";181904;"gm. Strzyżów";"strzyżowski";"podkarpackie";1;1;53;271;57
12;"Szkoła Podstawowa w Żarnowej, Żarnowa 90, 38-100 Strzyżów";181904;"gm. Strzyżów";"strzyżowski";"podkarpackie";1;1;104;261;77
13;"Szkoła Podstawowa w Godowej, Godowa 261, 38-100 Strzyżów";181904;"gm. Strzyżów";"strzyżowski";"podkarpackie";1;1;196;657;176
14;"Szkoła Podstawowa w Żyznowie, Żyznów 124, 38-111 Żyznów";181904;"gm. Strzyżów";"strzyżowski";"podkarpackie";1;1;52;283;42
15;"Budynek OSP w Bonarówce, Bonarówka 56, 38-111 Żyznów";181904;"gm. Strzyżów";"strzyżowski";"podkarpackie";1;1;6;55;8
16;"Szkoła Podstawowa Nr 1 w Wysokiej Strzyżowskiej, Wysoka Strzyżowska 312, 38-123 Wysoka Strzyżowska";181904;"gm. Strzyżów";"strzyżowski";"podkarpackie";1;1;101;287;67
17;"Szkoła Podstawowa Nr 2 w Wysokiej Strzyżowskiej, Wysoka Strzyżowska 127, 38-123 Wysoka Strzyżowska";181904;"gm. Strzyżów";"strzyżowski";"podkarpackie";1;1;131;255;82
18;"Szkoła Podstawowa w Dobrzechowie, Dobrzechów 197, 38-100 Strzyżów";181904;"gm. Strzyżów";"strzyżowski";"podkarpackie";1;1;284;419;166
19;"Szkoła Podstawowa w Grodzisku, Grodzisko 30, 38-102 Grodzisko";181904;"gm. Strzyżów";"strzyżowski";"podkarpackie";1;1;71;333;81
20;"Dzienny Dom ""Senior-WIGOR"" w Zawadce, Zawadka 21, 38-102 Grodzisko";181904;"gm. Strzyżów";"strzyżowski";"podkarpackie";1;1;23;113;35
21;"""Za Górą"" Sp. z o. o. w Żyznowie, Żyznów 292D, 38-111 Żyznów";181904;"gm. Strzyżów";"strzyżowski";"podkarpackie";1;1;2;9;1
22;"Szpital Powiatowy w Strzyżowie, ul. 700-Lecia Strzyżowa 1, 38-100 Strzyżów";181904;"gm. Strzyżów";"strzyżowski";"podkarpackie";1;1;11;23;5
1;"Ośrodek Kultury w Wiśniowej, Wiśniowa 136, 38-124 Wiśniowa";181905;"gm. Wiśniowa";"strzyżowski";"podkarpackie";1;1;219;526;170
2;"Szkoła Podstawowa im. Batalionów Chłopskich w Różance, Różanka 43, 38-102 Grodzisko";181905;"gm. Wiśniowa";"strzyżowski";"podkarpackie";1;1;67;294;78
3;"Gminny Ośrodek Pomocy Społecznej w Wiśniowej, Niewodna 26, 38-124 Wiśniowa";181905;"gm. Wiśniowa";"strzyżowski";"podkarpackie";1;1;58;191;43
4;"Dom Strażaka w Tułkowicach, Tułkowice 54, 38-124 Wiśniowa";181905;"gm. Wiśniowa";"strzyżowski";"podkarpackie";1;1;60;122;43
5;"Dom Ludowy w Kalembinie, Kalembina 52, 38-124 Wiśniowa";181905;"gm. Wiśniowa";"strzyżowski";"podkarpackie";1;1;38;127;55
6;"Szkoła Podstawowa im. Wincentego Witosa w Markuszowej, Markuszowa 16, 38-126 Markuszowa";181905;"gm. Wiśniowa";"strzyżowski";"podkarpackie";1;1;62;79;242
7;"Szkoła Filialna w Pstrągówce, Pstrągówka 128, 38-124 Wiśniowa";181905;"gm. Wiśniowa";"strzyżowski";"podkarpackie";1;1;26;202;42
8;"Szkoła Podstawowa w Jaszczurowej, Jaszczurowa 31, 38-124 Wiśniowa";181905;"gm. Wiśniowa";"strzyżowski";"podkarpackie";1;1;17;79;13
9;"Szkoła Podstawowa im. Jana Pawła II w Szufnarowej, Szufnarowa 101, 38-124 Wiśniowa";181905;"gm. Wiśniowa";"strzyżowski";"podkarpackie";1;1;89;350;98
10;"Dom Strażaka w Kożuchowie, Kożuchów 39, 38-124 Wiśniowa";181905;"gm. Wiśniowa";"strzyżowski";"podkarpackie";1;1;49;123;34
11;"Szkoła Filialna w Kozłówku, Kozłówek 39, 38-126 Markuszowa";181905;"gm. Wiśniowa";"strzyżowski";"podkarpackie";1;1;39;133;42
12;"Dom Ludowy w Oparówce, Oparówka 10A, 38-123 Wysoka Strzyżowska";181905;"gm. Wiśniowa";"strzyżowski";"podkarpackie";1;1;16;60;14
13;"Dom Ludowy w Jazowej, Jazowa 11, 38-124 Wiśniowa";181905;"gm. Wiśniowa";"strzyżowski";"podkarpackie";1;1;40;127;34
